model,seed,condition,accuracy,macro_f1,weighted_f1,mae,pearson
gru_aug,17,clean,0.5796703296703297,0.5484905041455993,0.5749178459784763,0.6610105037689209,0.536321600051216
gru_aug,17,text_10_front,0.5782967032967034,0.5381299822355441,0.5684608346182096,0.6659809350967407,0.524006516806979
gru_aug,17,text_10_middle,0.5714285714285714,0.5357660235767874,0.5624253557190155,0.6700423359870911,0.5208876347752681
gru_aug,17,text_10_back,0.5659340659340659,0.5369845437889735,0.5626384738514303,0.6707485914230347,0.5242264831513085
gru_aug,17,text_30_front,0.554945054945055,0.5026597232342437,0.5358765790875617,0.6976034641265869,0.45458177109848924
gru_aug,17,text_30_middle,0.5508241758241759,0.5042009630217524,0.5345061121079296,0.6922346949577332,0.47003420994304157
gru_aug,17,text_30_back,0.5604395604395604,0.5229155451129719,0.5506596407962204,0.6842097043991089,0.4918251296592182
gru_aug,17,text_50_front,0.5302197802197802,0.45157444894286997,0.4947657605552342,0.724026083946228,0.40050071802314297
gru_aug,17,text_50_middle,0.5151098901098901,0.44772476244432474,0.48744489816309244,0.7230163216590881,0.4045829274530405
gru_aug,17,text_50_back,0.5260989010989011,0.47063588829710284,0.5038445337354583,0.7159399390220642,0.4107257101071664
gru_aug,17,audio_10_front,0.5686813186813187,0.5405124242986975,0.5667176427212536,0.6607086062431335,0.5400644504067407
gru_aug,17,audio_10_middle,0.5810439560439561,0.5525116460600331,0.5784038512592217,0.6571660041809082,0.5411470339392782
gru_aug,17,audio_10_back,0.5741758241758241,0.5441413597778998,0.5696961346364798,0.659065842628479,0.5391100735630332
gru_aug,17,audio_30_front,0.5604395604395604,0.5365068380824666,0.5610249129077219,0.6599255800247192,0.5441508231149217
gru_aug,17,audio_30_middle,0.5755494505494505,0.5465500002218304,0.5740471623836323,0.6544787883758545,0.5466399405578667
gru_aug,17,audio_30_back,0.5714285714285714,0.5437271459189549,0.5690296823297442,0.6583627462387085,0.5432235996947729
gru_aug,17,audio_50_front,0.570054945054945,0.5476566390582721,0.5719407683508398,0.6568313837051392,0.5496775925276082
gru_aug,17,audio_50_middle,0.5741758241758241,0.547242371154661,0.5739420593206097,0.6524311900138855,0.550935030445514
gru_aug,17,audio_50_back,0.5755494505494505,0.5487024849157343,0.574369976494338,0.6593003273010254,0.5443313582010614
gru_aug,17,vision_10_front,0.5824175824175825,0.5498090668266107,0.5764339060998979,0.6610351204872131,0.5365657624546459
gru_aug,17,vision_10_middle,0.5782967032967034,0.5497260164888225,0.5746580691909706,0.661166250705719,0.5355863676632627
gru_aug,17,vision_10_back,0.5796703296703297,0.5499651532873354,0.5753318376104397,0.6615588665008545,0.5359318642566862
gru_aug,17,vision_30_front,0.5810439560439561,0.5507519141297578,0.5763968522685139,0.6600011587142944,0.5365936410195415
gru_aug,17,vision_30_middle,0.5714285714285714,0.5419397558450314,0.568800658901427,0.6614339351654053,0.5344146330094605
gru_aug,17,vision_30_back,0.5865384615384616,0.558850864661272,0.5836693478389104,0.6630004048347473,0.5311667682370859
gru_aug,17,vision_50_front,0.5714285714285714,0.5430409280307799,0.5684905651348144,0.6603028178215027,0.5356779687327182
gru_aug,17,vision_50_middle,0.5782967032967034,0.5501985167626895,0.5758646969284449,0.6609668731689453,0.5333651741261342
gru_aug,17,vision_50_back,0.5782967032967034,0.5515121912918275,0.5770068937943895,0.6640774607658386,0.5278098620565824
gru_aug,17,audio_vision_30_sync,0.570054945054945,0.5464563772088925,0.5724393486048891,0.6532734632492065,0.5479094412861456
gru_aug,17,text_audio_30_sync,0.570054945054945,0.5283373362592666,0.558925178183051,0.6857917308807373,0.48476737120329133
gru_aug,17,audio_vision_30_offset,0.5728021978021978,0.5516332880581524,0.5749361096079928,0.6611353158950806,0.5389861536601136
gru_aug,17,audio_30_two_blocks,0.5673076923076923,0.5435968278097435,0.5681125511394494,0.6608628630638123,0.5420341641378144
gru_aug,29,clean,0.5824175824175825,0.5255038072110132,0.5592420383042738,0.6615644097328186,0.5402174016107021
gru_aug,29,text_10_front,0.5837912087912088,0.5287598956483254,0.5624343387595221,0.6713061928749084,0.5272799457552744
gru_aug,29,text_10_middle,0.5673076923076923,0.5210540725592662,0.5507622547661792,0.6690146327018738,0.5283445597022678
gru_aug,29,text_10_back,0.5645604395604396,0.5114919756868274,0.5446520421672147,0.6738512516021729,0.5249728797108035
gru_aug,29,text_30_front,0.5686813186813187,0.5181821833418602,0.550080055848071,0.6913771033287048,0.4801214576103864
gru_aug,29,text_30_middle,0.5480769230769231,0.5050910168139217,0.5356006701962527,0.6975634098052979,0.47299568439242184
gru_aug,29,text_30_back,0.5631868131868132,0.5188434908335608,0.5495582507129362,0.6901620626449585,0.5025577448320081
gru_aug,29,text_50_front,0.5398351648351648,0.48753305556643983,0.5225725887163526,0.7152619361877441,0.43332574978592775
gru_aug,29,text_50_middle,0.5137362637362637,0.46826468642732805,0.5015338365565429,0.7207359671592712,0.4230010904251128
gru_aug,29,text_50_back,0.5439560439560439,0.5071254545585991,0.5354898734119893,0.7148634791374207,0.4389931184691223
gru_aug,29,audio_10_front,0.5851648351648352,0.5333361135563497,0.5649272557576464,0.6600114703178406,0.5446019058385748
gru_aug,29,audio_10_middle,0.592032967032967,0.5369473862744826,0.5701660406955246,0.6585495471954346,0.5448985955295237
gru_aug,29,audio_10_back,0.5851648351648352,0.5307655011227824,0.563608352041995,0.660254180431366,0.5415544897128275
gru_aug,29,audio_30_front,0.5824175824175825,0.5369066994332438,0.5660046163529999,0.6586899161338806,0.5486904988705475
gru_aug,29,audio_30_middle,0.5934065934065934,0.5432225041769511,0.5755486533918514,0.6589751839637756,0.546913433308011
gru_aug,29,audio_30_back,0.5906593406593407,0.5381931415108888,0.5706712310792558,0.6575542092323303,0.5459896989809121
gru_aug,29,audio_50_front,0.5879120879120879,0.5430623989946024,0.5726443032971251,0.6607688069343567,0.5506647871303272
gru_aug,29,audio_50_middle,0.5989010989010989,0.550307553241933,0.5810898831938047,0.6624995470046997,0.5493607089671678
gru_aug,29,audio_50_back,0.5934065934065934,0.5392535937621141,0.5726606292978774,0.6606553196907043,0.5466226644630586
gru_aug,29,vision_10_front,0.5851648351648352,0.5309133116196519,0.5634153903667593,0.6602815985679626,0.5397315529973664
gru_aug,29,vision_10_middle,0.5879120879120879,0.5318976166899438,0.566113880015756,0.6605613827705383,0.5382561517531342
gru_aug,29,vision_10_back,0.5865384615384616,0.5313891609489093,0.5641424124577763,0.6607571840286255,0.5396754303302806
gru_aug,29,vision_30_front,0.5824175824175825,0.5276261765374937,0.5609368539536762,0.6589699983596802,0.5381776908628748
gru_aug,29,vision_30_middle,0.5879120879120879,0.5367289925291022,0.5684012906606871,0.6583408117294312,0.5370433626599441
gru_aug,29,vision_30_back,0.5769230769230769,0.5210608736461202,0.5547855153948077,0.661413848400116,0.5352425354563786
gru_aug,29,vision_50_front,0.5810439560439561,0.5301658535798586,0.5620130218446352,0.6616754531860352,0.5344281606627364
gru_aug,29,vision_50_middle,0.5782967032967034,0.5267603825223804,0.5594415332172967,0.6609107851982117,0.5341050595735624
gru_aug,29,vision_50_back,0.5824175824175825,0.5316672884395874,0.563441699678627,0.6626539826393127,0.5307194518634941
gru_aug,29,audio_vision_30_sync,0.5892857142857143,0.5375482668381659,0.5702614678835827,0.6611832976341248,0.5428587649132135
gru_aug,29,text_audio_30_sync,0.5494505494505495,0.5139671413801499,0.5420179265492157,0.6976950168609619,0.4785784417027094
gru_aug,29,audio_vision_30_offset,0.5782967032967034,0.5319279834311005,0.5625815756906224,0.6593087911605835,0.5440518833691764
gru_aug,29,audio_30_two_blocks,0.5879120879120879,0.5403773196803029,0.5701930625807833,0.659008800983429,0.5464633081952178
gru_aug,43,clean,0.5947802197802198,0.5328138365259137,0.5687222270575886,0.652826189994812,0.5679391523643481
gru_aug,43,text_10_front,0.5741758241758241,0.5069398942765777,0.5459064696968501,0.6566681265830994,0.5537475390089217
gru_aug,43,text_10_middle,0.5824175824175825,0.5191966424894836,0.5562179249153791,0.6607162952423096,0.5489434865565824
gru_aug,43,text_10_back,0.5851648351648352,0.5183193832288034,0.5567357829828238,0.6609873175621033,0.54772378534845
gru_aug,43,text_30_front,0.5659340659340659,0.488547582098493,0.5296289550788266,0.6789506077766418,0.4907502571587866
gru_aug,43,text_30_middle,0.5645604395604396,0.4981890959282263,0.5364533023911905,0.6765758991241455,0.5081501379541529
gru_aug,43,text_30_back,0.5659340659340659,0.4961988288996855,0.5365627227935742,0.6701192259788513,0.5326241209247675
gru_aug,43,text_50_front,0.5384615384615384,0.45267922651563275,0.49712647880636185,0.7017446756362915,0.442502079406635
gru_aug,43,text_50_middle,0.5370879120879121,0.459982118633617,0.5025222636224301,0.702125072479248,0.45443382768024154
gru_aug,43,text_50_back,0.5604395604395604,0.49115108965920723,0.5298352371630124,0.6975753307342529,0.45815591653137566
gru_aug,43,audio_10_front,0.5947802197802198,0.5372759107560173,0.5720606889550185,0.651089608669281,0.5686433077308575
gru_aug,43,audio_10_middle,0.5961538461538461,0.5399615237943431,0.5739538029278318,0.6511052250862122,0.5695903660800948
gru_aug,43,audio_10_back,0.5934065934065934,0.5343822917244521,0.5693773620647486,0.6514368057250977,0.5683825860441409
gru_aug,43,audio_30_front,0.5906593406593407,0.535394491321543,0.5701005493667239,0.6490165591239929,0.568813179881957
gru_aug,43,audio_30_middle,0.5934065934065934,0.5387198939180988,0.5730343106692076,0.6486225128173828,0.5700185406814781
gru_aug,43,audio_30_back,0.5892857142857143,0.5319403597697266,0.5665040241002904,0.6502619981765747,0.5683861938395592
gru_aug,43,audio_50_front,0.592032967032967,0.54132042377496,0.5747513522037839,0.6477447152137756,0.5685301613420423
gru_aug,43,audio_50_middle,0.5906593406593407,0.5399544088415505,0.5728567826940975,0.6483792662620544,0.567893391518202
gru_aug,43,audio_50_back,0.5975274725274725,0.5468831923511345,0.5783683296066819,0.6491134762763977,0.5685854904563401
gru_aug,43,vision_10_front,0.5947802197802198,0.5344599009756504,0.5699025456073037,0.6534174084663391,0.5688027912145511
gru_aug,43,vision_10_middle,0.592032967032967,0.5306306990881459,0.5665185251678413,0.6541018486022949,0.5692987241610427
gru_aug,43,vision_10_back,0.5947802197802198,0.5340957334192189,0.5697167753755051,0.6528411507606506,0.5688265208757074
gru_aug,43,vision_30_front,0.5906593406593407,0.528833915180869,0.5654982623795557,0.656050443649292,0.56889374897157
gru_aug,43,vision_30_middle,0.5824175824175825,0.520776977943958,0.5570570833450564,0.6571967005729675,0.5686884009661374
gru_aug,43,vision_30_back,0.5865384615384616,0.5246391791609875,0.5613532716148004,0.6557047367095947,0.5674989268436144
gru_aug,43,vision_50_front,0.5906593406593407,0.5300383403614938,0.5662178382971624,0.6611504554748535,0.5686537786559234
gru_aug,43,vision_50_middle,0.5782967032967034,0.5174382707637182,0.5540654260947094,0.6619022488594055,0.5668791126653162
gru_aug,43,vision_50_back,0.5851648351648352,0.5269816063207313,0.5623575150157527,0.6601327061653137,0.5648635336097019
gru_aug,43,audio_vision_30_sync,0.5782967032967034,0.5282594559719257,0.5621211132982644,0.6516562104225159,0.5710496170829157
gru_aug,43,text_audio_30_sync,0.5824175824175825,0.5298225724165296,0.5640063326504005,0.6776241064071655,0.5053208890798712
gru_aug,43,audio_vision_30_offset,0.5837912087912088,0.5331394728890541,0.5667353631578703,0.650934636592865,0.5684530161130678
gru_aug,43,audio_30_two_blocks,0.5961538461538461,0.5416907498874372,0.5750015848588133,0.6491990685462952,0.5694293392431996
gru_clean,17,clean,0.5618131868131868,0.530436965236812,0.557484691082213,0.6835631728172302,0.5373583439599199
gru_clean,17,text_10_front,0.5535714285714286,0.5203173690069729,0.5467484157360291,0.6935344934463501,0.5220978471136581
gru_clean,17,text_10_middle,0.5494505494505495,0.5148785909409618,0.5441317439842212,0.6988658905029297,0.5119791232771888
gru_clean,17,text_10_back,0.5576923076923077,0.528082706982623,0.5551419977500667,0.6973080635070801,0.5183619412089614
gru_clean,17,text_30_front,0.5357142857142857,0.5000004034145004,0.5280534842511412,0.744067370891571,0.42588071120044885
gru_clean,17,text_30_middle,0.5480769230769231,0.5204051109933463,0.545285227049933,0.7229586839675903,0.4523949324632674
gru_clean,17,text_30_back,0.5467032967032966,0.524959362035521,0.5460769786316015,0.7138019800186157,0.47409596520032304
gru_clean,17,text_50_front,0.5041208791208791,0.46644309349820706,0.4958727721260584,0.7870662212371826,0.3590818616201363
gru_clean,17,text_50_middle,0.5,0.4668713748270165,0.49598625546184716,0.7743481397628784,0.38277034491590933
gru_clean,17,text_50_back,0.4945054945054945,0.4674757685028899,0.4925887540321425,0.7652198672294617,0.399105143931549
gru_clean,17,audio_10_front,0.5714285714285714,0.5489384476594547,0.5730134454123187,0.6818712949752808,0.5424036395001267
gru_clean,17,audio_10_middle,0.5645604395604396,0.5424291848615291,0.5660181318084356,0.6778238415718079,0.5416274802782272
gru_clean,17,audio_10_back,0.5673076923076923,0.5398966989468215,0.5649495840059279,0.6814598441123962,0.5397034615826272
gru_clean,17,audio_30_front,0.5521978021978022,0.5437482527611118,0.5604942171492643,0.6820322871208191,0.5468990443780383
gru_clean,17,audio_30_middle,0.5782967032967034,0.5670550503538319,0.5844674489562665,0.6719337105751038,0.5497192737584466
gru_clean,17,audio_30_back,0.5521978021978022,0.53715211889005,0.5571968384106315,0.6816062927246094,0.541535132970064
gru_clean,17,audio_50_front,0.5343406593406593,0.534675538251657,0.5431604948020748,0.6827553510665894,0.5512589490604289
gru_clean,17,audio_50_middle,0.5618131868131868,0.5608501332559945,0.5710466574094559,0.669050931930542,0.5606172595086897
gru_clean,17,audio_50_back,0.5521978021978022,0.5477303896171747,0.5610012224232336,0.6791483759880066,0.5447769676950771
gru_clean,17,vision_10_front,0.5604395604395604,0.5269892859096595,0.5556552011477524,0.6796727776527405,0.5400396939585492
gru_clean,17,vision_10_middle,0.5576923076923077,0.526993461419691,0.5541929271437468,0.6796984076499939,0.5382970122179621
gru_clean,17,vision_10_back,0.5631868131868132,0.5326678968655107,0.5596941535028739,0.6828077435493469,0.5367396244716496
gru_clean,17,vision_30_front,0.5659340659340659,0.5348432407679747,0.5626264325440683,0.6739464402198792,0.5394543384542001
gru_clean,17,vision_30_middle,0.5659340659340659,0.5327745177055953,0.5618730940878448,0.6724921464920044,0.5386946928065195
gru_clean,17,vision_30_back,0.5769230769230769,0.5473721534662376,0.574351809392793,0.6801335215568542,0.532419600214488
gru_clean,17,vision_50_front,0.5769230769230769,0.5481697685743928,0.5753226848423126,0.6697847247123718,0.5403537887925214
gru_clean,17,vision_50_middle,0.5741758241758241,0.5479151205972194,0.5729611440245107,0.6710999608039856,0.5365917740147953
gru_clean,17,vision_50_back,0.5810439560439561,0.5560365982621013,0.580569456410698,0.678877592086792,0.5265664077111732
gru_clean,17,audio_vision_30_sync,0.5796703296703297,0.5697824276518006,0.5865564986078121,0.6606375575065613,0.5538048834046694
gru_clean,17,text_audio_30_sync,0.5247252747252747,0.5120337218320118,0.5329516898794903,0.7094674706459045,0.47873002599469777
gru_clean,17,audio_vision_30_offset,0.5590659340659341,0.5534527524191597,0.5684437123548878,0.6758595108985901,0.5417583827566695
gru_clean,17,audio_30_two_blocks,0.5590659340659341,0.5443139713486278,0.5641958930643461,0.6822903156280518,0.542495285381056
gru_clean,29,clean,0.5686813186813187,0.5442978353364497,0.5684748585469338,0.6726223230361938,0.5394322550729788
gru_clean,29,text_10_front,0.5494505494505495,0.5285330084248376,0.5516728438794976,0.6817218065261841,0.5219624381087336
gru_clean,29,text_10_middle,0.5480769230769231,0.5272930094864967,0.5501961881334412,0.6815612316131592,0.5248397842667817
gru_clean,29,text_10_back,0.5467032967032966,0.5227338175039598,0.5479339156630438,0.6821090579032898,0.5201865232737296
gru_clean,29,text_30_front,0.5412087912087912,0.5204626005541337,0.5444412032349267,0.7115857601165771,0.44839768782262085
gru_clean,29,text_30_middle,0.5192307692307693,0.5024332069523839,0.524700916985202,0.705390453338623,0.46019734498856874
gru_clean,29,text_30_back,0.521978021978022,0.507365224740172,0.5279136555980372,0.6983568072319031,0.48920884309403695
gru_clean,29,text_50_front,0.4835164835164835,0.4704784529101021,0.4919251257876191,0.734657347202301,0.39535535225342994
gru_clean,29,text_50_middle,0.4835164835164835,0.4700116371314081,0.491423079528985,0.7301306128501892,0.3976104372672983
gru_clean,29,text_50_back,0.489010989010989,0.4788511507863276,0.49723802631447733,0.719795823097229,0.42962366649334793
gru_clean,29,audio_10_front,0.5645604395604396,0.5452131570492516,0.5670015309756584,0.6714574098587036,0.5427433597786037
gru_clean,29,audio_10_middle,0.5673076923076923,0.5497551216247831,0.57055583527903,0.6672936081886292,0.5480469129941377
gru_clean,29,audio_10_back,0.5673076923076923,0.5479337042769271,0.5691751075130315,0.6707084774971008,0.5422116895893768
gru_clean,29,audio_30_front,0.5494505494505495,0.5418878175986406,0.5572209208662686,0.6684001088142395,0.5500896976770283
gru_clean,29,audio_30_middle,0.5535714285714286,0.5455989428520804,0.5606304889606952,0.6649789214134216,0.554076624841997
gru_clean,29,audio_30_back,0.5576923076923077,0.5476525212347957,0.5642296748162319,0.6646571755409241,0.5522688299526064
gru_clean,29,audio_50_front,0.5082417582417582,0.5119366134097642,0.5155028034050564,0.6684028506278992,0.5549454810824027
gru_clean,29,audio_50_middle,0.5315934065934066,0.5337044918791224,0.5398077561694871,0.6647199988365173,0.5627441861959745
gru_clean,29,audio_50_back,0.5521978021978022,0.5510762753485622,0.5595594969187005,0.6665990948677063,0.5552093335197562
gru_clean,29,vision_10_front,0.5659340659340659,0.5405017341542276,0.5649802772597946,0.6716973185539246,0.5387341607763168
gru_clean,29,vision_10_middle,0.5686813186813187,0.5449741817918986,0.5689248990773247,0.6700717806816101,0.5397116599366484
gru_clean,29,vision_10_back,0.5686813186813187,0.5455625219819793,0.569242033671425,0.6729615330696106,0.5386987700727304
gru_clean,29,vision_30_front,0.5659340659340659,0.5380474659099109,0.563945493174445,0.6678531169891357,0.5412895890823495
gru_clean,29,vision_30_middle,0.5576923076923077,0.5316324281346669,0.5575670535876052,0.6689509153366089,0.539141389809398
gru_clean,29,vision_30_back,0.5673076923076923,0.5403201195638428,0.5663703931498777,0.6754769682884216,0.5312380873148788
gru_clean,29,vision_50_front,0.5535714285714286,0.5231048710255729,0.5504693940748401,0.6710382699966431,0.5393959691172554
gru_clean,29,vision_50_middle,0.5480769230769231,0.5196528253445373,0.547946659105392,0.6747255325317383,0.5339728678614529
gru_clean,29,vision_50_back,0.5576923076923077,0.5317884773352364,0.5574864139497984,0.6808069944381714,0.5244457860820507
gru_clean,29,audio_vision_30_sync,0.5425824175824175,0.5365592795383736,0.5510993348916445,0.6625113487243652,0.5574950711064915
gru_clean,29,text_audio_30_sync,0.4958791208791209,0.4942665328060865,0.5061902825594509,0.703448474407196,0.462908032777229
gru_clean,29,audio_vision_30_offset,0.5288461538461539,0.5234764296202586,0.5387827510249663,0.667595386505127,0.5426651331435306
gru_clean,29,audio_30_two_blocks,0.554945054945055,0.5443510248698865,0.5613152976772886,0.6683288216590881,0.5466356270394497
gru_clean,43,clean,0.5947802197802198,0.5290010644779036,0.5663668822524408,0.657414972782135,0.5707213213627496
gru_clean,43,text_10_front,0.5824175824175825,0.5188070232551518,0.557156594641164,0.6579201817512512,0.5521713780184211
gru_clean,43,text_10_middle,0.5824175824175825,0.5197698195977295,0.5566738030951109,0.6603649854660034,0.5508116623910828
gru_clean,43,text_10_back,0.5782967032967034,0.5119267982698891,0.5505110361472978,0.6616857051849365,0.5494257767690643
gru_clean,43,text_30_front,0.5645604395604396,0.5048566690357735,0.5408182790912002,0.6844999194145203,0.4829910428311841
gru_clean,43,text_30_middle,0.5576923076923077,0.5029002628000655,0.5384297077862319,0.6788387298583984,0.5051053302881797
gru_clean,43,text_30_back,0.5563186813186813,0.49601877934272304,0.5345865965020894,0.6727890372276306,0.5258027738862772
gru_clean,43,text_50_front,0.5425824175824175,0.4949178328860914,0.5283211124068441,0.7328209280967712,0.4227384611430712
gru_clean,43,text_50_middle,0.5288461538461539,0.4779906592809818,0.5132322337161046,0.7267395853996277,0.43606650303137173
gru_clean,43,text_50_back,0.5535714285714286,0.5072121220371715,0.5399116394338975,0.7182417511940002,0.44451712101795066
gru_clean,43,audio_10_front,0.6016483516483516,0.5386633835682839,0.5749748095614132,0.6546663641929626,0.5716419168662258
gru_clean,43,audio_10_middle,0.603021978021978,0.5396512664023034,0.5759581045690729,0.6542650461196899,0.5728036722713015
gru_clean,43,audio_10_back,0.5961538461538461,0.5329162172966948,0.5692261292846802,0.6551461815834045,0.571786481415001
gru_clean,43,audio_30_front,0.5989010989010989,0.5396556447540383,0.5754378616364559,0.6498337984085083,0.5718705666031081
gru_clean,43,audio_30_middle,0.5975274725274725,0.5385213327783535,0.5734459999647704,0.6489431858062744,0.5728983304180632
gru_clean,43,audio_30_back,0.6043956043956044,0.5438070007494972,0.5789429642465107,0.6512231230735779,0.5721541077898091
gru_clean,43,audio_50_front,0.5934065934065934,0.5353308110680781,0.5711676696314634,0.645783543586731,0.5706448443938281
gru_clean,43,audio_50_middle,0.5961538461538461,0.539755632931534,0.574202802522971,0.6468988060951233,0.5699682071615458
gru_clean,43,audio_50_back,0.6016483516483516,0.5439497039532791,0.5777471964121241,0.6471405625343323,0.5717135460275538
gru_clean,43,vision_10_front,0.5947802197802198,0.5296297905971435,0.5665391154253627,0.6594781279563904,0.5713854149209382
gru_clean,43,vision_10_middle,0.5947802197802198,0.5298655359476749,0.5665844290695894,0.6601688861846924,0.5717298379142204
gru_clean,43,vision_10_back,0.5947802197802198,0.5315526718404416,0.5677569831949625,0.6583426594734192,0.5714329349130485
gru_clean,43,vision_30_front,0.5934065934065934,0.5263143875543772,0.5640546152099497,0.6647731065750122,0.5712788255467677
gru_clean,43,vision_30_middle,0.5906593406593407,0.5223629553966633,0.5605773440043103,0.6657713651657104,0.5705679623365602
gru_clean,43,vision_30_back,0.5961538461538461,0.5302463307279504,0.5675181749282073,0.6635132431983948,0.5690573767978374
gru_clean,43,vision_50_front,0.5865384615384616,0.5157564058911562,0.5550752297328402,0.673372745513916,0.5700558726098864
gru_clean,43,vision_50_middle,0.5892857142857143,0.523091397073182,0.5606833770070595,0.6736214756965637,0.5679006940605157
gru_clean,43,vision_50_back,0.5865384615384616,0.5218254327298696,0.559065596193147,0.6706560254096985,0.5661712130982265
gru_clean,43,audio_vision_30_sync,0.5879120879120879,0.5272104450717392,0.5629702302641916,0.6591187119483948,0.5725164449778535
gru_clean,43,text_audio_30_sync,0.5824175824175825,0.5394376945185285,0.5705412671462655,0.6968609094619751,0.5030101399797196
gru_clean,43,audio_vision_30_offset,0.5947802197802198,0.5337726971549339,0.5704259033180865,0.6536917686462402,0.57049628778885
gru_clean,43,audio_30_two_blocks,0.603021978021978,0.5418786919968421,0.5778459690533382,0.6513501405715942,0.5728540580878532
mlp,17,clean,0.5810439560439561,0.5530160308488236,0.5790331899140815,0.6697088479995728,0.5404042941594794
mlp,17,text_10_front,0.5769230769230769,0.5475189737940948,0.5748225477605465,0.6745413541793823,0.5294490211528788
mlp,17,text_10_middle,0.5645604395604396,0.5359947772869188,0.5619794583348701,0.678032398223877,0.5287770397443335
mlp,17,text_10_back,0.554945054945055,0.5271330582646756,0.5538592993668273,0.6810609102249146,0.5252934484299427
mlp,17,text_30_front,0.5563186813186813,0.5295982941694661,0.5561599236193501,0.699383020401001,0.4857759353863067
mlp,17,text_30_middle,0.5480769230769231,0.525598861191951,0.5497213182391235,0.6932182312011719,0.504130328148502
mlp,17,text_30_back,0.5508241758241759,0.527729991001422,0.553037379382022,0.6823195815086365,0.5237306259064722
mlp,17,text_50_front,0.5425824175824175,0.5207739893735663,0.5464355150326755,0.7282331585884094,0.45423091656942927
mlp,17,text_50_middle,0.5233516483516484,0.5063360998117327,0.52869978572049,0.709991455078125,0.4830733682399862
mlp,17,text_50_back,0.5343406593406593,0.5165291357088819,0.5396578939484489,0.7025058269500732,0.48688624239291795
mlp,17,audio_10_front,0.5755494505494505,0.5482213411230731,0.5737762537516438,0.6696669459342957,0.5401720881971548
mlp,17,audio_10_middle,0.5824175824175825,0.5537440615437038,0.5799319119418788,0.6681786775588989,0.5406875594740691
mlp,17,audio_10_back,0.5769230769230769,0.5484075473905429,0.574467088714128,0.6698671579360962,0.5393448769608896
mlp,17,audio_30_front,0.5728021978021978,0.5477173964591516,0.5718010086228382,0.6722820401191711,0.5371608637917086
mlp,17,audio_30_middle,0.5796703296703297,0.5520798889364231,0.5779555270834594,0.6684442758560181,0.54015950654239
mlp,17,audio_30_back,0.570054945054945,0.541182370519084,0.567327204824967,0.6686568856239319,0.5405223961131483
mlp,17,audio_50_front,0.5782967032967034,0.5543584859704197,0.5781477428163346,0.6742523312568665,0.5355474401284019
mlp,17,audio_50_middle,0.5824175824175825,0.5540458436895884,0.5798323879931171,0.6688310503959656,0.5391908105702232
mlp,17,audio_50_back,0.5741758241758241,0.5428543069566399,0.569800052538012,0.6687750220298767,0.5381061187218156
mlp,17,vision_10_front,0.5810439560439561,0.5528052377461009,0.5783852771358454,0.6692355871200562,0.54117885817338
mlp,17,vision_10_middle,0.5851648351648352,0.5571992110453649,0.5826923076923077,0.6696004271507263,0.5403677838647558
mlp,17,vision_10_back,0.5851648351648352,0.5575740743312364,0.5835533521206543,0.6705700159072876,0.5400562107239119
mlp,17,vision_30_front,0.5837912087912088,0.5546676316366156,0.5807538337079491,0.6692211031913757,0.5404292608561664
mlp,17,vision_30_middle,0.5837912087912088,0.5557001940043276,0.5812052828444588,0.6687666773796082,0.5405188365674737
mlp,17,vision_30_back,0.5865384615384616,0.5598969365495875,0.585728294166219,0.6725565791130066,0.5377002516432364
mlp,17,vision_50_front,0.5865384615384616,0.5571222266606921,0.5829083311377524,0.6690958738327026,0.5399097036286988
mlp,17,vision_50_middle,0.5796703296703297,0.5503729304312651,0.5768161406429533,0.6688371896743774,0.5400264130199532
mlp,17,vision_50_back,0.5824175824175825,0.5551569735254125,0.5807819571862408,0.6724249720573425,0.5367867295623213
mlp,17,audio_vision_30_sync,0.5755494505494505,0.5472378867973372,0.5736159992699401,0.6677709817886353,0.5402302628568042
mlp,17,text_audio_30_sync,0.5412087912087912,0.5194740759688529,0.5432233811802694,0.6923500299453735,0.5037191408180991
mlp,17,audio_vision_30_offset,0.5714285714285714,0.5473657383558952,0.5714861477040044,0.6754637360572815,0.5343536691503722
mlp,17,audio_30_two_blocks,0.5728021978021978,0.5430510097297258,0.5702662765201028,0.6714110970497131,0.5375944008873269
mlp,29,clean,0.5906593406593407,0.5458417882063202,0.5739605150258537,0.6648115515708923,0.540896793316167
mlp,29,text_10_front,0.5892857142857143,0.5454638205621657,0.5750471518933038,0.668718159198761,0.5298282993648082
mlp,29,text_10_middle,0.5865384615384616,0.5423844785388592,0.5714340249254448,0.6742466688156128,0.5298280884876413
mlp,29,text_10_back,0.5769230769230769,0.5377214905956614,0.5650075536466481,0.6735570430755615,0.5232836289413114
mlp,29,text_30_front,0.5659340659340659,0.5223397274589723,0.5544584783434092,0.6895532608032227,0.4873275246366108
mlp,29,text_30_middle,0.5728021978021978,0.5372873124475627,0.56463013008588,0.6922724843025208,0.4970908556654463
mlp,29,text_30_back,0.5782967032967034,0.5460795655786271,0.5716379409733373,0.6788361072540283,0.5178270975490096
mlp,29,text_50_front,0.5521978021978022,0.5198039208106816,0.5478998764512596,0.7258374691009521,0.45201325049562285
mlp,29,text_50_middle,0.554945054945055,0.5314373836102831,0.5543024021226529,0.7134721279144287,0.47147943579416196
mlp,29,text_50_back,0.5659340659340659,0.5428706639824394,0.5645724222832091,0.695131242275238,0.4841394814291487
mlp,29,audio_10_front,0.5892857142857143,0.5462308296019952,0.5745108610783345,0.6652403473854065,0.5394909652943125
mlp,29,audio_10_middle,0.5879120879120879,0.5437965298596011,0.5723698415462223,0.6641480326652527,0.5419475189492066
mlp,29,audio_10_back,0.5879120879120879,0.5415467716694432,0.5701708181262929,0.664979100227356,0.5391537194964381
mlp,29,audio_30_front,0.5934065934065934,0.5537880781283763,0.581137921800858,0.6677518486976624,0.5377672066221141
mlp,29,audio_30_middle,0.5906593406593407,0.5441542690147071,0.5736695099489212,0.6634016036987305,0.5420640318401763
mlp,29,audio_30_back,0.5892857142857143,0.5401646632980782,0.5704370496904156,0.6642141938209534,0.53925698606211
mlp,29,audio_50_front,0.5934065934065934,0.5536551932551331,0.5817510621428503,0.6688652634620667,0.5373103521959727
mlp,29,audio_50_middle,0.5892857142857143,0.5422755535113805,0.5727101332941336,0.6635944247245789,0.5425925377474085
mlp,29,audio_50_back,0.5879120879120879,0.5413709005932074,0.57024749759818,0.6645488739013672,0.5383003858742349
mlp,29,vision_10_front,0.5934065934065934,0.5501358024449874,0.5777967489480259,0.6649347543716431,0.5410279806981958
mlp,29,vision_10_middle,0.5906593406593407,0.5445778575067618,0.5731495553425431,0.6649746894836426,0.5412323223284803
mlp,29,vision_10_back,0.5879120879120879,0.5413462764444531,0.5704020161249905,0.6654910445213318,0.540518123681424
mlp,29,vision_30_front,0.5934065934065934,0.5492370586578857,0.5772388936541362,0.6652156114578247,0.5396361691878834
mlp,29,vision_30_middle,0.5851648351648352,0.5413178316787063,0.569279990666556,0.665661096572876,0.5413245612883978
mlp,29,vision_30_back,0.5906593406593407,0.5445904422268181,0.5741635954609403,0.6670159101486206,0.5385125409676482
mlp,29,vision_50_front,0.5934065934065934,0.5484635177632472,0.5765854210152638,0.6659536957740784,0.5386006018927797
mlp,29,vision_50_middle,0.5810439560439561,0.5380534383299245,0.5657487093599053,0.6664706468582153,0.5402361542137215
mlp,29,vision_50_back,0.5892857142857143,0.5446078740820234,0.5737588369587613,0.6676010489463806,0.5380989485539854
mlp,29,audio_vision_30_sync,0.5892857142857143,0.5439701660797508,0.572563854636699,0.664012610912323,0.5425030014240108
mlp,29,text_audio_30_sync,0.5728021978021978,0.5372447590227221,0.5640387743806734,0.6908169388771057,0.49816539513065167
mlp,29,audio_vision_30_offset,0.5892857142857143,0.5487834229747249,0.5772614626557993,0.6696048378944397,0.5355058020073855
mlp,29,audio_30_two_blocks,0.5879120879120879,0.5415740324114435,0.5708362374132643,0.6671443581581116,0.5355183011795817
mlp,43,clean,0.5810439560439561,0.5258944815592209,0.5605175951569146,0.6660442352294922,0.5421080739750903
mlp,43,text_10_front,0.5728021978021978,0.5153554587072536,0.5523509527286214,0.6700770854949951,0.5302579277314399
mlp,43,text_10_middle,0.5741758241758241,0.5231870508479419,0.55672892421699,0.6762575507164001,0.5313718626827475
mlp,43,text_10_back,0.5824175824175825,0.5302098319818451,0.5645277849093991,0.6752743721008301,0.5273085728779658
mlp,43,text_30_front,0.5563186813186813,0.49853981197986613,0.536882814285056,0.6866416335105896,0.4907458368299095
mlp,43,text_30_middle,0.570054945054945,0.523246143954328,0.5551290359173437,0.685366690158844,0.5064027069124108
mlp,43,text_30_back,0.5563186813186813,0.5045418349766176,0.5401483132252363,0.6784008145332336,0.5225818368779696
mlp,43,text_50_front,0.5563186813186813,0.5148802057524523,0.5459876949908304,0.7154213190078735,0.45704795467931847
mlp,43,text_50_middle,0.5508241758241759,0.5109806934265858,0.5423219556211422,0.6970981359481812,0.48844632251935094
mlp,43,text_50_back,0.5315934065934066,0.48765191472886715,0.521181019043009,0.694275438785553,0.48852425647308684
mlp,43,audio_10_front,0.5782967032967034,0.5255881428074699,0.5590111087571987,0.6661537289619446,0.5420689635217331
mlp,43,audio_10_middle,0.5865384615384616,0.5340218938903752,0.5670394890438024,0.665561318397522,0.5425069945573764
mlp,43,audio_10_back,0.5796703296703297,0.5256303899691387,0.5597120062104817,0.6665316820144653,0.5412152413518354
mlp,43,audio_30_front,0.5810439560439561,0.5305646487090571,0.5634039408381637,0.6681034564971924,0.5399071354694213
mlp,43,audio_30_middle,0.592032967032967,0.5395768819105742,0.5728206604578664,0.6655389070510864,0.5418475092108302
mlp,43,audio_30_back,0.5728021978021978,0.5191147099371025,0.5529314582287193,0.6676809191703796,0.5419073597654919
mlp,43,audio_50_front,0.5741758241758241,0.5243805698493252,0.5584794130265406,0.6699362397193909,0.5390213506166098
mlp,43,audio_50_middle,0.5961538461538461,0.5426396473048607,0.5761684118765908,0.6667605042457581,0.5391605301017759
mlp,43,audio_50_back,0.570054945054945,0.5178421930163007,0.5508300899575803,0.6687164902687073,0.5387591459551847
mlp,43,vision_10_front,0.5824175824175825,0.528083928083928,0.5623638909353195,0.6654484272003174,0.542847511860364
mlp,43,vision_10_middle,0.5810439560439561,0.5258944815592209,0.5605175951569146,0.6665316820144653,0.54227568389065
mlp,43,vision_10_back,0.5824175824175825,0.5293141906045132,0.5631245949218299,0.6669942140579224,0.5421240222549042
mlp,43,vision_30_front,0.5824175824175825,0.529772302111926,0.5631357158458768,0.6664556860923767,0.5407400972697202
mlp,43,vision_30_middle,0.5810439560439561,0.5266899552613838,0.5609194078581834,0.6659315824508667,0.5426309574198417
mlp,43,vision_30_back,0.5851648351648352,0.5345276432430617,0.5671471412526008,0.6681575775146484,0.5405912869170528
mlp,43,vision_50_front,0.5796703296703297,0.5250077272560107,0.5590721001762737,0.667231023311615,0.5395937156043078
mlp,43,vision_50_middle,0.5769230769230769,0.5225306840554489,0.5564033646633912,0.6660248637199402,0.542613973457512
mlp,43,vision_50_back,0.5810439560439561,0.5287317657917519,0.562172558600367,0.6685927510261536,0.5404397048712009
mlp,43,audio_vision_30_sync,0.5879120879120879,0.5332495699895,0.5680569493943751,0.665352463722229,0.5423489154116469
mlp,43,text_audio_30_sync,0.570054945054945,0.5219957561563595,0.5551946919256227,0.6843590140342712,0.5061703128482652
mlp,43,audio_vision_30_offset,0.5769230769230769,0.5257708780979309,0.5599240425449937,0.6701540946960449,0.5383529904248862
mlp,43,audio_30_two_blocks,0.5796703296703297,0.527756922378086,0.5613471462556341,0.6674185395240784,0.5403573097797475
smooth_aug,17,clean,0.5824175824175825,0.5417626951635423,0.5698714189863917,0.6686962842941284,0.5364576833493782
smooth_aug,17,text_10_front,0.5769230769230769,0.532671654705553,0.562615800751394,0.6784772872924805,0.5195699718201293
smooth_aug,17,text_10_middle,0.5769230769230769,0.5348432396487316,0.5639926288579694,0.6764375567436218,0.5218266668200625
smooth_aug,17,text_10_back,0.5769230769230769,0.5355855514298428,0.5655898645010005,0.6783380508422852,0.5206157570403048
smooth_aug,17,text_30_front,0.5576923076923077,0.5154476207072868,0.5453543809105106,0.7068273425102234,0.4592257940644141
smooth_aug,17,text_30_middle,0.5439560439560439,0.5041170002966161,0.5334738631062512,0.7061842083930969,0.457554840121059
smooth_aug,17,text_30_back,0.5590659340659341,0.5204577305096095,0.5475150527316992,0.6999458074569702,0.48026919768712467
smooth_aug,17,text_50_front,0.5274725274725275,0.48291021156088626,0.5151842622644721,0.7333384156227112,0.4045609555888658
smooth_aug,17,text_50_middle,0.5054945054945055,0.4654453347790503,0.49587673853246883,0.7380303740501404,0.3890289961241983
smooth_aug,17,text_50_back,0.5412087912087912,0.5053691240811143,0.5312457738972491,0.7343164682388306,0.3944260581753305
smooth_aug,17,audio_10_front,0.5714285714285714,0.5325239891217027,0.5611057757838099,0.6675161123275757,0.5416155547972954
smooth_aug,17,audio_10_middle,0.5782967032967034,0.5412676260718866,0.5683108790796413,0.6648911833763123,0.5421951104286783
smooth_aug,17,audio_10_back,0.5810439560439561,0.5397265973041397,0.5688627874279549,0.6662850975990295,0.5410897133107058
smooth_aug,17,audio_30_front,0.5782967032967034,0.5453189038094698,0.5721849259585108,0.6671290993690491,0.5465447503766726
smooth_aug,17,audio_30_middle,0.5755494505494505,0.5412874566861178,0.5694825680044356,0.662964403629303,0.5494694793078783
smooth_aug,17,audio_30_back,0.5782967032967034,0.5374544726047965,0.5668336560635543,0.6642183065414429,0.5498106169114588
smooth_aug,17,audio_50_front,0.5728021978021978,0.5455468488581358,0.5711463854828003,0.6676977872848511,0.551081570522543
smooth_aug,17,audio_50_middle,0.5796703296703297,0.5508519638150217,0.5770471539698367,0.6675665378570557,0.551747161837006
smooth_aug,17,audio_50_back,0.5728021978021978,0.537211689075507,0.5654957618078583,0.6671542525291443,0.5512970105329456
smooth_aug,17,vision_10_front,0.5865384615384616,0.5480413840226924,0.5755416720203103,0.6687384247779846,0.5369265196680646
smooth_aug,17,vision_10_middle,0.5865384615384616,0.5475886741860131,0.5752081192756703,0.6685952544212341,0.5366799194321535
smooth_aug,17,vision_10_back,0.5796703296703297,0.540090498657256,0.5679927203947966,0.6696496605873108,0.5361353393248045
smooth_aug,17,vision_30_front,0.5810439560439561,0.5430152811420147,0.5708960979141502,0.6691997051239014,0.5380142678218482
smooth_aug,17,vision_30_middle,0.5879120879120879,0.5519224244538913,0.5787038568770992,0.6709869503974915,0.5348009414827956
smooth_aug,17,vision_30_back,0.5796703296703297,0.542994042994043,0.5706702688202201,0.6724799871444702,0.5305811312164707
smooth_aug,17,vision_50_front,0.5755494505494505,0.5387654703480984,0.5667089671760539,0.6728759407997131,0.5354157976940908
smooth_aug,17,vision_50_middle,0.5796703296703297,0.5443902553563571,0.572325590140211,0.6743724346160889,0.5305800074358268
smooth_aug,17,vision_50_back,0.5810439560439561,0.546989081501816,0.5741509181344472,0.6751986145973206,0.5245773549500037
smooth_aug,17,audio_vision_30_sync,0.5782967032967034,0.5545361858353764,0.579707756341536,0.6712767481803894,0.5512608774977107
smooth_aug,17,text_audio_30_sync,0.5508241758241759,0.514271107477736,0.5432380022730037,0.7090933918952942,0.46905317787953843
smooth_aug,17,audio_vision_30_offset,0.5686813186813187,0.5377788619029521,0.564996838990567,0.6707638502120972,0.5412437396852696
smooth_aug,17,audio_30_two_blocks,0.5741758241758241,0.5399885941437428,0.5668007701880241,0.6665198802947998,0.5462878725179735
smooth_aug,29,clean,0.5824175824175825,0.536958560160088,0.5669813826424139,0.6557283997535706,0.5509505548969137
smooth_aug,29,text_10_front,0.5673076923076923,0.520458251299014,0.5523934154382164,0.6679816842079163,0.5364575334378483
smooth_aug,29,text_10_middle,0.5659340659340659,0.5205966658300323,0.5520432716666226,0.668756365776062,0.5363025905837128
smooth_aug,29,text_10_back,0.5728021978021978,0.5275387846631886,0.558530421552079,0.6693183779716492,0.5350536307545238
smooth_aug,29,text_30_front,0.5590659340659341,0.5194141110148516,0.5482377594837762,0.6971539258956909,0.48296202258889936
smooth_aug,29,text_30_middle,0.521978021978022,0.4836686956225374,0.5150692349492383,0.7054451704025269,0.469521236465722
smooth_aug,29,text_30_back,0.5521978021978022,0.5173385801970131,0.5443487762828423,0.6991328001022339,0.5041708312236646
smooth_aug,29,text_50_front,0.5260989010989011,0.49222744578935834,0.5206594114108071,0.7297252416610718,0.4309758122536729
smooth_aug,29,text_50_middle,0.49725274725274726,0.4680229525299948,0.49669469810314876,0.7412607669830322,0.41315881203295574
smooth_aug,29,text_50_back,0.5233516483516484,0.5009922479704914,0.5232378434067961,0.7383900880813599,0.4282096132551994
smooth_aug,29,audio_10_front,0.5824175824175825,0.5380478916114648,0.5679803160374257,0.6557491421699524,0.5532513828927516
smooth_aug,29,audio_10_middle,0.5851648351648352,0.53920002960898,0.5699165485239351,0.6538622379302979,0.5554802375012724
smooth_aug,29,audio_10_back,0.5837912087912088,0.5391214470284238,0.5692212484278149,0.6548802256584167,0.5521015532672157
smooth_aug,29,audio_30_front,0.5741758241758241,0.533911294232898,0.5630466939048511,0.6568396687507629,0.5555546953771137
smooth_aug,29,audio_30_middle,0.5851648351648352,0.5403061396359002,0.5709407719312054,0.6554672122001648,0.5569919563336424
smooth_aug,29,audio_30_back,0.5824175824175825,0.5394490269646475,0.5690843304259249,0.6537796854972839,0.5542286970033033
smooth_aug,29,audio_50_front,0.5796703296703297,0.5394309030162421,0.5683170231257697,0.6610183715820312,0.5553442088295064
smooth_aug,29,audio_50_middle,0.5865384615384616,0.5444596388887454,0.5740244780477722,0.6613093614578247,0.5547984446738189
smooth_aug,29,audio_50_back,0.5865384615384616,0.5461931694915773,0.5743579267215931,0.6595144867897034,0.553237684422177
smooth_aug,29,vision_10_front,0.5810439560439561,0.5371437860289472,0.5667840796236406,0.6551650762557983,0.5509382694158079
smooth_aug,29,vision_10_middle,0.5782967032967034,0.5316017210839231,0.5627470014099344,0.6558765172958374,0.5494682525285648
smooth_aug,29,vision_10_back,0.5824175824175825,0.5371359719289329,0.5673698994244074,0.6550449132919312,0.5508860551958004
smooth_aug,29,vision_30_front,0.5714285714285714,0.5251314293833476,0.5568213001477068,0.6539506316184998,0.5498661701255563
smooth_aug,29,vision_30_middle,0.5714285714285714,0.5266058105217294,0.5571150407213503,0.6545864343643188,0.5477751332736253
smooth_aug,29,vision_30_back,0.5769230769230769,0.5338184286135207,0.563936522612621,0.6547256112098694,0.547448638329574
smooth_aug,29,vision_50_front,0.5659340659340659,0.5218638844394713,0.5526554109573216,0.6574063301086426,0.5455634313409985
smooth_aug,29,vision_50_middle,0.5714285714285714,0.5282356532356532,0.558893601819426,0.656085729598999,0.5439771028804093
smooth_aug,29,vision_50_back,0.5728021978021978,0.5328837362026723,0.5624112040115677,0.654835045337677,0.5434348313989228
smooth_aug,29,audio_vision_30_sync,0.5851648351648352,0.5483392793172571,0.5764931642845891,0.6579698920249939,0.5520261825676038
smooth_aug,29,text_audio_30_sync,0.5357142857142857,0.5015115751963645,0.5309211578932562,0.7135310769081116,0.47973072425572943
smooth_aug,29,audio_vision_30_offset,0.5782967032967034,0.5411464678069345,0.5683214870850716,0.6573731303215027,0.5524912449613375
smooth_aug,29,audio_30_two_blocks,0.5865384615384616,0.5455869141333337,0.5747915493841667,0.654995322227478,0.5550447985562287
smooth_aug,43,clean,0.5796703296703297,0.5240807205419628,0.5583135429006878,0.6803314089775085,0.5486893899889883
smooth_aug,43,text_10_front,0.5714285714285714,0.5113980975511834,0.5481430438129441,0.677575945854187,0.5342039600216739
smooth_aug,43,text_10_middle,0.5810439560439561,0.5230498033742906,0.557867659093601,0.6826056838035583,0.5337766674032152
smooth_aug,43,text_10_back,0.570054945054945,0.5205495232742461,0.5532887634850426,0.6866015195846558,0.5333354638857091
smooth_aug,43,text_30_front,0.5796703296703297,0.5282542102928104,0.5615575453702436,0.6899983286857605,0.4848863651875489
smooth_aug,43,text_30_middle,0.5618131868131868,0.5135349247297066,0.5447952893970158,0.7004343271255493,0.4859805509662549
smooth_aug,43,text_30_back,0.5508241758241759,0.4968314789508724,0.5309766944905489,0.6953640580177307,0.5105497308054302
smooth_aug,43,text_50_front,0.5425824175824175,0.4864843189703368,0.5233581595464526,0.7153279781341553,0.4381756517193123
smooth_aug,43,text_50_middle,0.5370879120879121,0.4969792077714816,0.5251167121520249,0.7239207029342651,0.4422266685474311
smooth_aug,43,text_50_back,0.5494505494505495,0.5035170047975768,0.5339112319853866,0.7189511060714722,0.451145102823394
smooth_aug,43,audio_10_front,0.5837912087912088,0.5312485792677754,0.5642196294646529,0.6821045875549316,0.5512091677172007
smooth_aug,43,audio_10_middle,0.5796703296703297,0.523356766866711,0.5577495918056953,0.6803706288337708,0.5521568180480089
smooth_aug,43,audio_10_back,0.5824175824175825,0.52786694749074,0.5617107309859144,0.6797744631767273,0.5503293992114743
smooth_aug,43,audio_30_front,0.5879120879120879,0.5387469350883985,0.5702721832948313,0.6866120100021362,0.5522674000305308
smooth_aug,43,audio_30_middle,0.5892857142857143,0.5411935032761986,0.5724495684135922,0.6856010556221008,0.5522598987133107
smooth_aug,43,audio_30_back,0.5989010989010989,0.5492862683246049,0.580757034183335,0.682438850402832,0.5513689899348935
smooth_aug,43,audio_50_front,0.5934065934065934,0.5490988131792375,0.5785952685570075,0.694136381149292,0.5528108072966419
smooth_aug,43,audio_50_middle,0.5934065934065934,0.5455584226027576,0.5767515180886047,0.6955862641334534,0.5498229221549105
smooth_aug,43,audio_50_back,0.6043956043956044,0.5567813422857343,0.5871143329589911,0.6901560425758362,0.5506513337998795
smooth_aug,43,vision_10_front,0.5837912087912088,0.5295854132718383,0.5630366253400874,0.6818123459815979,0.5491091679121168
smooth_aug,43,vision_10_middle,0.5755494505494505,0.5194410657022255,0.5535702266730607,0.6820096373558044,0.5473577785801121
smooth_aug,43,vision_10_back,0.5810439560439561,0.5265553794792567,0.5602309224062968,0.6812989115715027,0.5483641150614735
smooth_aug,43,vision_30_front,0.5796703296703297,0.5256719509979634,0.5590501075426068,0.6846684813499451,0.5474350508359159
smooth_aug,43,vision_30_middle,0.5769230769230769,0.5201156289201613,0.5543984259585696,0.6850637197494507,0.5446855915562577
smooth_aug,43,vision_30_back,0.5796703296703297,0.5272485149639629,0.5607652549416255,0.6840425133705139,0.545154162842508
smooth_aug,43,vision_50_front,0.5769230769230769,0.522302626746238,0.5565795019356048,0.6914673447608948,0.5429823866905839
smooth_aug,43,vision_50_middle,0.5782967032967034,0.5215430513532848,0.5566903919576335,0.6915486454963684,0.5401365280330451
smooth_aug,43,vision_50_back,0.5796703296703297,0.5283518381325361,0.5613908904805953,0.6901886463165283,0.5396336977066849
smooth_aug,43,audio_vision_30_sync,0.5810439560439561,0.537062070262955,0.5678677700992547,0.6969041228294373,0.5469716150181887
smooth_aug,43,text_audio_30_sync,0.5480769230769231,0.5083933284538781,0.5366427873144887,0.7084197998046875,0.48934547198614214
smooth_aug,43,audio_vision_30_offset,0.5837912087912088,0.538136579858219,0.5693601146618388,0.6907244920730591,0.5490445753887198
smooth_aug,43,audio_30_two_blocks,0.5961538461538461,0.5467601949843058,0.5785655678649672,0.6820643544197083,0.5533369864470363
state_aug,17,clean,0.5810439560439561,0.5357595944576876,0.5664995041530924,0.6558122038841248,0.5557812031264949
state_aug,17,text_10_front,0.5755494505494505,0.5299745437852854,0.5618184982438376,0.663219690322876,0.5439844084222537
state_aug,17,text_10_middle,0.5714285714285714,0.5313070577090979,0.5601157051501532,0.6657195091247559,0.5436588321489685
state_aug,17,text_10_back,0.5686813186813187,0.5252695520121488,0.5561033651238662,0.6668697595596313,0.541890073696529
state_aug,17,text_30_front,0.5618131868131868,0.5165052676255074,0.5478856504852258,0.6924836039543152,0.48774538392041783
state_aug,17,text_30_middle,0.5480769230769231,0.5121187406389555,0.5402853111828927,0.6933643221855164,0.4911318440022493
state_aug,17,text_30_back,0.5728021978021978,0.5327803247927729,0.5613229333704917,0.6857229471206665,0.5153472338713676
state_aug,17,text_50_front,0.5357142857142857,0.4913658130503733,0.5245361062758386,0.7208400964736938,0.44103843208347987
state_aug,17,text_50_middle,0.5247252747252747,0.4929531174079245,0.5208388219134767,0.7244743704795837,0.43448351139062047
state_aug,17,text_50_back,0.5425824175824175,0.5081939097252323,0.5359601662710967,0.7190605401992798,0.44372279421536187
state_aug,17,audio_10_front,0.5851648351648352,0.5432012915313346,0.5730973521580365,0.6544104814529419,0.5592442998012831
state_aug,17,audio_10_middle,0.5824175824175825,0.5404908636311224,0.5698783807859262,0.6525458097457886,0.5595249939251744
state_aug,17,audio_10_back,0.5837912087912088,0.5424111447727084,0.5718187209307856,0.6537809371948242,0.5587508415899354
state_aug,17,audio_30_front,0.5686813186813187,0.5320344353255746,0.5602074852860776,0.6540952324867249,0.5616829188600565
state_aug,17,audio_30_middle,0.5879120879120879,0.54989822902028,0.57814185124492,0.6529498100280762,0.5626430738468342
state_aug,17,audio_30_back,0.5892857142857143,0.5490783762859371,0.5785295720557756,0.6520808339118958,0.5627409991372325
state_aug,17,audio_50_front,0.5782967032967034,0.5457014821474019,0.5737071522281764,0.6545594334602356,0.564510520967831
state_aug,17,audio_50_middle,0.5837912087912088,0.5481333776829876,0.5774522197821571,0.6540286540985107,0.564516186304761
state_aug,17,audio_50_back,0.5934065934065934,0.5566923694237632,0.5853081725065038,0.6549582481384277,0.562173886288035
state_aug,17,vision_10_front,0.5810439560439561,0.5370558545496776,0.5671391341228625,0.6555183529853821,0.5560737444786799
state_aug,17,vision_10_middle,0.5796703296703297,0.5368328295339219,0.5665252962387307,0.6564327478408813,0.5551857218571848
state_aug,17,vision_10_back,0.5851648351648352,0.5422509248281265,0.5718131808282126,0.6559685468673706,0.555709338725329
state_aug,17,vision_30_front,0.5782967032967034,0.5370026089672518,0.5654757142199186,0.656905472278595,0.5541990888717699
state_aug,17,vision_30_middle,0.5837912087912088,0.5428403719894961,0.5717053932605626,0.6583691835403442,0.5526301109518852
state_aug,17,vision_30_back,0.5810439560439561,0.5424380768342333,0.5708462493942793,0.6584411859512329,0.5491780835521006
state_aug,17,vision_50_front,0.5810439560439561,0.5435678905552044,0.5699846808105092,0.6602665185928345,0.5517711554524344
state_aug,17,vision_50_middle,0.5865384615384616,0.5496084254008461,0.5763742158838363,0.6612893342971802,0.5488338875816985
state_aug,17,vision_50_back,0.5837912087912088,0.5478276353276353,0.5747241006856392,0.6627244353294373,0.5432441862366634
state_aug,17,audio_vision_30_sync,0.5851648351648352,0.5570830869573008,0.5822636650829685,0.6577065587043762,0.5616603066782552
state_aug,17,text_audio_30_sync,0.5645604395604396,0.531961709580074,0.5583318458387434,0.6933001279830933,0.49600518776853325
state_aug,17,audio_vision_30_offset,0.5796703296703297,0.5475216882346338,0.5738690760338905,0.6565300822257996,0.5553945923027387
state_aug,17,audio_30_two_blocks,0.5851648351648352,0.5497151369708814,0.577199719262186,0.6532598733901978,0.5614381348936419
state_aug,29,clean,0.5865384615384616,0.5442030000312047,0.5717553045404922,0.6655293703079224,0.5421490514284234
state_aug,29,text_10_front,0.5659340659340659,0.5189312324206515,0.5500868030044004,0.6792986392974854,0.5250634387702574
state_aug,29,text_10_middle,0.5810439560439561,0.5385276607130911,0.5676290321157871,0.6810451149940491,0.5226806506057604
state_aug,29,text_10_back,0.5645604395604396,0.5174343506160072,0.5485339657380183,0.6841617822647095,0.5187533783475666
state_aug,29,text_30_front,0.5480769230769231,0.503845432658992,0.5332999133893155,0.7141941785812378,0.4686126035576844
state_aug,29,text_30_middle,0.5233516483516484,0.48826781717357304,0.5149648575373704,0.7215421199798584,0.4583754233415741
state_aug,29,text_30_back,0.5412087912087912,0.5067166876057274,0.5326767547761196,0.7149621248245239,0.4861158256085456
state_aug,29,text_50_front,0.5082417582417582,0.47449451695231387,0.501221075818212,0.7531638741493225,0.4077904815780871
state_aug,29,text_50_middle,0.49725274725274726,0.4707894010194214,0.4949268009574771,0.7620096802711487,0.3890964741231932
state_aug,29,text_50_back,0.4876373626373626,0.46319936484798374,0.48401286987871583,0.7589465379714966,0.40548356660437923
state_aug,29,audio_10_front,0.5796703296703297,0.5383818278330806,0.566266718185116,0.6641348600387573,0.5448806500453304
state_aug,29,audio_10_middle,0.5851648351648352,0.5434382949045706,0.5708830377871015,0.6623327136039734,0.5472353371261253
state_aug,29,audio_10_back,0.5837912087912088,0.542549290190705,0.5698271857190321,0.6639764904975891,0.5440736719681768
state_aug,29,audio_30_front,0.5782967032967034,0.5380945619772247,0.5668111622877954,0.6629869341850281,0.5480172921886552
state_aug,29,audio_30_middle,0.5851648351648352,0.5429625786144439,0.572481688316114,0.660498321056366,0.551410636538523
state_aug,29,audio_30_back,0.5879120879120879,0.5462576179693898,0.5748379470059165,0.6621744632720947,0.5479707288538271
state_aug,29,audio_50_front,0.5865384615384616,0.5528723825041767,0.5779540204584039,0.6622128486633301,0.5504915840483668
state_aug,29,audio_50_middle,0.5934065934065934,0.5571763827232296,0.58365543663867,0.6624085307121277,0.551999060172065
state_aug,29,audio_50_back,0.5879120879120879,0.5487181311165495,0.5764141066559787,0.6642009019851685,0.5499993237969257
state_aug,29,vision_10_front,0.5824175824175825,0.5407110936349959,0.5687709561977876,0.6637730598449707,0.543056281139546
state_aug,29,vision_10_middle,0.5782967032967034,0.5373079123079123,0.5643519795305508,0.6642037034034729,0.5412059634628796
state_aug,29,vision_10_back,0.5837912087912088,0.5425863835829544,0.5696967863669522,0.6640704274177551,0.5424054451255406
state_aug,29,vision_30_front,0.5769230769230769,0.5365636575839242,0.564175489971638,0.6614760160446167,0.5432118999671368
state_aug,29,vision_30_middle,0.5741758241758241,0.53466668219288,0.5622607195406434,0.662906289100647,0.5391931730375752
state_aug,29,vision_30_back,0.5796703296703297,0.5359115157772876,0.5652684950568275,0.6631472110748291,0.5390991879865051
state_aug,29,vision_50_front,0.5659340659340659,0.5251566769393595,0.5534210635350582,0.6632094979286194,0.5391171295548578
state_aug,29,vision_50_middle,0.5728021978021978,0.5311590237358125,0.5602163878477328,0.6638749241828918,0.5355006047527286
state_aug,29,vision_50_back,0.5755494505494505,0.5332787811425157,0.5626778185169897,0.6635231375694275,0.5348555043100826
state_aug,29,audio_vision_30_sync,0.5837912087912088,0.5493464544022791,0.5766595129568737,0.6596987247467041,0.5489533701161807
state_aug,29,text_audio_30_sync,0.5192307692307693,0.4870651246289334,0.5140522161885065,0.7273582816123962,0.4712822179180044
state_aug,29,audio_vision_30_offset,0.5769230769230769,0.5403745679884046,0.5682878220607293,0.661813497543335,0.5451607548660503
state_aug,29,audio_30_two_blocks,0.5769230769230769,0.5378761761114702,0.5658125972282405,0.6629223823547363,0.5475139347485416
state_aug,43,clean,0.5892857142857143,0.5298341589752805,0.5651490276328568,0.664400041103363,0.5481368172565421
state_aug,43,text_10_front,0.5782967032967034,0.5118822852836701,0.5505916450444122,0.6655036211013794,0.5369808976174983
state_aug,43,text_10_middle,0.5741758241758241,0.5161057554817207,0.5503655247056903,0.6692909598350525,0.5340412006059022
state_aug,43,text_10_back,0.5837912087912088,0.52689199849307,0.5613546862506268,0.6706070899963379,0.5309126855989377
state_aug,43,text_30_front,0.5728021978021978,0.5118687221523606,0.5476229544135092,0.6839589476585388,0.48948834927784796
state_aug,43,text_30_middle,0.5521978021978022,0.4989002543645435,0.5331839579586716,0.6883878707885742,0.4841741812115551
state_aug,43,text_30_back,0.5714285714285714,0.5192678183134175,0.552266157818347,0.680981457233429,0.510012036103802
state_aug,43,text_50_front,0.5563186813186813,0.5030995694416266,0.5377522448809728,0.7041362524032593,0.4496924831988976
state_aug,43,text_50_middle,0.5384615384615384,0.4918238030628188,0.525218690968756,0.7118045687675476,0.44551082006730275
state_aug,43,text_50_back,0.5453296703296703,0.5047890283634892,0.534370251432221,0.7098541855812073,0.44512527979764405
state_aug,43,audio_10_front,0.5947802197802198,0.5360308239275654,0.5712168647707612,0.6660922169685364,0.5489541341524125
state_aug,43,audio_10_middle,0.5892857142857143,0.528570472687394,0.5645855277239922,0.6641796827316284,0.5516862875454521
state_aug,43,audio_10_back,0.5947802197802198,0.5376670124253633,0.571899334527065,0.6642678380012512,0.5494226639086349
state_aug,43,audio_30_front,0.592032967032967,0.5424429340281969,0.574686965603742,0.6704702973365784,0.5500794279970923
state_aug,43,audio_30_middle,0.5961538461538461,0.5389102681365414,0.5738600426183965,0.6662750244140625,0.5537951253369429
state_aug,43,audio_30_back,0.5989010989010989,0.5421412834765579,0.5766316055442778,0.6647116541862488,0.5514165779127472
state_aug,43,audio_50_front,0.5865384615384616,0.5381100996852787,0.5704065185568766,0.6751342415809631,0.551306364924502
state_aug,43,audio_50_middle,0.5947802197802198,0.5380201552587613,0.5734332696610932,0.6726998090744019,0.5529922232114596
state_aug,43,audio_50_back,0.5961538461538461,0.5403242785137606,0.5747515487991202,0.6679649353027344,0.5533097033584254
state_aug,43,vision_10_front,0.5879120879120879,0.5270366994504926,0.5624711538883574,0.6647590398788452,0.5494386802267904
state_aug,43,vision_10_middle,0.5851648351648352,0.5241189511876749,0.5600929372641531,0.6657271385192871,0.5476464859553737
state_aug,43,vision_10_back,0.5810439560439561,0.5180106214588973,0.554784972272657,0.6648430228233337,0.5476619440899312
state_aug,43,vision_30_front,0.5851648351648352,0.5193093777312635,0.5568266591298184,0.6657820343971252,0.5499417342826315
state_aug,43,vision_30_middle,0.5769230769230769,0.5124712002972872,0.5503846153846154,0.6691065430641174,0.5451886585402707
state_aug,43,vision_30_back,0.5755494505494505,0.5134948824263982,0.5503913302536227,0.666185736656189,0.5447274057718123
state_aug,43,vision_50_front,0.5755494505494505,0.5104430238701338,0.5475983392164079,0.6725313663482666,0.5459225779823395
state_aug,43,vision_50_middle,0.5728021978021978,0.5082481639272013,0.5462969310441205,0.6742749810218811,0.5418467044791664
state_aug,43,vision_50_back,0.5714285714285714,0.5076409618569969,0.5455497804240594,0.6720393896102905,0.5394439172757014
state_aug,43,audio_vision_30_sync,0.5824175824175825,0.5264507669268496,0.5616316221962151,0.675667405128479,0.5527053158630262
state_aug,43,text_audio_30_sync,0.5604395604395604,0.5168768185844019,0.5474367585307205,0.6964103579521179,0.48570912328488974
state_aug,43,audio_vision_30_offset,0.5837912087912088,0.5346173600410888,0.5670147648961208,0.6713298559188843,0.5473454670756426
state_aug,43,audio_30_two_blocks,0.6043956043956044,0.5476636978348721,0.5823088525783298,0.6665375232696533,0.5508853166842925
state_clean,17,clean,0.5824175824175825,0.5440462022889319,0.5733487332871373,0.6583594679832458,0.5524849700890188
state_clean,17,text_10_front,0.5673076923076923,0.5280185742763264,0.5574077952259197,0.6728780269622803,0.5386301481766516
state_clean,17,text_10_middle,0.570054945054945,0.5365301090198026,0.5637310521868185,0.6726071834564209,0.5393438465261228
state_clean,17,text_10_back,0.5673076923076923,0.533367822540883,0.5603608947795451,0.6750723719596863,0.536124552864079
state_clean,17,text_30_front,0.5384615384615384,0.5113255695496547,0.536278831400439,0.7115416526794434,0.48286144666215514
state_clean,17,text_30_middle,0.5288461538461539,0.503838567488963,0.5283087776286697,0.7117480635643005,0.4835091004560139
state_clean,17,text_30_back,0.5467032967032966,0.5207829041692345,0.5452663055199046,0.7020055651664734,0.5092083251975339
state_clean,17,text_50_front,0.4958791208791209,0.47513792890807577,0.4985023582418786,0.7556925415992737,0.42940707111503257
state_clean,17,text_50_middle,0.4876373626373626,0.4711617115502957,0.4921154588235725,0.7598559856414795,0.4288069019752278
state_clean,17,text_50_back,0.5123626373626373,0.4989143725491685,0.514766280903693,0.7537738084793091,0.43545932602555537
state_clean,17,audio_10_front,0.5796703296703297,0.5408611630805602,0.5706083534899258,0.6573840379714966,0.555671926740403
state_clean,17,audio_10_middle,0.5755494505494505,0.5372516215069406,0.5665384115793282,0.6549960970878601,0.5569945322793767
state_clean,17,audio_10_back,0.5837912087912088,0.5468262182003217,0.5756736859046653,0.6558068990707397,0.5557310771057212
state_clean,17,audio_30_front,0.5755494505494505,0.5380953428259817,0.5682160353968629,0.6585338115692139,0.5564345111790276
state_clean,17,audio_30_middle,0.5686813186813187,0.5310727991648325,0.5601310403844234,0.6572393178939819,0.5593640698905087
state_clean,17,audio_30_back,0.5837912087912088,0.548296052946527,0.5763580046533245,0.6541880369186401,0.5598308306571119
state_clean,17,audio_50_front,0.5741758241758241,0.5393022277243626,0.5683832059578956,0.6621835827827454,0.5584220615190589
state_clean,17,audio_50_middle,0.5755494505494505,0.5381851518091242,0.5673359321125271,0.6614856719970703,0.5599111051638737
state_clean,17,audio_50_back,0.5892857142857143,0.5513576954435804,0.5792328714448284,0.6579245924949646,0.5599423060793016
state_clean,17,vision_10_front,0.5769230769230769,0.5393333924775706,0.5682238995728076,0.6582915186882019,0.5530710740603748
state_clean,17,vision_10_middle,0.5782967032967034,0.5397969570908558,0.5693140004203676,0.6581059694290161,0.5519289917454699
state_clean,17,vision_10_back,0.5865384615384616,0.5510876268243489,0.5787562167266241,0.6580651998519897,0.5522629474822368
state_clean,17,vision_30_front,0.5879120879120879,0.5485608669237375,0.5784091147520157,0.6584654450416565,0.5518964484069869
state_clean,17,vision_30_middle,0.5714285714285714,0.5353974094482125,0.5639010898213112,0.6596502661705017,0.5481802884759756
state_clean,17,vision_30_back,0.5824175824175825,0.5492450320763574,0.5759875988899225,0.6592385172843933,0.5458077952954784
state_clean,17,vision_50_front,0.5796703296703297,0.5434970100952635,0.571366077134641,0.6621279716491699,0.5488376793295323
state_clean,17,vision_50_middle,0.5824175824175825,0.5501053323775655,0.576186091723595,0.6630213856697083,0.5439946650224669
state_clean,17,vision_50_back,0.5755494505494505,0.5448346214907936,0.5704882175595248,0.6632156372070312,0.5386321751625982
state_clean,17,audio_vision_30_sync,0.5934065934065934,0.5619586858940351,0.5884915303587895,0.6624441742897034,0.5552685102793528
state_clean,17,text_audio_30_sync,0.5425824175824175,0.5191686109081504,0.5425321313845072,0.7144328355789185,0.4870675338400675
state_clean,17,audio_vision_30_offset,0.5782967032967034,0.5434004973608451,0.5721259210467823,0.6607185006141663,0.5501524529987412
state_clean,17,audio_30_two_blocks,0.5782967032967034,0.542033748360526,0.571329221441451,0.6567811965942383,0.5572348008798088
state_no_gap,17,clean,0.5810439560439561,0.5358413326208314,0.5663664456994925,0.6558964848518372,0.5554496208050471
state_no_gap,17,text_10_front,0.5755494505494505,0.5298568609694218,0.5618897899095792,0.6635703444480896,0.5432759862153528
state_no_gap,17,text_10_middle,0.5728021978021978,0.5318066519463371,0.5611744010185582,0.6657984852790833,0.5435189080511117
state_no_gap,17,text_10_back,0.5659340659340659,0.523186126043269,0.553658495699312,0.6671634912490845,0.5415045912094352
state_no_gap,17,text_30_front,0.5645604395604396,0.5187267390586321,0.5502814451593987,0.6930925846099854,0.48678935713522015
state_no_gap,17,text_30_middle,0.5480769230769231,0.511704985174927,0.5402759132026245,0.6940245628356934,0.4901199245467542
state_no_gap,17,text_30_back,0.5755494505494505,0.5351269084584165,0.5639839465436965,0.6862806081771851,0.5143234008648484
state_no_gap,17,text_50_front,0.532967032967033,0.49079841189110196,0.5225880262887851,0.7213775515556335,0.4394609705982862
state_no_gap,17,text_50_middle,0.521978021978022,0.4886771179828689,0.5175679170989275,0.7252482175827026,0.4324288521216855
state_no_gap,17,text_50_back,0.5425824175824175,0.5082357256817964,0.5357629235800567,0.7198597192764282,0.4416649792234328
state_no_gap,17,audio_10_front,0.5851648351648352,0.5430533866693034,0.5731429685419696,0.6546289920806885,0.5588362724315111
state_no_gap,17,audio_10_middle,0.5865384615384616,0.5446746055694649,0.574071884098833,0.6526040434837341,0.559378888531841
state_no_gap,17,audio_10_back,0.5824175824175825,0.5403178372909955,0.5700334455362979,0.6537494659423828,0.5586514758348923
state_no_gap,17,audio_30_front,0.5728021978021978,0.5360237533770618,0.5642252086339834,0.6545131802558899,0.5612905370270768
state_no_gap,17,audio_30_middle,0.5851648351648352,0.5456416850311108,0.5754728297024937,0.6533682942390442,0.5623854945763179
state_no_gap,17,audio_30_back,0.5892857142857143,0.5490051940756167,0.5786757284745213,0.6518712043762207,0.5629437290494828
state_no_gap,17,audio_50_front,0.5810439560439561,0.5488409062019263,0.576820179081139,0.6560260057449341,0.5635474119176543
state_no_gap,17,audio_50_middle,0.5837912087912088,0.5477352860744661,0.5770846136965624,0.6552719473838806,0.563593887071041
state_no_gap,17,audio_50_back,0.5906593406593407,0.5524790802411443,0.5818231258796461,0.6546811461448669,0.5623486998486278
state_no_gap,17,vision_10_front,0.5810439560439561,0.5371402233798529,0.5670083302767077,0.655848503112793,0.5555572617128101
state_no_gap,17,vision_10_middle,0.5810439560439561,0.5367774697180564,0.5671006912632871,0.6564775109291077,0.5549370107197102
state_no_gap,17,vision_10_back,0.5851648351648352,0.5422509248281265,0.5718131808282126,0.6560704708099365,0.5554256525301846
state_no_gap,17,vision_30_front,0.5782967032967034,0.5373300047122181,0.5658237471680858,0.6575613617897034,0.5537871264693589
state_no_gap,17,vision_30_middle,0.5810439560439561,0.5383752624646244,0.567998348144285,0.6583348512649536,0.5525136624288363
state_no_gap,17,vision_30_back,0.5837912087912088,0.5465134918469851,0.5743724495135321,0.6584162712097168,0.5492252953897515
state_no_gap,17,vision_50_front,0.5796703296703297,0.5415892382852583,0.5683359611543457,0.66104656457901,0.5515770560454053
state_no_gap,17,vision_50_middle,0.5879120879120879,0.5510048367267384,0.5776886962133837,0.6616858839988708,0.5485193894904714
state_no_gap,17,vision_50_back,0.5879120879120879,0.551705406834407,0.5787970964989696,0.6627582311630249,0.5433461361579134
state_no_gap,17,audio_vision_30_sync,0.592032967032967,0.561900670663269,0.5883289866156909,0.658268928527832,0.560979575169944
state_no_gap,17,text_audio_30_sync,0.5645604395604396,0.5318327622658016,0.5583920723756328,0.6947505474090576,0.49477887703619455
state_no_gap,17,audio_vision_30_offset,0.5824175824175825,0.5499852470567861,0.5761956908216092,0.6569079756736755,0.5554579075053092
state_no_gap,17,audio_30_two_blocks,0.5879120879120879,0.553109143757577,0.580277180786867,0.6533108949661255,0.5612461421161169
state_no_history,17,clean,0.5796703296703297,0.5412009818782867,0.5685889082445708,0.6686505079269409,0.5374089020781851
state_no_history,17,text_10_front,0.5686813186813187,0.5261733822254507,0.5558308480887076,0.6776108741760254,0.5207787043773652
state_no_history,17,text_10_middle,0.5769230769230769,0.533432030179272,0.5635695488645027,0.6761165857315063,0.5231793497596803
state_no_history,17,text_10_back,0.5714285714285714,0.5289863127137119,0.5598158890735577,0.6782702207565308,0.5195006660551976
state_no_history,17,text_30_front,0.554945054945055,0.5096681979031622,0.5415834472438165,0.7042136788368225,0.4651427169845128
state_no_history,17,text_30_middle,0.5494505494505495,0.5097817179468077,0.5392058734679609,0.7051598429679871,0.4605724371713745
state_no_history,17,text_30_back,0.5604395604395604,0.5177946632351059,0.5466586469683421,0.6995409727096558,0.4805223502431595
state_no_history,17,text_50_front,0.5274725274725275,0.48543127172084094,0.5157777078482839,0.7299400568008423,0.4127413620719542
state_no_history,17,text_50_middle,0.5137362637362637,0.47976548964763577,0.5078846073113381,0.7367272973060608,0.3936164350127616
state_no_history,17,text_50_back,0.5302197802197802,0.4942836807888125,0.5209143159723186,0.7336164116859436,0.3929506833670088
state_no_history,17,audio_10_front,0.5769230769230769,0.5394293960886104,0.5673308245900297,0.6675078868865967,0.5423858975896527
state_no_history,17,audio_10_middle,0.5810439560439561,0.5437044624045094,0.5714509957117755,0.6651200652122498,0.5428103877525858
state_no_history,17,audio_10_back,0.5824175824175825,0.5441105703460966,0.5720135339415039,0.6657463312149048,0.5441436225146233
state_no_history,17,audio_30_front,0.5796703296703297,0.5478715418986911,0.5746893534313353,0.6667972207069397,0.5470747283269333
state_no_history,17,audio_30_middle,0.5837912087912088,0.5519587310319769,0.5786584941994639,0.6628466248512268,0.5498176261364487
state_no_history,17,audio_30_back,0.592032967032967,0.5572043155697043,0.5840208675471347,0.6647268533706665,0.5510795540208607
state_no_history,17,audio_50_front,0.5769230769230769,0.5479898188231521,0.5749320950213807,0.6675705313682556,0.5517008322049242
state_no_history,17,audio_50_middle,0.5879120879120879,0.5598600432048252,0.5859297287230616,0.6675763130187988,0.5519684297207709
state_no_history,17,audio_50_back,0.5837912087912088,0.5520795103377784,0.5785258687331474,0.6687788367271423,0.5525139238307231
state_no_history,17,vision_10_front,0.5851648351648352,0.5453014742256169,0.5738137756834106,0.66892009973526,0.537775538285126
state_no_history,17,vision_10_middle,0.5837912087912088,0.5462765142429702,0.5737373782083415,0.668567955493927,0.538072678489477
state_no_history,17,vision_10_back,0.5782967032967034,0.5400155400155401,0.5685212223673762,0.6709246039390564,0.5361832739728588
state_no_history,17,vision_30_front,0.5755494505494505,0.5364322139754983,0.5647839311293206,0.6690865159034729,0.5387316610793013
state_no_history,17,vision_30_middle,0.5837912087912088,0.5462504373834559,0.5738249002557934,0.6707969307899475,0.5366580800313032
state_no_history,17,vision_30_back,0.5796703296703297,0.545062823295709,0.5717402545902872,0.6740978360176086,0.5305367344256786
state_no_history,17,vision_50_front,0.5782967032967034,0.5435490645282476,0.5697057495007889,0.6721477508544922,0.5368308648521689
state_no_history,17,vision_50_middle,0.5782967032967034,0.5418202622204517,0.5700603929435837,0.6737858057022095,0.5324752667174291
state_no_history,17,vision_50_back,0.5796703296703297,0.5469982702377933,0.5733945797236937,0.676388680934906,0.524846925859013
state_no_history,17,audio_vision_30_sync,0.5892857142857143,0.5637974154278502,0.5897709486412903,0.6715031266212463,0.5511442016522108
state_no_history,17,text_audio_30_sync,0.5480769230769231,0.513003917724088,0.541405030188142,0.7070844173431396,0.4718783157543521
state_no_history,17,audio_vision_30_offset,0.5782967032967034,0.5496736904443075,0.5759035184251406,0.6727179288864136,0.5405548374221647
state_no_history,17,audio_30_two_blocks,0.5782967032967034,0.5432475158084914,0.5709865168706632,0.665889322757721,0.5491383814883739
text,17,clean,0.5934065934065934,0.5554533767983046,0.5834637160332681,0.6756865382194519,0.5310155730505086
text,17,text_10_front,0.5782967032967034,0.5436565346571011,0.5707448744011792,0.6798133254051208,0.5194839551483721
text,17,text_10_middle,0.5865384615384616,0.5518987244806589,0.5786138277744992,0.6856384873390198,0.5137134929715723
text,17,text_10_back,0.5824175824175825,0.541808799229471,0.5723023409800708,0.6783711910247803,0.517414366708782
text,17,text_30_front,0.5563186813186813,0.518919051328503,0.5486853728064925,0.7091154456138611,0.46844520481835417
text,17,text_30_middle,0.5521978021978022,0.5200140557887217,0.5473429882139662,0.7022165060043335,0.48032844420889925
text,17,text_30_back,0.5508241758241759,0.5198559173166489,0.547930124502078,0.6862095594406128,0.5146574853976871
text,17,text_50_front,0.5384615384615384,0.5119804646492309,0.5363216155335833,0.7467139363288879,0.4177824430431568
text,17,text_50_middle,0.5233516483516484,0.5025516083161714,0.5260385447885447,0.7234596610069275,0.45709417702682537
text,17,text_50_back,0.5260989010989011,0.5054638222705701,0.5278270021389194,0.6992359161376953,0.4785867401032014
text,17,audio_10_front,0.5934065934065934,0.5554533767983046,0.5834637160332681,0.6756865382194519,0.5310155730505086
text,17,audio_10_middle,0.5934065934065934,0.5554533767983046,0.5834637160332681,0.6756865382194519,0.5310155730505086
text,17,audio_10_back,0.5934065934065934,0.5554533767983046,0.5834637160332681,0.6756865382194519,0.5310155730505086
text,17,audio_30_front,0.5934065934065934,0.5554533767983046,0.5834637160332681,0.6756865382194519,0.5310155730505086
text,17,audio_30_middle,0.5934065934065934,0.5554533767983046,0.5834637160332681,0.6756865382194519,0.5310155730505086
text,17,audio_30_back,0.5934065934065934,0.5554533767983046,0.5834637160332681,0.6756865382194519,0.5310155730505086
text,17,audio_50_front,0.5934065934065934,0.5554533767983046,0.5834637160332681,0.6756865382194519,0.5310155730505086
text,17,audio_50_middle,0.5934065934065934,0.5554533767983046,0.5834637160332681,0.6756865382194519,0.5310155730505086
text,17,audio_50_back,0.5934065934065934,0.5554533767983046,0.5834637160332681,0.6756865382194519,0.5310155730505086
text,17,vision_10_front,0.5934065934065934,0.5554533767983046,0.5834637160332681,0.6756865382194519,0.5310155730505086
text,17,vision_10_middle,0.5934065934065934,0.5554533767983046,0.5834637160332681,0.6756865382194519,0.5310155730505086
text,17,vision_10_back,0.5934065934065934,0.5554533767983046,0.5834637160332681,0.6756865382194519,0.5310155730505086
text,17,vision_30_front,0.5934065934065934,0.5554533767983046,0.5834637160332681,0.6756865382194519,0.5310155730505086
text,17,vision_30_middle,0.5934065934065934,0.5554533767983046,0.5834637160332681,0.6756865382194519,0.5310155730505086
text,17,vision_30_back,0.5934065934065934,0.5554533767983046,0.5834637160332681,0.6756865382194519,0.5310155730505086
text,17,vision_50_front,0.5934065934065934,0.5554533767983046,0.5834637160332681,0.6756865382194519,0.5310155730505086
text,17,vision_50_middle,0.5934065934065934,0.5554533767983046,0.5834637160332681,0.6756865382194519,0.5310155730505086
text,17,vision_50_back,0.5934065934065934,0.5554533767983046,0.5834637160332681,0.6756865382194519,0.5310155730505086
text,17,audio_vision_30_sync,0.5934065934065934,0.5554533767983046,0.5834637160332681,0.6756865382194519,0.5310155730505086
text,17,text_audio_30_sync,0.5521978021978022,0.5200140557887217,0.5473429882139662,0.7022165060043335,0.48032844420889925
text,17,audio_vision_30_offset,0.5934065934065934,0.5554533767983046,0.5834637160332681,0.6756865382194519,0.5310155730505086
text,17,audio_30_two_blocks,0.5934065934065934,0.5554533767983046,0.5834637160332681,0.6756865382194519,0.5310155730505086
