split,index,target
train,0,1.0
train,1,0.3333333432674408
train,2,-0.3333333432674408
train,3,0.0
train,4,1.3333333730697632
train,5,0.6666666865348816
train,6,2.0
train,7,0.6666666865348816
train,8,0.0
train,9,-0.6666666865348816
train,10,-2.0
train,11,1.0
train,12,0.6666666865348816
train,13,0.6666666865348816
train,14,-0.6666666865348816
train,15,-0.3333333432674408
train,16,0.0
train,17,0.0
train,18,0.3333333432674408
train,19,0.0
train,20,0.6666666865348816
train,21,0.3333333432674408
train,22,1.0
train,23,0.6666666865348816
train,24,0.0
train,25,0.0
train,26,-0.6666666865348816
train,27,-0.3333333432674408
train,28,0.3333333432674408
train,29,0.6666666865348816
train,30,0.3333333432674408
train,31,2.3333332538604736
train,32,0.6666666865348816
train,33,0.0
train,34,0.6666666865348816
train,35,0.0
train,36,0.0
train,37,0.0
train,38,0.0
train,39,0.3333333432674408
train,40,0.0
train,41,1.0
train,42,0.0
train,43,0.0
train,44,-0.3333333432674408
train,45,0.6666666865348816
train,46,0.6666666865348816
train,47,1.6666666269302368
train,48,0.0
train,49,-0.6666666865348816
train,50,-0.6666666865348816
train,51,-0.6666666865348816
train,52,0.0
train,53,2.0
train,54,0.3333333432674408
train,55,0.3333333432674408
train,56,0.0
train,57,1.6666666269302368
train,58,1.6666666269302368
train,59,0.0
train,60,0.0
train,61,0.3333333432674408
train,62,1.0
train,63,1.3333333730697632
train,64,2.3333332538604736
train,65,0.0
train,66,0.0
train,67,-1.3333333730697632
train,68,0.0
train,69,0.6666666865348816
train,70,1.0
train,71,-1.0
train,72,0.0
train,73,-1.3333333730697632
train,74,0.6666666865348816
train,75,1.0
train,76,-1.6666666269302368
train,77,-1.0
train,78,0.6666666865348816
train,79,0.3333333432674408
train,80,0.0
train,81,-1.0
train,82,-1.0
train,83,1.3333333730697632
train,84,-0.3333333432674408
train,85,-2.0
train,86,-1.6666666269302368
train,87,-0.3333333432674408
train,88,-0.6666666865348816
train,89,-1.6666666269302368
train,90,-0.6666666865348816
train,91,-1.6666666269302368
train,92,0.3333333432674408
train,93,-1.3333333730697632
train,94,-2.3333332538604736
train,95,0.0
train,96,-1.6666666269302368
train,97,-1.3333333730697632
train,98,1.3333333730697632
train,99,0.0
train,100,0.6666666865348816
train,101,0.0
train,102,-1.3333333730697632
train,103,0.0
train,104,0.0
train,105,-1.0
train,106,0.0
train,107,0.0
train,108,1.0
train,109,-0.6666666865348816
train,110,-0.6666666865348816
train,111,-1.6666666269302368
train,112,-0.3333333432674408
train,113,0.6666666865348816
train,114,0.0
train,115,-0.6666666865348816
train,116,0.3333333432674408
train,117,-0.3333333432674408
train,118,-2.6666667461395264
train,119,-2.0
train,120,-2.0
train,121,-1.0
train,122,-1.6666666269302368
train,123,0.0
train,124,0.3333333432674408
train,125,0.0
train,126,-0.3333333432674408
train,127,-1.0
train,128,-2.3333332538604736
train,129,-1.3333333730697632
train,130,1.0
train,131,0.0
train,132,1.6666666269302368
train,133,0.3333333432674408
train,134,1.0
train,135,0.3333333432674408
train,136,0.6666666865348816
train,137,0.0
train,138,-0.6666666865348816
train,139,0.0
train,140,-1.0
train,141,-1.3333333730697632
train,142,0.0
train,143,-1.3333333730697632
train,144,3.0
train,145,0.0
train,146,-1.0
train,147,1.6666666269302368
train,148,0.0
train,149,2.3333332538604736
train,150,-0.3333333432674408
train,151,0.6666666865348816
train,152,1.6666666269302368
train,153,1.3333333730697632
train,154,-1.6666666269302368
train,155,-1.3333333730697632
train,156,-2.0
train,157,-1.3333333730697632
train,158,0.0
train,159,-2.3333332538604736
train,160,-1.6666666269302368
train,161,-0.3333333432674408
train,162,-1.6666666269302368
train,163,0.0
train,164,-2.0
train,165,-0.6666666865348816
train,166,-1.0
train,167,-1.3333333730697632
train,168,1.6666666269302368
train,169,2.3333332538604736
train,170,-1.0
train,171,-1.3333333730697632
train,172,-1.0
train,173,-2.0
train,174,0.0
train,175,0.0
train,176,-0.3333333432674408
train,177,0.0
train,178,0.0
train,179,0.0
train,180,-1.6666666269302368
train,181,-2.0
train,182,-2.0
train,183,0.0
train,184,2.3333332538604736
train,185,1.6666666269302368
train,186,0.3333333432674408
train,187,-1.3333333730697632
train,188,-3.0
train,189,-2.0
train,190,0.0
train,191,-1.3333333730697632
train,192,0.0
train,193,0.3333333432674408
train,194,-0.6666666865348816
train,195,0.0
train,196,-0.6666666865348816
train,197,-0.6666666865348816
train,198,2.0
train,199,1.3333333730697632
train,200,-1.6666666269302368
train,201,-1.3333333730697632
train,202,-2.6666667461395264
train,203,-0.6666666865348816
train,204,-2.6666667461395264
train,205,-1.6666666269302368
train,206,2.0
train,207,0.3333333432674408
train,208,0.0
train,209,0.0
train,210,0.0
train,211,0.3333333432674408
train,212,-2.3333332538604736
train,213,-3.0
train,214,-1.3333333730697632
train,215,0.0
train,216,0.6666666865348816
train,217,0.0
train,218,0.0
train,219,0.3333333432674408
train,220,1.0
train,221,-0.3333333432674408
train,222,0.0
train,223,0.0
train,224,-0.3333333432674408
train,225,-0.6666666865348816
train,226,-0.6666666865348816
train,227,1.3333333730697632
train,228,0.0
train,229,2.0
train,230,1.3333333730697632
train,231,-2.0
train,232,-2.0
train,233,0.0
train,234,0.0
train,235,0.0
train,236,0.0
train,237,0.0
train,238,1.3333333730697632
train,239,0.0
train,240,0.0
train,241,0.0
train,242,0.0
train,243,-2.0
train,244,1.0
train,245,-0.6666666865348816
train,246,-0.6666666865348816
train,247,-2.6666667461395264
train,248,-2.6666667461395264
train,249,1.0
train,250,-2.0
train,251,-1.3333333730697632
train,252,-2.3333332538604736
train,253,-1.6666666269302368
train,254,-2.0
train,255,0.0
train,256,-1.6666666269302368
train,257,3.0
train,258,1.0
train,259,0.0
train,260,0.0
train,261,0.6666666865348816
train,262,0.6666666865348816
train,263,0.6666666865348816
train,264,2.0
train,265,0.6666666865348816
train,266,0.3333333432674408
train,267,2.0
train,268,0.6666666865348816
train,269,-1.0
train,270,0.3333333432674408
train,271,0.0
train,272,1.3333333730697632
train,273,0.3333333432674408
train,274,1.6666666269302368
train,275,1.0
train,276,-0.3333333432674408
train,277,1.3333333730697632
train,278,0.0
train,279,0.0
train,280,0.0
train,281,0.6666666865348816
train,282,1.3333333730697632
train,283,0.6666666865348816
train,284,-0.6666666865348816
train,285,0.6666666865348816
train,286,0.3333333432674408
train,287,0.6666666865348816
train,288,0.3333333432674408
train,289,-0.3333333432674408
train,290,1.3333333730697632
train,291,0.3333333432674408
train,292,0.0
train,293,0.0
train,294,1.3333333730697632
train,295,0.6666666865348816
train,296,0.3333333432674408
train,297,0.3333333432674408
train,298,0.3333333432674408
train,299,0.6666666865348816
train,300,2.3333332538604736
train,301,0.6666666865348816
train,302,0.6666666865348816
train,303,-1.3333333730697632
train,304,0.0
train,305,-1.6666666269302368
train,306,-1.3333333730697632
train,307,-1.6666666269302368
train,308,-1.6666666269302368
train,309,0.0
train,310,1.0
train,311,-2.0
train,312,0.0
train,313,-0.6666666865348816
train,314,-1.3333333730697632
train,315,-0.3333333432674408
train,316,-1.0
train,317,-1.3333333730697632
train,318,2.3333332538604736
train,319,-0.6666666865348816
train,320,1.3333333730697632
train,321,-1.3333333730697632
train,322,0.0
train,323,-1.6666666269302368
train,324,-1.0
train,325,-2.3333332538604736
train,326,-1.3333333730697632
train,327,1.6666666269302368
train,328,1.6666666269302368
train,329,2.0
train,330,0.3333333432674408
train,331,1.0
train,332,1.6666666269302368
train,333,0.0
train,334,0.0
train,335,2.0
train,336,1.0
train,337,-2.3333332538604736
train,338,-1.0
train,339,0.3333333432674408
train,340,-2.3333332538604736
train,341,0.0
train,342,0.0
train,343,-1.3333333730697632
train,344,0.3333333432674408
train,345,0.3333333432674408
train,346,1.6666666269302368
train,347,0.0
train,348,0.0
train,349,0.0
train,350,1.0
train,351,0.0
train,352,0.0
train,353,1.0
train,354,2.6666667461395264
train,355,2.0
train,356,2.0
train,357,-2.0
train,358,-2.6666667461395264
train,359,-0.3333333432674408
train,360,0.0
train,361,-2.6666667461395264
train,362,0.0
train,363,-1.6666666269302368
train,364,1.6666666269302368
train,365,2.0
train,366,0.0
train,367,-1.6666666269302368
train,368,-0.3333333432674408
train,369,1.6666666269302368
train,370,-2.3333332538604736
train,371,0.6666666865348816
train,372,-1.0
train,373,-1.3333333730697632
train,374,0.0
train,375,0.3333333432674408
train,376,2.0
train,377,0.0
train,378,-0.6666666865348816
train,379,-0.3333333432674408
train,380,-1.0
train,381,-0.3333333432674408
train,382,-1.0
train,383,-2.0
train,384,-1.6666666269302368
train,385,0.3333333432674408
train,386,0.0
train,387,0.0
train,388,0.0
train,389,1.0
train,390,0.0
train,391,-0.3333333432674408
train,392,-2.6666667461395264
train,393,-2.3333332538604736
train,394,0.0
train,395,-1.0
train,396,-2.3333332538604736
train,397,0.0
train,398,-0.3333333432674408
train,399,0.0
train,400,-3.0
train,401,-2.0
train,402,-0.3333333432674408
train,403,0.0
train,404,-1.3333333730697632
train,405,0.3333333432674408
train,406,0.0
train,407,0.0
train,408,1.6666666269302368
train,409,-1.6666666269302368
train,410,-2.0
train,411,-1.6666666269302368
train,412,0.0
train,413,-1.0
train,414,0.6666666865348816
train,415,0.0
train,416,0.3333333432674408
train,417,0.3333333432674408
train,418,-1.6666666269302368
train,419,2.0
train,420,-0.6666666865348816
train,421,-2.0
train,422,-2.6666667461395264
train,423,2.3333332538604736
train,424,0.0
train,425,0.0
train,426,-0.6666666865348816
train,427,-1.0
train,428,0.0
train,429,0.0
train,430,0.0
train,431,0.0
train,432,2.6666667461395264
train,433,-2.6666667461395264
train,434,-2.0
train,435,0.0
train,436,0.0
train,437,0.0
train,438,1.3333333730697632
train,439,0.0
train,440,0.3333333432674408
train,441,1.3333333730697632
train,442,0.0
train,443,1.3333333730697632
train,444,-2.6666667461395264
train,445,1.0
train,446,-1.6666666269302368
train,447,0.0
train,448,0.0
train,449,0.3333333432674408
train,450,0.0
train,451,-1.3333333730697632
train,452,-1.0
train,453,-2.0
train,454,-0.6666666865348816
train,455,1.6666666269302368
train,456,-0.3333333432674408
train,457,-1.6666666269302368
train,458,-2.0
train,459,0.6666666865348816
train,460,1.6666666269302368
train,461,-1.3333333730697632
train,462,0.0
train,463,-0.6666666865348816
train,464,2.6666667461395264
train,465,0.3333333432674408
train,466,0.0
train,467,0.6666666865348816
train,468,0.0
train,469,-1.0
train,470,0.0
train,471,0.3333333432674408
train,472,-0.3333333432674408
train,473,0.6666666865348816
train,474,0.0
train,475,0.3333333432674408
train,476,2.0
train,477,-0.3333333432674408
train,478,-2.6666667461395264
train,479,-0.6666666865348816
train,480,0.0
train,481,-2.3333332538604736
train,482,0.0
train,483,-0.3333333432674408
train,484,-0.6666666865348816
train,485,0.0
train,486,-0.3333333432674408
train,487,-2.0
train,488,0.0
train,489,-2.3333332538604736
train,490,0.3333333432674408
train,491,-0.6666666865348816
train,492,-2.3333332538604736
train,493,-1.0
train,494,0.0
train,495,-2.0
train,496,0.6666666865348816
train,497,2.0
train,498,2.3333332538604736
train,499,0.0
train,500,1.3333333730697632
train,501,0.0
train,502,0.3333333432674408
train,503,0.0
train,504,-1.6666666269302368
train,505,-2.0
train,506,-2.6666667461395264
train,507,0.6666666865348816
train,508,0.0
train,509,0.0
train,510,0.0
train,511,0.0
train,512,0.3333333432674408
train,513,-1.0
train,514,-2.6666667461395264
train,515,-2.6666667461395264
train,516,-1.6666666269302368
train,517,-2.0
train,518,-0.6666666865348816
train,519,-2.3333332538604736
train,520,-1.3333333730697632
train,521,-1.3333333730697632
train,522,-1.6666666269302368
train,523,-2.6666667461395264
train,524,-2.6666667461395264
train,525,-3.0
train,526,-1.6666666269302368
train,527,-1.3333333730697632
train,528,-2.0
train,529,1.3333333730697632
train,530,2.0
train,531,0.6666666865348816
train,532,2.6666667461395264
train,533,1.6666666269302368
train,534,0.0
train,535,-0.6666666865348816
train,536,2.3333332538604736
train,537,0.0
train,538,-1.0
train,539,-1.6666666269302368
train,540,0.0
train,541,-0.3333333432674408
train,542,-2.0
train,543,-0.6666666865348816
train,544,-2.0
train,545,0.3333333432674408
train,546,-2.6666667461395264
train,547,-2.3333332538604736
train,548,-2.6666667461395264
train,549,-1.6666666269302368
train,550,-2.0
train,551,-0.6666666865348816
train,552,0.3333333432674408
train,553,-1.0
train,554,0.6666666865348816
train,555,0.0
train,556,0.3333333432674408
train,557,-0.3333333432674408
train,558,1.0
train,559,-0.6666666865348816
train,560,-1.0
train,561,0.0
train,562,2.3333332538604736
train,563,0.6666666865348816
train,564,1.6666666269302368
train,565,2.3333332538604736
train,566,0.0
train,567,3.0
train,568,-1.6666666269302368
train,569,-1.6666666269302368
train,570,-2.0
train,571,0.0
train,572,1.0
train,573,1.0
train,574,1.0
train,575,0.0
train,576,0.0
train,577,-0.3333333432674408
train,578,0.0
train,579,2.6666667461395264
train,580,0.6666666865348816
train,581,-1.6666666269302368
train,582,0.0
train,583,0.0
train,584,-1.6666666269302368
train,585,-0.6666666865348816
train,586,-2.3333332538604736
train,587,0.3333333432674408
train,588,-0.6666666865348816
train,589,-1.6666666269302368
train,590,-0.3333333432674408
train,591,-1.6666666269302368
train,592,-1.0
train,593,-0.6666666865348816
train,594,0.0
train,595,0.3333333432674408
train,596,0.0
train,597,0.6666666865348816
train,598,-0.3333333432674408
train,599,-0.3333333432674408
train,600,-2.3333332538604736
train,601,0.0
train,602,-1.6666666269302368
train,603,-2.0
train,604,-0.3333333432674408
train,605,-0.3333333432674408
train,606,-1.6666666269302368
train,607,0.0
train,608,0.0
train,609,0.0
train,610,-1.3333333730697632
train,611,-0.6666666865348816
train,612,-1.3333333730697632
train,613,0.0
train,614,-2.3333332538604736
train,615,-1.0
train,616,0.0
train,617,0.0
train,618,-1.6666666269302368
train,619,0.0
train,620,0.6666666865348816
train,621,-2.0
train,622,0.3333333432674408
train,623,-0.6666666865348816
train,624,1.6666666269302368
train,625,0.6666666865348816
train,626,-0.3333333432674408
train,627,-1.0
train,628,-0.6666666865348816
train,629,-0.6666666865348816
train,630,0.3333333432674408
train,631,-1.0
train,632,0.0
train,633,0.0
train,634,2.3333332538604736
train,635,-1.0
train,636,-1.3333333730697632
train,637,-0.6666666865348816
train,638,-2.3333332538604736
train,639,-1.3333333730697632
train,640,-1.3333333730697632
train,641,-1.3333333730697632
train,642,0.3333333432674408
train,643,-1.3333333730697632
train,644,0.3333333432674408
train,645,-1.3333333730697632
train,646,-1.6666666269302368
train,647,-0.6666666865348816
train,648,0.0
train,649,0.0
train,650,0.0
train,651,-1.6666666269302368
train,652,-0.3333333432674408
train,653,0.3333333432674408
train,654,1.6666666269302368
train,655,0.0
train,656,0.6666666865348816
train,657,1.3333333730697632
train,658,0.3333333432674408
train,659,-0.6666666865348816
train,660,0.0
train,661,-0.6666666865348816
train,662,0.0
train,663,-0.3333333432674408
train,664,-1.3333333730697632
train,665,-0.3333333432674408
train,666,0.0
train,667,-2.0
train,668,-0.3333333432674408
train,669,-2.0
train,670,-2.3333332538604736
train,671,-1.3333333730697632
train,672,-1.3333333730697632
train,673,-2.0
train,674,-0.6666666865348816
train,675,-0.3333333432674408
train,676,-1.0
train,677,-2.0
train,678,0.0
train,679,0.0
train,680,0.0
train,681,0.0
train,682,-2.3333332538604736
train,683,-2.6666667461395264
train,684,-2.3333332538604736
train,685,0.0
train,686,-2.6666667461395264
train,687,-2.0
train,688,-1.6666666269302368
train,689,-2.0
train,690,-2.0
train,691,-2.0
train,692,0.0
train,693,0.3333333432674408
train,694,-1.3333333730697632
train,695,-2.3333332538604736
train,696,-2.6666667461395264
train,697,0.0
train,698,-0.6666666865348816
train,699,0.0
train,700,-1.0
train,701,-1.0
train,702,-3.0
train,703,-1.0
train,704,-1.0
train,705,0.0
train,706,-0.6666666865348816
train,707,-2.3333332538604736
train,708,-3.0
train,709,-1.0
train,710,0.3333333432674408
train,711,0.0
train,712,0.0
train,713,0.0
train,714,-3.0
train,715,-1.3333333730697632
train,716,-2.3333332538604736
train,717,-1.6666666269302368
train,718,-0.6666666865348816
train,719,-3.0
train,720,-0.6666666865348816
train,721,0.3333333432674408
train,722,-2.6666667461395264
train,723,-1.6666666269302368
train,724,-1.6666666269302368
train,725,-0.6666666865348816
train,726,0.0
train,727,-3.0
train,728,-0.3333333432674408
train,729,0.3333333432674408
train,730,-0.6666666865348816
train,731,-2.0
train,732,-2.0
train,733,0.6666666865348816
train,734,0.0
train,735,-0.3333333432674408
train,736,-0.3333333432674408
train,737,0.0
train,738,2.3333332538604736
train,739,1.3333333730697632
train,740,-1.0
train,741,-0.6666666865348816
train,742,-2.3333332538604736
train,743,-2.0
train,744,2.0
train,745,-2.6666667461395264
train,746,0.3333333432674408
train,747,0.0
train,748,0.0
train,749,-0.3333333432674408
train,750,0.0
train,751,-1.0
train,752,-2.0
train,753,-1.6666666269302368
train,754,-1.6666666269302368
train,755,-2.0
train,756,-1.6666666269302368
train,757,-2.0
train,758,0.6666666865348816
train,759,0.3333333432674408
train,760,-0.6666666865348816
train,761,0.0
train,762,-1.6666666269302368
train,763,-2.3333332538604736
train,764,0.0
train,765,-1.0
train,766,0.0
train,767,-0.3333333432674408
train,768,-0.3333333432674408
train,769,-2.0
train,770,-2.6666667461395264
train,771,-2.0
train,772,-2.0
train,773,-1.6666666269302368
train,774,-1.6666666269302368
train,775,-2.6666667461395264
train,776,-3.0
train,777,-1.6666666269302368
train,778,-2.0
train,779,1.0
train,780,-2.0
train,781,-2.6666667461395264
train,782,-0.6666666865348816
train,783,-1.0
train,784,-0.6666666865348816
train,785,-0.3333333432674408
train,786,-1.6666666269302368
train,787,-3.0
train,788,-2.0
train,789,0.0
train,790,0.0
train,791,-2.0
train,792,-0.3333333432674408
train,793,-0.3333333432674408
train,794,-1.3333333730697632
train,795,0.0
train,796,0.3333333432674408
train,797,0.3333333432674408
train,798,-2.6666667461395264
train,799,-2.6666667461395264
train,800,-2.0
train,801,0.0
train,802,-2.0
train,803,-3.0
train,804,-2.3333332538604736
train,805,-2.6666667461395264
train,806,0.3333333432674408
train,807,-0.3333333432674408
train,808,-0.6666666865348816
train,809,-0.3333333432674408
train,810,-2.0
train,811,-1.6666666269302368
train,812,-1.0
train,813,0.3333333432674408
train,814,0.0
train,815,-2.0
train,816,-2.0
train,817,2.6666667461395264
train,818,1.6666666269302368
train,819,-0.6666666865348816
train,820,0.6666666865348816
train,821,0.0
train,822,0.0
train,823,0.0
train,824,0.0
train,825,-0.3333333432674408
train,826,0.0
train,827,-1.6666666269302368
train,828,-0.6666666865348816
train,829,0.6666666865348816
train,830,0.0
train,831,-2.3333332538604736
train,832,-1.3333333730697632
train,833,-2.0
train,834,-1.3333333730697632
train,835,-2.3333332538604736
train,836,-3.0
train,837,0.3333333432674408
train,838,-0.6666666865348816
train,839,0.0
train,840,0.3333333432674408
train,841,-1.3333333730697632
train,842,0.6666666865348816
train,843,1.6666666269302368
train,844,-1.0
train,845,-1.6666666269302368
train,846,0.3333333432674408
train,847,-1.6666666269302368
train,848,0.0
train,849,-1.6666666269302368
train,850,0.0
train,851,-0.3333333432674408
train,852,-1.3333333730697632
train,853,0.0
train,854,-1.0
train,855,0.0
train,856,-1.3333333730697632
train,857,-1.6666666269302368
train,858,-2.3333332538604736
train,859,-1.6666666269302368
train,860,-1.3333333730697632
train,861,-1.0
train,862,0.0
train,863,-1.6666666269302368
train,864,-0.3333333432674408
train,865,-1.6666666269302368
train,866,0.3333333432674408
train,867,0.3333333432674408
train,868,-0.3333333432674408
train,869,-1.3333333730697632
train,870,-0.3333333432674408
train,871,-2.3333332538604736
train,872,-2.3333332538604736
train,873,-0.3333333432674408
train,874,0.0
train,875,-0.6666666865348816
train,876,0.3333333432674408
train,877,0.3333333432674408
train,878,0.0
train,879,-0.3333333432674408
train,880,-1.3333333730697632
train,881,-1.6666666269302368
train,882,0.0
train,883,-2.6666667461395264
train,884,1.0
train,885,1.3333333730697632
train,886,-0.3333333432674408
train,887,0.3333333432674408
train,888,0.0
train,889,0.3333333432674408
train,890,-0.3333333432674408
train,891,-1.3333333730697632
train,892,2.3333332538604736
train,893,0.6666666865348816
train,894,-0.3333333432674408
train,895,2.6666667461395264
train,896,2.0
train,897,0.3333333432674408
train,898,0.6666666865348816
train,899,2.0
train,900,1.0
train,901,0.6666666865348816
train,902,-1.6666666269302368
train,903,1.3333333730697632
train,904,0.6666666865348816
train,905,2.0
train,906,2.3333332538604736
train,907,-1.0
train,908,-1.3333333730697632
train,909,-1.0
train,910,0.0
train,911,0.6666666865348816
train,912,0.0
train,913,0.0
train,914,0.6666666865348816
train,915,0.0
train,916,0.0
train,917,0.0
train,918,1.3333333730697632
train,919,0.6666666865348816
train,920,1.3333333730697632
train,921,0.3333333432674408
train,922,0.0
train,923,0.3333333432674408
train,924,2.0
train,925,2.3333332538604736
train,926,1.3333333730697632
train,927,1.6666666269302368
train,928,0.3333333432674408
train,929,-0.3333333432674408
train,930,-2.0
train,931,-0.6666666865348816
train,932,1.3333333730697632
train,933,2.0
train,934,0.0
train,935,0.0
train,936,-0.6666666865348816
train,937,0.6666666865348816
train,938,1.6666666269302368
train,939,0.0
train,940,0.3333333432674408
train,941,2.6666667461395264
train,942,0.3333333432674408
train,943,-1.0
train,944,0.3333333432674408
train,945,-2.3333332538604736
train,946,1.3333333730697632
train,947,0.0
train,948,1.3333333730697632
train,949,-1.0
train,950,0.0
train,951,0.3333333432674408
train,952,1.6666666269302368
train,953,0.6666666865348816
train,954,0.0
train,955,0.6666666865348816
train,956,0.0
train,957,2.0
train,958,0.0
train,959,2.3333332538604736
train,960,0.0
train,961,0.0
train,962,0.0
train,963,0.0
train,964,1.6666666269302368
train,965,2.6666667461395264
train,966,3.0
train,967,2.3333332538604736
train,968,0.0
train,969,0.0
train,970,1.6666666269302368
train,971,0.0
train,972,-1.3333333730697632
train,973,0.3333333432674408
train,974,0.3333333432674408
train,975,-2.0
train,976,-1.6666666269302368
train,977,-2.0
train,978,-1.6666666269302368
train,979,-2.6666667461395264
train,980,-3.0
train,981,-1.0
train,982,-1.3333333730697632
train,983,0.0
train,984,-2.0
train,985,0.0
train,986,1.0
train,987,0.6666666865348816
train,988,2.0
train,989,-0.3333333432674408
train,990,1.3333333730697632
train,991,0.3333333432674408
train,992,2.3333332538604736
train,993,0.0
train,994,0.6666666865348816
train,995,-0.3333333432674408
train,996,0.0
train,997,-1.6666666269302368
train,998,0.0
train,999,0.6666666865348816
train,1000,0.3333333432674408
train,1001,0.3333333432674408
train,1002,0.6666666865348816
train,1003,1.0
train,1004,0.0
train,1005,0.3333333432674408
train,1006,0.3333333432674408
train,1007,-0.3333333432674408
train,1008,-0.6666666865348816
train,1009,1.6666666269302368
train,1010,0.3333333432674408
train,1011,-0.3333333432674408
train,1012,0.6666666865348816
train,1013,1.3333333730697632
train,1014,0.3333333432674408
train,1015,2.0
train,1016,0.3333333432674408
train,1017,-1.0
train,1018,0.3333333432674408
train,1019,0.0
train,1020,0.0
train,1021,-1.0
train,1022,0.6666666865348816
train,1023,-0.3333333432674408
train,1024,-1.3333333730697632
train,1025,-0.6666666865348816
train,1026,0.0
train,1027,0.0
train,1028,-1.0
train,1029,1.0
train,1030,1.3333333730697632
train,1031,2.0
train,1032,2.0
train,1033,-0.6666666865348816
train,1034,-2.6666667461395264
train,1035,-0.3333333432674408
train,1036,-0.6666666865348816
train,1037,1.6666666269302368
train,1038,0.3333333432674408
train,1039,0.0
train,1040,-1.3333333730697632
train,1041,0.3333333432674408
train,1042,-1.3333333730697632
train,1043,-1.6666666269302368
train,1044,1.0
train,1045,0.3333333432674408
train,1046,-1.6666666269302368
train,1047,-1.0
train,1048,-0.3333333432674408
train,1049,0.0
train,1050,0.3333333432674408
train,1051,0.3333333432674408
train,1052,1.3333333730697632
train,1053,0.0
train,1054,-1.3333333730697632
train,1055,0.0
train,1056,-1.0
train,1057,-2.3333332538604736
train,1058,-1.3333333730697632
train,1059,-1.0
train,1060,0.0
train,1061,-1.3333333730697632
train,1062,0.6666666865348816
train,1063,-2.6666667461395264
train,1064,-2.0
train,1065,0.0
train,1066,0.0
train,1067,-1.3333333730697632
train,1068,-1.3333333730697632
train,1069,0.0
train,1070,-1.6666666269302368
train,1071,0.0
train,1072,1.6666666269302368
train,1073,0.0
train,1074,0.0
train,1075,-0.6666666865348816
train,1076,0.0
train,1077,-2.0
train,1078,-1.6666666269302368
train,1079,1.0
train,1080,-0.3333333432674408
train,1081,0.3333333432674408
train,1082,1.6666666269302368
train,1083,-0.3333333432674408
train,1084,1.6666666269302368
train,1085,0.3333333432674408
train,1086,0.3333333432674408
train,1087,0.6666666865348816
train,1088,0.0
train,1089,0.3333333432674408
train,1090,0.3333333432674408
train,1091,2.0
train,1092,0.6666666865348816
train,1093,0.0
train,1094,0.6666666865348816
train,1095,0.6666666865348816
train,1096,-0.3333333432674408
train,1097,1.3333333730697632
train,1098,0.0
train,1099,0.0
train,1100,1.6666666269302368
train,1101,-1.3333333730697632
train,1102,0.3333333432674408
train,1103,0.0
train,1104,1.6666666269302368
train,1105,1.0
train,1106,0.3333333432674408
train,1107,0.6666666865348816
train,1108,1.0
train,1109,-1.0
train,1110,0.6666666865348816
train,1111,0.0
train,1112,1.6666666269302368
train,1113,0.0
train,1114,0.6666666865348816
train,1115,0.6666666865348816
train,1116,0.6666666865348816
train,1117,-0.3333333432674408
train,1118,0.6666666865348816
train,1119,1.6666666269302368
train,1120,0.0
train,1121,0.3333333432674408
train,1122,1.6666666269302368
train,1123,0.3333333432674408
train,1124,1.0
train,1125,-1.3333333730697632
train,1126,-1.0
train,1127,0.3333333432674408
train,1128,0.3333333432674408
train,1129,0.0
train,1130,-0.6666666865348816
train,1131,0.0
train,1132,2.0
train,1133,0.6666666865348816
train,1134,0.0
train,1135,1.6666666269302368
train,1136,1.0
train,1137,0.0
train,1138,0.3333333432674408
train,1139,0.0
train,1140,0.0
train,1141,-2.0
train,1142,-1.0
train,1143,0.0
train,1144,0.6666666865348816
train,1145,-2.0
train,1146,-3.0
train,1147,-0.6666666865348816
train,1148,-2.6666667461395264
train,1149,0.0
train,1150,0.0
train,1151,2.3333332538604736
train,1152,0.3333333432674408
train,1153,0.0
train,1154,0.6666666865348816
train,1155,0.3333333432674408
train,1156,0.3333333432674408
train,1157,0.6666666865348816
train,1158,1.3333333730697632
train,1159,1.6666666269302368
train,1160,0.6666666865348816
train,1161,0.3333333432674408
train,1162,0.0
train,1163,-0.6666666865348816
train,1164,0.0
train,1165,0.0
train,1166,0.6666666865348816
train,1167,0.0
train,1168,0.3333333432674408
train,1169,0.0
train,1170,-0.3333333432674408
train,1171,0.0
train,1172,0.0
train,1173,0.3333333432674408
train,1174,-0.3333333432674408
train,1175,0.3333333432674408
train,1176,2.3333332538604736
train,1177,0.6666666865348816
train,1178,-0.6666666865348816
train,1179,-0.3333333432674408
train,1180,0.0
train,1181,-0.6666666865348816
train,1182,0.6666666865348816
train,1183,-1.6666666269302368
train,1184,-1.3333333730697632
train,1185,-0.6666666865348816
train,1186,-1.0
train,1187,-1.6666666269302368
train,1188,0.6666666865348816
train,1189,0.6666666865348816
train,1190,0.3333333432674408
train,1191,0.0
train,1192,0.0
train,1193,1.6666666269302368
train,1194,1.3333333730697632
train,1195,0.6666666865348816
train,1196,1.6666666269302368
train,1197,0.3333333432674408
train,1198,1.0
train,1199,0.0
train,1200,0.3333333432674408
train,1201,1.0
train,1202,0.3333333432674408
train,1203,1.0
train,1204,0.0
train,1205,0.0
train,1206,0.3333333432674408
train,1207,-0.3333333432674408
train,1208,-0.3333333432674408
train,1209,1.6666666269302368
train,1210,2.0
train,1211,1.3333333730697632
train,1212,2.0
train,1213,0.0
train,1214,0.3333333432674408
train,1215,0.0
train,1216,0.0
train,1217,1.0
train,1218,0.0
train,1219,0.3333333432674408
train,1220,-0.6666666865348816
train,1221,-0.3333333432674408
train,1222,0.6666666865348816
train,1223,-0.3333333432674408
train,1224,0.3333333432674408
train,1225,1.0
train,1226,-1.6666666269302368
train,1227,-2.3333332538604736
train,1228,1.0
train,1229,0.0
train,1230,-3.0
train,1231,-1.0
train,1232,0.0
train,1233,0.6666666865348816
train,1234,-1.0
train,1235,0.0
train,1236,0.0
train,1237,-3.0
train,1238,-1.0
train,1239,-1.0
train,1240,0.0
train,1241,-2.6666667461395264
train,1242,0.3333333432674408
train,1243,-1.3333333730697632
train,1244,0.0
train,1245,0.0
train,1246,1.0
train,1247,-1.0
train,1248,1.0
train,1249,-0.3333333432674408
train,1250,-0.3333333432674408
train,1251,0.0
train,1252,0.3333333432674408
train,1253,-1.3333333730697632
train,1254,0.3333333432674408
train,1255,0.0
train,1256,0.0
train,1257,0.3333333432674408
train,1258,-0.6666666865348816
train,1259,0.0
train,1260,-0.3333333432674408
train,1261,-0.6666666865348816
train,1262,-0.6666666865348816
train,1263,-2.0
train,1264,0.3333333432674408
train,1265,-2.0
train,1266,-1.6666666269302368
train,1267,-2.3333332538604736
train,1268,-1.3333333730697632
train,1269,-1.6666666269302368
train,1270,-0.3333333432674408
train,1271,1.3333333730697632
train,1272,1.3333333730697632
train,1273,0.3333333432674408
train,1274,0.6666666865348816
train,1275,1.0
train,1276,0.0
train,1277,-0.6666666865348816
train,1278,0.3333333432674408
train,1279,0.6666666865348816
train,1280,0.6666666865348816
train,1281,1.3333333730697632
train,1282,0.0
train,1283,0.3333333432674408
train,1284,0.0
train,1285,0.0
train,1286,0.0
train,1287,0.3333333432674408
train,1288,2.0
train,1289,0.3333333432674408
train,1290,0.3333333432674408
train,1291,0.0
train,1292,1.0
train,1293,0.3333333432674408
train,1294,0.3333333432674408
train,1295,1.3333333730697632
train,1296,1.0
train,1297,0.6666666865348816
train,1298,0.0
train,1299,-0.3333333432674408
train,1300,-0.3333333432674408
train,1301,1.6666666269302368
train,1302,0.0
train,1303,0.0
train,1304,1.0
train,1305,2.3333332538604736
train,1306,0.3333333432674408
train,1307,-2.0
train,1308,-2.0
train,1309,-1.3333333730697632
train,1310,-2.0
train,1311,0.0
train,1312,-1.6666666269302368
train,1313,-1.6666666269302368
train,1314,0.6666666865348816
train,1315,0.3333333432674408
train,1316,0.3333333432674408
train,1317,0.0
train,1318,0.0
train,1319,0.0
train,1320,0.3333333432674408
train,1321,1.0
train,1322,-2.3333332538604736
train,1323,1.6666666269302368
train,1324,-1.0
train,1325,-1.0
train,1326,-0.6666666865348816
train,1327,0.6666666865348816
train,1328,0.0
train,1329,2.6666667461395264
train,1330,2.6666667461395264
train,1331,2.6666667461395264
train,1332,0.0
train,1333,3.0
train,1334,2.0
train,1335,3.0
train,1336,-2.0
train,1337,0.0
train,1338,0.0
train,1339,1.6666666269302368
train,1340,-1.6666666269302368
train,1341,-0.3333333432674408
train,1342,1.6666666269302368
train,1343,-3.0
train,1344,0.6666666865348816
train,1345,0.0
train,1346,0.0
train,1347,0.0
train,1348,2.6666667461395264
train,1349,1.6666666269302368
train,1350,-0.3333333432674408
train,1351,-1.0
train,1352,-0.3333333432674408
train,1353,0.0
train,1354,0.0
train,1355,0.0
train,1356,1.6666666269302368
train,1357,0.3333333432674408
train,1358,0.0
train,1359,-1.0
train,1360,2.0
train,1361,0.0
train,1362,1.0
train,1363,-2.0
train,1364,0.0
train,1365,0.3333333432674408
train,1366,0.6666666865348816
train,1367,0.0
train,1368,1.0
train,1369,0.6666666865348816
train,1370,1.3333333730697632
train,1371,0.3333333432674408
train,1372,1.0
train,1373,1.6666666269302368
train,1374,0.3333333432674408
train,1375,1.0
train,1376,0.3333333432674408
train,1377,0.0
train,1378,0.0
train,1379,0.0
train,1380,1.3333333730697632
train,1381,2.6666667461395264
train,1382,-1.6666666269302368
train,1383,1.0
train,1384,1.0
train,1385,1.3333333730697632
train,1386,0.3333333432674408
train,1387,0.3333333432674408
train,1388,-0.3333333432674408
train,1389,0.0
train,1390,2.3333332538604736
train,1391,0.3333333432674408
train,1392,0.6666666865348816
train,1393,2.3333332538604736
train,1394,1.3333333730697632
train,1395,0.0
train,1396,0.6666666865348816
train,1397,0.6666666865348816
train,1398,0.6666666865348816
train,1399,1.0
train,1400,0.6666666865348816
train,1401,0.3333333432674408
train,1402,-1.3333333730697632
train,1403,-1.6666666269302368
train,1404,-1.6666666269302368
train,1405,0.0
train,1406,-2.3333332538604736
train,1407,0.6666666865348816
train,1408,0.3333333432674408
train,1409,1.0
train,1410,0.0
train,1411,-1.6666666269302368
train,1412,-1.0
train,1413,-0.6666666865348816
train,1414,0.3333333432674408
train,1415,0.0
train,1416,1.0
train,1417,0.3333333432674408
train,1418,-2.6666667461395264
train,1419,-3.0
train,1420,-2.0
train,1421,0.3333333432674408
train,1422,-2.6666667461395264
train,1423,-1.6666666269302368
train,1424,-0.6666666865348816
train,1425,-2.0
train,1426,0.0
train,1427,2.0
train,1428,-2.0
train,1429,-2.3333332538604736
train,1430,-1.6666666269302368
train,1431,1.3333333730697632
train,1432,-2.0
train,1433,-2.6666667461395264
train,1434,-1.6666666269302368
train,1435,-2.0
train,1436,-2.3333332538604736
train,1437,-1.0
train,1438,0.0
train,1439,0.0
train,1440,-2.3333332538604736
train,1441,-2.0
train,1442,-1.0
train,1443,-1.0
train,1444,-0.6666666865348816
train,1445,-1.3333333730697632
train,1446,0.0
train,1447,-2.0
train,1448,-1.0
train,1449,-2.6666667461395264
train,1450,-2.3333332538604736
train,1451,0.0
train,1452,1.6666666269302368
train,1453,1.3333333730697632
train,1454,-0.6666666865348816
train,1455,3.0
train,1456,0.0
train,1457,2.0
train,1458,0.0
train,1459,0.0
train,1460,0.0
train,1461,2.6666667461395264
train,1462,0.6666666865348816
train,1463,0.0
train,1464,1.6666666269302368
train,1465,0.6666666865348816
train,1466,2.3333332538604736
train,1467,-0.6666666865348816
train,1468,-2.0
train,1469,-1.0
train,1470,0.0
train,1471,-0.6666666865348816
train,1472,1.3333333730697632
train,1473,0.3333333432674408
train,1474,-0.3333333432674408
train,1475,0.3333333432674408
train,1476,0.0
train,1477,2.3333332538604736
train,1478,0.0
train,1479,1.0
train,1480,0.0
train,1481,0.6666666865348816
train,1482,0.0
train,1483,-1.6666666269302368
train,1484,0.3333333432674408
train,1485,0.3333333432674408
train,1486,1.6666666269302368
train,1487,0.0
train,1488,0.0
train,1489,0.0
train,1490,0.0
train,1491,-2.6666667461395264
train,1492,0.3333333432674408
train,1493,0.0
train,1494,1.0
train,1495,0.3333333432674408
train,1496,1.0
train,1497,-0.3333333432674408
train,1498,0.6666666865348816
train,1499,0.0
train,1500,0.0
train,1501,2.3333332538604736
train,1502,0.6666666865348816
train,1503,0.0
train,1504,1.0
train,1505,-1.3333333730697632
train,1506,0.3333333432674408
train,1507,-0.3333333432674408
train,1508,1.3333333730697632
train,1509,0.0
train,1510,0.0
train,1511,0.6666666865348816
train,1512,0.0
train,1513,0.0
train,1514,0.3333333432674408
train,1515,2.3333332538604736
train,1516,0.3333333432674408
train,1517,-1.3333333730697632
train,1518,0.6666666865348816
train,1519,0.0
train,1520,-1.0
train,1521,1.0
train,1522,0.6666666865348816
train,1523,-0.3333333432674408
train,1524,1.0
train,1525,0.3333333432674408
train,1526,-0.3333333432674408
train,1527,-0.3333333432674408
train,1528,1.3333333730697632
train,1529,1.6666666269302368
train,1530,-0.6666666865348816
train,1531,1.0
train,1532,0.0
train,1533,0.0
train,1534,2.0
train,1535,-0.6666666865348816
train,1536,0.6666666865348816
train,1537,0.3333333432674408
train,1538,0.3333333432674408
train,1539,0.6666666865348816
train,1540,1.0
train,1541,0.3333333432674408
train,1542,-0.6666666865348816
train,1543,-0.6666666865348816
train,1544,0.0
train,1545,0.6666666865348816
train,1546,0.6666666865348816
train,1547,2.6666667461395264
train,1548,0.6666666865348816
train,1549,1.0
train,1550,2.0
train,1551,0.6666666865348816
train,1552,0.0
train,1553,0.6666666865348816
train,1554,0.6666666865348816
train,1555,-0.6666666865348816
train,1556,0.0
train,1557,2.6666667461395264
train,1558,1.6666666269302368
train,1559,0.0
train,1560,0.3333333432674408
train,1561,-2.0
train,1562,-1.0
train,1563,-0.6666666865348816
train,1564,0.3333333432674408
train,1565,-0.6666666865348816
train,1566,-1.0
train,1567,0.6666666865348816
train,1568,0.0
train,1569,0.0
train,1570,1.0
train,1571,0.0
train,1572,0.0
train,1573,1.3333333730697632
train,1574,-0.3333333432674408
train,1575,0.0
train,1576,2.0
train,1577,0.3333333432674408
train,1578,0.0
train,1579,0.0
train,1580,1.0
train,1581,-0.3333333432674408
train,1582,0.0
train,1583,0.3333333432674408
train,1584,1.0
train,1585,0.6666666865348816
train,1586,0.0
train,1587,0.3333333432674408
train,1588,0.3333333432674408
train,1589,0.6666666865348816
train,1590,1.0
train,1591,1.0
train,1592,0.0
train,1593,1.0
train,1594,0.3333333432674408
train,1595,1.0
train,1596,0.6666666865348816
train,1597,1.3333333730697632
train,1598,0.3333333432674408
train,1599,1.3333333730697632
train,1600,0.0
train,1601,1.3333333730697632
train,1602,1.0
train,1603,0.0
train,1604,1.3333333730697632
train,1605,1.3333333730697632
train,1606,-1.3333333730697632
train,1607,0.3333333432674408
train,1608,2.0
train,1609,0.0
train,1610,0.0
train,1611,0.0
train,1612,0.0
train,1613,0.3333333432674408
train,1614,0.3333333432674408
train,1615,0.5
train,1616,1.6666666269302368
train,1617,-1.0
train,1618,0.0
train,1619,0.6666666865348816
train,1620,1.3333333730697632
train,1621,2.3333332538604736
train,1622,0.3333333432674408
train,1623,0.0
train,1624,0.3333333432674408
train,1625,0.3333333432674408
train,1626,0.3333333432674408
train,1627,-1.3333333730697632
train,1628,0.6666666865348816
train,1629,1.0
train,1630,1.6666666269302368
train,1631,1.0
train,1632,1.3333333730697632
train,1633,1.0
train,1634,-0.6666666865348816
train,1635,1.3333333730697632
train,1636,0.0
train,1637,1.0
train,1638,1.0
train,1639,1.3333333730697632
train,1640,2.0
train,1641,0.6666666865348816
train,1642,0.3333333432674408
train,1643,1.0
train,1644,0.3333333432674408
train,1645,1.0
train,1646,-0.6666666865348816
train,1647,0.3333333432674408
train,1648,1.0
train,1649,0.3333333432674408
train,1650,0.0
train,1651,-0.3333333432674408
train,1652,-0.3333333432674408
train,1653,0.3333333432674408
train,1654,-0.6666666865348816
train,1655,0.3333333432674408
train,1656,-0.3333333432674408
train,1657,0.6666666865348816
train,1658,1.3333333730697632
train,1659,0.6666666865348816
train,1660,1.3333333730697632
train,1661,0.3333333432674408
train,1662,1.0
train,1663,0.3333333432674408
train,1664,0.0
train,1665,-0.6666666865348816
train,1666,0.0
train,1667,0.3333333432674408
train,1668,0.0
train,1669,-1.0
train,1670,0.6666666865348816
train,1671,0.3333333432674408
train,1672,0.6666666865348816
train,1673,1.0
train,1674,-0.3333333432674408
train,1675,0.6666666865348816
train,1676,-1.3333333730697632
train,1677,0.0
train,1678,0.0
train,1679,0.3333333432674408
train,1680,-0.6666666865348816
train,1681,-1.6666666269302368
train,1682,0.0
train,1683,-1.0
train,1684,-0.3333333432674408
train,1685,-0.3333333432674408
train,1686,-0.3333333432674408
train,1687,1.0
train,1688,0.3333333432674408
train,1689,2.6666667461395264
train,1690,1.0
train,1691,0.6666666865348816
train,1692,1.0
train,1693,0.0
train,1694,0.3333333432674408
train,1695,-0.3333333432674408
train,1696,0.3333333432674408
train,1697,1.0
train,1698,0.6666666865348816
train,1699,0.0
train,1700,1.3333333730697632
train,1701,0.0
train,1702,1.0
train,1703,-0.6666666865348816
train,1704,0.6666666865348816
train,1705,0.3333333432674408
train,1706,0.3333333432674408
train,1707,1.6666666269302368
train,1708,0.3333333432674408
train,1709,0.6666666865348816
train,1710,1.0
train,1711,0.0
train,1712,2.3333332538604736
train,1713,0.6666666865348816
train,1714,0.6666666865348816
train,1715,0.0
train,1716,1.6666666269302368
train,1717,-0.3333333432674408
train,1718,-0.3333333432674408
train,1719,-1.6666666269302368
train,1720,0.0
train,1721,0.0
train,1722,1.3333333730697632
train,1723,0.6666666865348816
train,1724,1.0
train,1725,1.3333333730697632
train,1726,0.0
train,1727,0.6666666865348816
train,1728,0.0
train,1729,0.6666666865348816
train,1730,0.0
train,1731,0.6666666865348816
train,1732,0.6666666865348816
train,1733,0.0
train,1734,0.0
train,1735,0.6666666865348816
train,1736,2.3333332538604736
train,1737,1.0
train,1738,0.6666666865348816
train,1739,0.6666666865348816
train,1740,0.0
train,1741,3.0
train,1742,0.3333333432674408
train,1743,0.0
train,1744,0.3333333432674408
train,1745,0.3333333432674408
train,1746,1.0
train,1747,0.6666666865348816
train,1748,1.0
train,1749,1.3333333730697632
train,1750,2.3333332538604736
train,1751,1.6666666269302368
train,1752,-0.6666666865348816
train,1753,-0.6666666865348816
train,1754,0.0
train,1755,1.6666666269302368
train,1756,-0.3333333432674408
train,1757,0.6666666865348816
train,1758,0.3333333432674408
train,1759,-0.6666666865348816
train,1760,-0.6666666865348816
train,1761,1.6666666269302368
train,1762,1.3333333730697632
train,1763,1.0
train,1764,0.3333333432674408
train,1765,0.6666666865348816
train,1766,1.3333333730697632
train,1767,1.0
train,1768,0.3333333432674408
train,1769,2.6666667461395264
train,1770,0.6666666865348816
train,1771,0.6666666865348816
train,1772,0.0
train,1773,0.3333333432674408
train,1774,0.3333333432674408
train,1775,1.0
train,1776,1.6666666269302368
train,1777,0.0
train,1778,0.6666666865348816
train,1779,1.6666666269302368
train,1780,1.0
train,1781,1.3333333730697632
train,1782,0.0
train,1783,-0.6666666865348816
train,1784,-1.3333333730697632
train,1785,1.0
train,1786,1.0
train,1787,0.6666666865348816
train,1788,2.0
train,1789,1.3333333730697632
train,1790,0.6666666865348816
train,1791,0.6666666865348816
train,1792,1.3333333730697632
train,1793,2.3333332538604736
train,1794,1.0
train,1795,0.3333333432674408
train,1796,0.3333333432674408
train,1797,0.3333333432674408
train,1798,1.0
train,1799,1.0
train,1800,2.0
train,1801,1.0
train,1802,1.0
train,1803,1.3333333730697632
train,1804,2.0
train,1805,0.0
train,1806,0.6666666865348816
train,1807,2.3333332538604736
train,1808,0.3333333432674408
train,1809,-0.6666666865348816
train,1810,0.3333333432674408
train,1811,-0.3333333432674408
train,1812,1.0
train,1813,0.0
train,1814,1.6666666269302368
train,1815,0.6666666865348816
train,1816,0.3333333432674408
train,1817,1.0
train,1818,-0.3333333432674408
train,1819,0.3333333432674408
train,1820,-0.3333333432674408
train,1821,0.0
train,1822,1.3333333730697632
train,1823,-1.6666666269302368
train,1824,2.0
train,1825,0.3333333432674408
train,1826,0.0
train,1827,1.0
train,1828,0.6666666865348816
train,1829,2.0
train,1830,0.0
train,1831,1.3333333730697632
train,1832,0.6666666865348816
train,1833,0.6666666865348816
train,1834,1.3333333730697632
train,1835,0.6666666865348816
train,1836,0.3333333432674408
train,1837,1.0
train,1838,-0.3333333432674408
train,1839,0.0
train,1840,0.0
train,1841,-1.3333333730697632
train,1842,0.3333333432674408
train,1843,-0.3333333432674408
train,1844,1.6666666269302368
train,1845,0.6666666865348816
train,1846,0.3333333432674408
train,1847,0.3333333432674408
train,1848,0.3333333432674408
train,1849,1.0
train,1850,0.3333333432674408
train,1851,0.3333333432674408
train,1852,0.0
train,1853,-1.6666666269302368
train,1854,1.3333333730697632
train,1855,0.3333333432674408
train,1856,0.3333333432674408
train,1857,0.0
train,1858,0.0
train,1859,-1.0
train,1860,1.3333333730697632
train,1861,2.0
train,1862,-0.3333333432674408
train,1863,-0.3333333432674408
train,1864,0.6666666865348816
train,1865,1.6666666269302368
train,1866,1.0
train,1867,1.6666666269302368
train,1868,0.3333333432674408
train,1869,1.6666666269302368
train,1870,0.3333333432674408
train,1871,0.6666666865348816
train,1872,0.0
train,1873,0.6666666865348816
train,1874,0.0
train,1875,-0.3333333432674408
train,1876,0.3333333432674408
train,1877,1.3333333730697632
train,1878,2.0
train,1879,-1.0
train,1880,-0.3333333432674408
train,1881,-0.3333333432674408
train,1882,-0.3333333432674408
train,1883,0.0
train,1884,0.3333333432674408
train,1885,2.0
train,1886,2.0
train,1887,-0.6666666865348816
train,1888,1.0
train,1889,1.0
train,1890,0.6666666865348816
train,1891,1.6666666269302368
train,1892,1.3333333730697632
train,1893,2.0
train,1894,0.6666666865348816
train,1895,1.0
train,1896,-0.3333333432674408
train,1897,0.0
train,1898,-0.3333333432674408
train,1899,0.0
train,1900,-1.0
train,1901,0.0
train,1902,0.3333333432674408
train,1903,1.0
train,1904,0.3333333432674408
train,1905,1.0
train,1906,0.0
train,1907,1.3333333730697632
train,1908,0.3333333432674408
train,1909,1.0
train,1910,1.0
train,1911,0.6666666865348816
train,1912,-0.6666666865348816
train,1913,0.6666666865348816
train,1914,1.3333333730697632
train,1915,1.0
train,1916,-1.0
train,1917,0.6666666865348816
train,1918,1.0
train,1919,-0.6666666865348816
train,1920,-0.6666666865348816
train,1921,1.0
train,1922,2.0
train,1923,1.0
train,1924,0.3333333432674408
train,1925,0.6666666865348816
train,1926,2.0
train,1927,0.0
train,1928,1.0
train,1929,-1.6666666269302368
train,1930,-1.0
train,1931,0.0
train,1932,2.0
train,1933,0.0
train,1934,0.6666666865348816
train,1935,1.6666666269302368
train,1936,-0.3333333432674408
train,1937,0.3333333432674408
train,1938,0.3333333432674408
train,1939,0.3333333432674408
train,1940,0.3333333432674408
train,1941,2.0
train,1942,1.0
train,1943,0.3333333432674408
train,1944,0.3333333432674408
train,1945,0.0
train,1946,1.3333333730697632
train,1947,0.6666666865348816
train,1948,0.6666666865348816
train,1949,-0.3333333432674408
train,1950,0.3333333432674408
train,1951,-0.3333333432674408
train,1952,0.6666666865348816
train,1953,2.0
train,1954,1.3333333730697632
train,1955,0.6666666865348816
train,1956,1.3333333730697632
train,1957,1.6666666269302368
train,1958,1.0
train,1959,1.0
train,1960,-0.3333333432674408
train,1961,1.3333333730697632
train,1962,0.3333333432674408
train,1963,0.0
train,1964,0.6666666865348816
train,1965,0.0
train,1966,0.6666666865348816
train,1967,0.3333333432674408
train,1968,0.0
train,1969,0.0
train,1970,1.3333333730697632
train,1971,2.0
train,1972,-0.3333333432674408
train,1973,3.0
train,1974,1.6666666269302368
train,1975,0.0
train,1976,0.6666666865348816
train,1977,0.0
train,1978,-1.0
train,1979,-0.3333333432674408
train,1980,-1.0
train,1981,0.0
train,1982,0.3333333432674408
train,1983,0.6666666865348816
train,1984,0.3333333432674408
train,1985,0.3333333432674408
train,1986,1.0
train,1987,2.6666667461395264
train,1988,0.0
train,1989,0.0
train,1990,1.0
train,1991,-0.3333333432674408
train,1992,0.0
train,1993,1.0
train,1994,-0.6666666865348816
train,1995,1.6666666269302368
train,1996,1.0
train,1997,0.6666666865348816
train,1998,-0.3333333432674408
train,1999,2.0
train,2000,2.0
train,2001,1.0
train,2002,0.0
train,2003,0.6666666865348816
train,2004,1.3333333730697632
train,2005,1.6666666269302368
train,2006,0.3333333432674408
train,2007,1.6666666269302368
train,2008,0.0
train,2009,0.0
train,2010,1.3333333730697632
train,2011,2.0
train,2012,0.3333333432674408
train,2013,2.6666667461395264
train,2014,-0.6666666865348816
train,2015,0.6666666865348816
train,2016,0.0
train,2017,1.0
train,2018,0.3333333432674408
train,2019,0.3333333432674408
train,2020,0.3333333432674408
train,2021,1.0
train,2022,0.3333333432674408
train,2023,0.3333333432674408
train,2024,1.3333333730697632
train,2025,0.0
train,2026,-1.3333333730697632
train,2027,-2.3333332538604736
train,2028,0.6666666865348816
train,2029,0.6666666865348816
train,2030,-1.0
train,2031,-0.3333333432674408
train,2032,0.6666666865348816
train,2033,0.0
train,2034,0.3333333432674408
train,2035,0.3333333432674408
train,2036,-0.3333333432674408
train,2037,1.0
train,2038,1.3333333730697632
train,2039,-0.3333333432674408
train,2040,0.0
train,2041,0.0
train,2042,0.0
train,2043,0.0
train,2044,1.6666666269302368
train,2045,1.3333333730697632
train,2046,0.6666666865348816
train,2047,-0.6666666865348816
train,2048,-1.3333333730697632
train,2049,0.6666666865348816
train,2050,0.0
train,2051,0.6666666865348816
train,2052,-0.6666666865348816
train,2053,0.0
train,2054,2.3333332538604736
train,2055,0.6666666865348816
train,2056,0.0
train,2057,-0.6666666865348816
train,2058,1.3333333730697632
train,2059,1.3333333730697632
train,2060,-0.6666666865348816
train,2061,-2.0
train,2062,1.6666666269302368
train,2063,1.0
train,2064,1.3333333730697632
train,2065,0.6666666865348816
train,2066,0.0
train,2067,-1.3333333730697632
train,2068,0.0
train,2069,0.3333333432674408
train,2070,-0.3333333432674408
train,2071,1.0
train,2072,-1.0
train,2073,-0.6666666865348816
train,2074,0.0
train,2075,1.3333333730697632
train,2076,1.0
train,2077,2.0
train,2078,1.3333333730697632
train,2079,0.0
train,2080,0.0
train,2081,2.6666667461395264
train,2082,1.0
train,2083,0.6666666865348816
train,2084,0.3333333432674408
train,2085,0.6666666865348816
train,2086,0.0
train,2087,0.3333333432674408
train,2088,-0.3333333432674408
train,2089,0.0
train,2090,1.3333333730697632
train,2091,0.6666666865348816
train,2092,-1.6666666269302368
train,2093,0.6666666865348816
train,2094,0.3333333432674408
train,2095,2.0
train,2096,1.0
train,2097,-1.0
train,2098,-0.6666666865348816
train,2099,-0.6666666865348816
train,2100,1.3333333730697632
train,2101,1.0
train,2102,0.6666666865348816
train,2103,1.6666666269302368
train,2104,0.3333333432674408
train,2105,0.3333333432674408
train,2106,2.0
train,2107,2.0
train,2108,0.0
train,2109,0.0
train,2110,0.0
train,2111,-0.3333333432674408
train,2112,1.0
train,2113,0.0
train,2114,0.0
train,2115,0.3333333432674408
train,2116,0.0
train,2117,-0.3333333432674408
train,2118,1.3333333730697632
train,2119,0.6666666865348816
train,2120,-0.6666666865348816
train,2121,0.0
train,2122,0.0
train,2123,1.6666666269302368
train,2124,1.3333333730697632
train,2125,1.3333333730697632
train,2126,-2.0
train,2127,-0.6666666865348816
train,2128,-0.6666666865348816
train,2129,0.6666666865348816
train,2130,-1.0
train,2131,-1.0
train,2132,-0.6666666865348816
train,2133,0.3333333432674408
train,2134,-0.3333333432674408
train,2135,0.0
train,2136,0.6666666865348816
train,2137,-1.0
train,2138,0.6666666865348816
train,2139,1.0
train,2140,1.3333333730697632
train,2141,0.6666666865348816
train,2142,-1.0
train,2143,1.0
train,2144,0.0
train,2145,0.6666666865348816
train,2146,0.0
train,2147,1.6666666269302368
train,2148,0.0
train,2149,-0.3333333432674408
train,2150,1.0
train,2151,0.3333333432674408
train,2152,0.6666666865348816
train,2153,0.6666666865348816
train,2154,0.6666666865348816
train,2155,0.0
train,2156,0.6666666865348816
train,2157,0.3333333432674408
train,2158,-0.3333333432674408
train,2159,1.0
train,2160,0.6666666865348816
train,2161,-1.0
train,2162,2.0
train,2163,0.0
train,2164,0.0
train,2165,-0.3333333432674408
train,2166,1.3333333730697632
train,2167,0.6666666865348816
train,2168,1.3333333730697632
train,2169,0.0
train,2170,0.0
train,2171,0.0
train,2172,0.0
train,2173,-0.6666666865348816
train,2174,0.0
train,2175,0.3333333432674408
train,2176,2.0
train,2177,0.6666666865348816
train,2178,2.6666667461395264
train,2179,0.0
train,2180,-2.3333332538604736
train,2181,1.0
train,2182,0.0
train,2183,0.3333333432674408
train,2184,0.6666666865348816
train,2185,0.0
train,2186,-1.3333333730697632
train,2187,1.0
train,2188,1.0
train,2189,2.6666667461395264
train,2190,-1.3333333730697632
train,2191,-1.6666666269302368
train,2192,1.0
train,2193,0.3333333432674408
train,2194,0.0
train,2195,-2.0
train,2196,1.6666666269302368
train,2197,0.0
train,2198,0.0
train,2199,0.0
train,2200,0.3333333432674408
train,2201,-1.0
train,2202,1.3333333730697632
train,2203,0.0
train,2204,0.0
train,2205,0.6666666865348816
train,2206,0.6666666865348816
train,2207,0.0
train,2208,-0.3333333432674408
train,2209,0.3333333432674408
train,2210,0.6666666865348816
train,2211,2.0
train,2212,1.0
train,2213,0.3333333432674408
train,2214,1.0
train,2215,0.0
train,2216,1.0
train,2217,0.6666666865348816
train,2218,1.0
train,2219,0.6666666865348816
train,2220,0.3333333432674408
train,2221,0.6666666865348816
train,2222,2.0
train,2223,0.0
train,2224,0.6666666865348816
train,2225,0.6666666865348816
train,2226,1.3333333730697632
train,2227,-0.3333333432674408
train,2228,0.0
train,2229,0.3333333432674408
train,2230,1.3333333730697632
train,2231,0.3333333432674408
train,2232,0.0
train,2233,0.3333333432674408
train,2234,0.6666666865348816
train,2235,0.3333333432674408
train,2236,-0.3333333432674408
train,2237,0.3333333432674408
train,2238,0.0
train,2239,0.3333333432674408
train,2240,0.3333333432674408
train,2241,0.0
train,2242,0.3333333432674408
train,2243,0.0
train,2244,0.0
train,2245,1.3333333730697632
train,2246,0.3333333432674408
train,2247,1.0
train,2248,1.3333333730697632
train,2249,0.6666666865348816
train,2250,0.0
train,2251,0.6666666865348816
train,2252,0.0
train,2253,1.3333333730697632
train,2254,0.0
train,2255,0.0
train,2256,0.0
train,2257,0.0
train,2258,0.0
train,2259,1.3333333730697632
train,2260,-1.3333333730697632
train,2261,-1.6666666269302368
train,2262,0.6666666865348816
train,2263,0.3333333432674408
train,2264,0.3333333432674408
train,2265,0.0
train,2266,-0.3333333432674408
train,2267,-3.0
train,2268,0.6666666865348816
train,2269,2.0
train,2270,2.6666667461395264
train,2271,2.6666667461395264
train,2272,1.6666666269302368
train,2273,2.0
train,2274,-0.6666666865348816
train,2275,0.0
train,2276,0.0
train,2277,0.0
train,2278,2.6666667461395264
train,2279,1.6666666269302368
train,2280,0.0
train,2281,1.3333333730697632
train,2282,0.6666666865348816
train,2283,1.0
train,2284,1.6666666269302368
train,2285,0.0
train,2286,0.3333333432674408
train,2287,-0.3333333432674408
train,2288,0.0
train,2289,0.3333333432674408
train,2290,-1.0
train,2291,0.0
train,2292,-0.6666666865348816
train,2293,-2.0
train,2294,0.6666666865348816
train,2295,0.0
train,2296,0.0
train,2297,1.6666666269302368
train,2298,1.0
train,2299,2.0
train,2300,0.3333333432674408
train,2301,0.3333333432674408
train,2302,0.6666666865348816
train,2303,0.3333333432674408
train,2304,0.3333333432674408
train,2305,0.0
train,2306,-1.0
train,2307,-0.6666666865348816
train,2308,0.6666666865348816
train,2309,1.6666666269302368
train,2310,0.0
train,2311,0.0
train,2312,-0.3333333432674408
train,2313,0.6666666865348816
train,2314,0.6666666865348816
train,2315,0.0
train,2316,0.0
train,2317,0.6666666865348816
train,2318,2.3333332538604736
train,2319,1.6666666269302368
train,2320,0.3333333432674408
train,2321,1.6666666269302368
train,2322,0.0
train,2323,-0.6666666865348816
train,2324,-2.0
train,2325,0.3333333432674408
train,2326,0.6666666865348816
train,2327,0.6666666865348816
train,2328,-0.3333333432674408
train,2329,0.0
train,2330,0.6666666865348816
train,2331,1.3333333730697632
train,2332,0.0
train,2333,-0.3333333432674408
train,2334,0.0
train,2335,0.6666666865348816
train,2336,-0.3333333432674408
train,2337,2.0
train,2338,0.0
train,2339,0.0
train,2340,1.0
train,2341,0.6666666865348816
train,2342,2.0
train,2343,0.6666666865348816
train,2344,1.0
train,2345,0.6666666865348816
train,2346,1.0
train,2347,0.6666666865348816
train,2348,-0.3333333432674408
train,2349,1.6666666269302368
train,2350,1.0
train,2351,0.0
train,2352,1.3333333730697632
train,2353,1.0
train,2354,1.6666666269302368
train,2355,1.0
train,2356,1.3333333730697632
train,2357,0.0
train,2358,0.0
train,2359,2.0
train,2360,1.0
train,2361,0.3333333432674408
train,2362,1.3333333730697632
train,2363,0.3333333432674408
train,2364,0.3333333432674408
train,2365,0.0
train,2366,-0.3333333432674408
train,2367,-1.0
train,2368,0.0
train,2369,0.0
train,2370,1.6666666269302368
train,2371,0.3333333432674408
train,2372,0.0
train,2373,1.0
train,2374,1.0
train,2375,1.0
train,2376,1.3333333730697632
train,2377,1.3333333730697632
train,2378,0.0
train,2379,0.3333333432674408
train,2380,0.3333333432674408
train,2381,0.0
train,2382,-1.6666666269302368
train,2383,0.0
train,2384,0.0
train,2385,0.0
train,2386,0.0
train,2387,0.0
train,2388,2.0
train,2389,-1.3333333730697632
train,2390,1.0
train,2391,0.6666666865348816
train,2392,0.0
train,2393,0.0
train,2394,0.3333333432674408
train,2395,0.3333333432674408
train,2396,0.3333333432674408
train,2397,0.6666666865348816
train,2398,-1.6666666269302368
train,2399,-1.0
train,2400,1.3333333730697632
train,2401,0.0
train,2402,-0.3333333432674408
train,2403,1.6666666269302368
train,2404,-0.6666666865348816
train,2405,0.6666666865348816
train,2406,-0.6666666865348816
train,2407,-1.3333333730697632
train,2408,0.0
train,2409,-1.3333333730697632
train,2410,0.0
train,2411,1.0
train,2412,1.0
train,2413,0.3333333432674408
train,2414,0.3333333432674408
train,2415,0.0
train,2416,-1.0
train,2417,0.0
train,2418,2.3333332538604736
train,2419,0.0
train,2420,0.0
train,2421,0.0
train,2422,-0.3333333432674408
train,2423,-0.3333333432674408
train,2424,2.0
train,2425,0.3333333432674408
train,2426,0.3333333432674408
train,2427,0.6666666865348816
train,2428,1.0
train,2429,0.0
train,2430,1.3333333730697632
train,2431,0.0
train,2432,-0.3333333432674408
train,2433,-1.3333333730697632
train,2434,-0.3333333432674408
train,2435,0.0
train,2436,2.0
train,2437,0.6666666865348816
train,2438,1.0
train,2439,2.3333332538604736
train,2440,1.6666666269302368
train,2441,0.0
train,2442,0.6666666865348816
train,2443,-0.3333333432674408
train,2444,1.0
train,2445,1.0
train,2446,2.0
train,2447,1.6666666269302368
train,2448,1.3333333730697632
train,2449,1.3333333730697632
train,2450,1.6666666269302368
train,2451,2.0
train,2452,1.6666666269302368
train,2453,-0.3333333432674408
train,2454,2.0
train,2455,-0.3333333432674408
train,2456,0.0
train,2457,0.0
train,2458,-0.6666666865348816
train,2459,1.3333333730697632
train,2460,-1.3333333730697632
train,2461,0.6666666865348816
train,2462,0.6666666865348816
train,2463,0.6666666865348816
train,2464,2.0
train,2465,0.6666666865348816
train,2466,1.3333333730697632
train,2467,0.0
train,2468,0.0
train,2469,0.0
train,2470,1.0
train,2471,0.6666666865348816
train,2472,0.6666666865348816
train,2473,1.0
train,2474,1.3333333730697632
train,2475,0.3333333432674408
train,2476,0.6666666865348816
train,2477,-1.3333333730697632
train,2478,0.0
train,2479,0.3333333432674408
train,2480,-1.0
train,2481,1.3333333730697632
train,2482,-1.3333333730697632
train,2483,0.3333333432674408
train,2484,0.0
train,2485,0.0
train,2486,2.0
train,2487,0.0
train,2488,1.3333333730697632
train,2489,2.0
train,2490,-1.3333333730697632
train,2491,-0.6666666865348816
train,2492,-1.0
train,2493,1.0
train,2494,1.3333333730697632
train,2495,0.6666666865348816
train,2496,0.0
train,2497,1.0
train,2498,1.0
train,2499,1.3333333730697632
train,2500,0.6666666865348816
train,2501,1.0
train,2502,-0.3333333432674408
train,2503,1.3333333730697632
train,2504,2.0
train,2505,0.0
train,2506,0.3333333432674408
train,2507,0.0
train,2508,0.6666666865348816
train,2509,0.0
train,2510,0.0
train,2511,2.3333332538604736
train,2512,0.0
train,2513,0.0
train,2514,0.3333333432674408
train,2515,2.3333332538604736
train,2516,1.6666666269302368
train,2517,1.6666666269302368
train,2518,1.3333333730697632
train,2519,2.3333332538604736
train,2520,0.6666666865348816
train,2521,-0.6666666865348816
train,2522,-0.3333333432674408
train,2523,0.3333333432674408
train,2524,0.6666666865348816
train,2525,1.0
train,2526,0.6666666865348816
train,2527,2.0
train,2528,0.0
train,2529,0.6666666865348816
train,2530,0.6666666865348816
train,2531,0.3333333432674408
train,2532,-0.3333333432674408
train,2533,1.0
train,2534,-0.6666666865348816
train,2535,-0.3333333432674408
train,2536,0.6666666865348816
train,2537,0.3333333432674408
train,2538,0.0
train,2539,0.3333333432674408
train,2540,0.6666666865348816
train,2541,0.0
train,2542,-0.6666666865348816
train,2543,-0.3333333432674408
train,2544,2.6666667461395264
train,2545,2.3333332538604736
train,2546,2.3333332538604736
train,2547,2.0
train,2548,1.0
train,2549,1.3333333730697632
train,2550,0.6666666865348816
train,2551,0.6666666865348816
train,2552,0.0
train,2553,-0.3333333432674408
train,2554,0.0
train,2555,0.0
train,2556,-1.3333333730697632
train,2557,1.3333333730697632
train,2558,0.6666666865348816
train,2559,0.0
train,2560,-0.3333333432674408
train,2561,1.6666666269302368
train,2562,0.0
train,2563,-0.3333333432674408
train,2564,-0.6666666865348816
train,2565,-1.0
train,2566,-2.0
train,2567,0.3333333432674408
train,2568,1.6666666269302368
train,2569,0.3333333432674408
train,2570,-0.3333333432674408
train,2571,0.0
train,2572,0.3333333432674408
train,2573,0.0
train,2574,-1.0
train,2575,0.3333333432674408
train,2576,0.6666666865348816
train,2577,2.0
train,2578,2.0
train,2579,0.3333333432674408
train,2580,0.0
train,2581,0.3333333432674408
train,2582,1.0
train,2583,1.0
train,2584,1.0
train,2585,0.0
train,2586,0.0
train,2587,0.0
train,2588,0.0
train,2589,1.0
train,2590,0.3333333432674408
train,2591,0.3333333432674408
train,2592,0.0
train,2593,0.0
train,2594,2.0
train,2595,0.3333333432674408
train,2596,-0.3333333432674408
train,2597,0.6666666865348816
train,2598,0.3333333432674408
train,2599,0.6666666865348816
train,2600,2.3333332538604736
train,2601,2.0
train,2602,1.0
train,2603,1.6666666269302368
train,2604,1.6666666269302368
train,2605,2.6666667461395264
train,2606,0.3333333432674408
train,2607,-0.3333333432674408
train,2608,0.6666666865348816
train,2609,-0.6666666865348816
train,2610,0.0
train,2611,0.3333333432674408
train,2612,1.3333333730697632
train,2613,-0.3333333432674408
train,2614,2.0
train,2615,2.0
train,2616,0.0
train,2617,1.0
train,2618,0.0
train,2619,0.0
train,2620,0.0
train,2621,0.3333333432674408
train,2622,0.0
train,2623,0.6666666865348816
train,2624,0.0
train,2625,-2.0
train,2626,0.0
train,2627,0.6666666865348816
train,2628,0.6666666865348816
train,2629,2.0
train,2630,0.3333333432674408
train,2631,0.3333333432674408
train,2632,1.5
train,2633,0.6666666865348816
train,2634,0.1666666716337204
train,2635,1.1666666269302368
train,2636,1.0
train,2637,1.3333333730697632
train,2638,0.6666666865348816
train,2639,0.3333333432674408
train,2640,1.0
train,2641,1.0
train,2642,1.0
train,2643,0.0
train,2644,0.6666666865348816
train,2645,2.6666667461395264
train,2646,1.0
train,2647,0.0
train,2648,0.3333333432674408
train,2649,0.3333333432674408
train,2650,0.6666666865348816
train,2651,0.0
train,2652,1.3333333730697632
train,2653,2.0
train,2654,0.6666666865348816
train,2655,0.0
train,2656,1.6666666269302368
train,2657,1.6666666269302368
train,2658,0.0
train,2659,1.3333333730697632
train,2660,0.0
train,2661,0.3333333432674408
train,2662,1.3333333730697632
train,2663,-0.3333333432674408
train,2664,-0.3333333432674408
train,2665,0.0
train,2666,0.0
train,2667,0.3333333432674408
train,2668,1.3333333730697632
train,2669,-1.6666666269302368
train,2670,2.3333332538604736
train,2671,-0.6666666865348816
train,2672,0.3333333432674408
train,2673,-0.6666666865348816
train,2674,0.0
train,2675,-0.6666666865348816
train,2676,-0.6666666865348816
train,2677,-2.0
train,2678,0.3333333432674408
train,2679,0.0
train,2680,1.6666666269302368
train,2681,0.3333333432674408
train,2682,0.0
train,2683,1.3333333730697632
train,2684,-0.3333333432674408
train,2685,0.3333333432674408
train,2686,-1.3333333730697632
train,2687,2.0
train,2688,2.0
train,2689,1.0
train,2690,-0.3333333432674408
train,2691,-1.3333333730697632
train,2692,0.3333333432674408
train,2693,2.0
train,2694,1.0
train,2695,0.0
train,2696,1.3333333730697632
train,2697,0.3333333432674408
train,2698,-0.3333333432674408
train,2699,2.6666667461395264
train,2700,0.0
train,2701,0.0
train,2702,0.0
train,2703,1.0
train,2704,1.0
train,2705,0.3333333432674408
train,2706,-0.6666666865348816
train,2707,0.0
train,2708,0.3333333432674408
train,2709,0.6666666865348816
train,2710,2.3333332538604736
train,2711,-0.3333333432674408
train,2712,1.3333333730697632
train,2713,0.6666666865348816
train,2714,0.0
train,2715,-0.6666666865348816
train,2716,0.3333333432674408
train,2717,0.6666666865348816
train,2718,1.6666666269302368
train,2719,0.0
train,2720,0.0
train,2721,0.3333333432674408
train,2722,0.0
train,2723,0.0
train,2724,0.3333333432674408
train,2725,-0.3333333432674408
train,2726,1.3333333730697632
train,2727,-1.3333333730697632
train,2728,0.3333333432674408
train,2729,0.6666666865348816
train,2730,0.6666666865348816
train,2731,0.6666666865348816
train,2732,0.3333333432674408
train,2733,-1.3333333730697632
train,2734,-1.3333333730697632
train,2735,0.3333333432674408
train,2736,-0.3333333432674408
train,2737,1.6666666269302368
train,2738,1.3333333730697632
train,2739,1.6666666269302368
train,2740,0.0
train,2741,1.0
train,2742,-1.0
train,2743,0.0
train,2744,0.3333333432674408
train,2745,1.3333333730697632
train,2746,0.6666666865348816
train,2747,0.6666666865348816
train,2748,2.0
train,2749,0.0
train,2750,0.6666666865348816
train,2751,1.6666666269302368
train,2752,-0.6666666865348816
train,2753,1.0
train,2754,0.0
train,2755,-1.6666666269302368
train,2756,0.6666666865348816
train,2757,0.6666666865348816
train,2758,1.3333333730697632
train,2759,1.6666666269302368
train,2760,0.0
train,2761,0.6666666865348816
train,2762,0.3333333432674408
train,2763,0.3333333432674408
train,2764,0.0
train,2765,1.6666666269302368
train,2766,0.0
train,2767,-0.6666666865348816
train,2768,0.6666666865348816
train,2769,-0.3333333432674408
train,2770,0.3333333432674408
train,2771,0.3333333432674408
train,2772,0.3333333432674408
train,2773,1.0
train,2774,0.0
train,2775,-0.6666666865348816
train,2776,0.6666666865348816
train,2777,1.3333333730697632
train,2778,1.3333333730697632
train,2779,-0.6666666865348816
train,2780,0.0
train,2781,0.6666666865348816
train,2782,-0.3333333432674408
train,2783,-1.6666666269302368
train,2784,0.3333333432674408
train,2785,-1.0
train,2786,0.6666666865348816
train,2787,1.3333333730697632
train,2788,-1.3333333730697632
train,2789,0.0
train,2790,0.3333333432674408
train,2791,0.3333333432674408
train,2792,2.3333332538604736
train,2793,0.3333333432674408
train,2794,0.3333333432674408
train,2795,0.3333333432674408
train,2796,-0.6666666865348816
train,2797,0.6666666865348816
train,2798,1.0
train,2799,-0.3333333432674408
train,2800,-1.3333333730697632
train,2801,0.0
train,2802,-1.0
train,2803,0.6666666865348816
train,2804,1.3333333730697632
train,2805,2.0
train,2806,2.0
train,2807,2.3333332538604736
train,2808,1.6666666269302368
train,2809,3.0
train,2810,1.6666666269302368
train,2811,2.0
train,2812,0.3333333432674408
train,2813,-0.3333333432674408
train,2814,0.3333333432674408
train,2815,-2.0
train,2816,-1.3333333730697632
train,2817,1.6666666269302368
train,2818,1.0
train,2819,0.6666666865348816
train,2820,0.0
train,2821,-2.3333332538604736
train,2822,2.0
train,2823,0.6666666865348816
train,2824,0.0
train,2825,0.0
train,2826,1.6666666269302368
train,2827,2.0
train,2828,-0.3333333432674408
train,2829,0.0
train,2830,-0.6666666865348816
train,2831,1.3333333730697632
train,2832,1.0
train,2833,0.6666666865348816
train,2834,-0.6666666865348816
train,2835,1.0
train,2836,1.0
train,2837,-1.3333333730697632
train,2838,0.0
train,2839,1.3333333730697632
train,2840,0.3333333432674408
train,2841,-0.3333333432674408
train,2842,2.3333332538604736
train,2843,2.6666667461395264
train,2844,0.3333333432674408
train,2845,0.6666666865348816
train,2846,0.3333333432674408
train,2847,2.0
train,2848,1.3333333730697632
train,2849,2.3333332538604736
train,2850,-2.3333332538604736
train,2851,0.0
train,2852,1.3333333730697632
train,2853,-1.6666666269302368
train,2854,0.6666666865348816
train,2855,0.0
train,2856,1.0
train,2857,-1.6666666269302368
train,2858,0.6666666865348816
train,2859,0.6666666865348816
train,2860,0.0
train,2861,0.0
train,2862,-1.6666666269302368
train,2863,1.3333333730697632
train,2864,0.0
train,2865,1.6666666269302368
train,2866,1.6666666269302368
train,2867,1.6666666269302368
train,2868,-0.3333333432674408
train,2869,1.3333333730697632
train,2870,0.3333333432674408
train,2871,1.0
train,2872,0.3333333432674408
train,2873,1.3333333730697632
train,2874,0.0
train,2875,0.0
train,2876,0.0
train,2877,-0.3333333432674408
train,2878,0.0
train,2879,0.0
train,2880,0.6666666865348816
train,2881,1.3333333730697632
train,2882,-0.6666666865348816
train,2883,0.6666666865348816
train,2884,-0.6666666865348816
train,2885,0.6666666865348816
train,2886,2.3333332538604736
train,2887,0.0
train,2888,1.0
train,2889,0.0
train,2890,0.0
train,2891,-0.3333333432674408
train,2892,-0.6666666865348816
train,2893,2.0
train,2894,1.6666666269302368
train,2895,0.6666666865348816
train,2896,1.3333333730697632
train,2897,1.6666666269302368
train,2898,1.3333333730697632
train,2899,2.0
train,2900,0.6666666865348816
train,2901,2.3333332538604736
train,2902,2.6666667461395264
train,2903,1.6666666269302368
train,2904,0.6666666865348816
train,2905,-0.6666666865348816
train,2906,0.3333333432674408
train,2907,0.6666666865348816
train,2908,0.0
train,2909,1.3333333730697632
train,2910,0.0
train,2911,-0.3333333432674408
train,2912,1.3333333730697632
train,2913,1.6666666269302368
train,2914,0.3333333432674408
train,2915,0.0
train,2916,0.6666666865348816
train,2917,1.6666666269302368
train,2918,0.0
train,2919,0.3333333432674408
train,2920,-1.6666666269302368
train,2921,-0.6666666865348816
train,2922,0.0
train,2923,0.6666666865348816
train,2924,0.3333333432674408
train,2925,0.0
train,2926,1.6666666269302368
train,2927,0.3333333432674408
train,2928,1.0
train,2929,1.0
train,2930,-0.3333333432674408
train,2931,0.0
train,2932,-0.3333333432674408
train,2933,0.6666666865348816
train,2934,-1.0
train,2935,1.3333333730697632
train,2936,0.3333333432674408
train,2937,1.0
train,2938,1.3333333730697632
train,2939,1.6666666269302368
train,2940,-1.3333333730697632
train,2941,0.6666666865348816
train,2942,0.3333333432674408
train,2943,1.6666666269302368
train,2944,0.0
train,2945,0.3333333432674408
train,2946,0.3333333432674408
train,2947,0.0
train,2948,0.0
train,2949,2.0
train,2950,1.3333333730697632
train,2951,2.0
train,2952,-2.6666667461395264
train,2953,-1.0
train,2954,-1.6666666269302368
train,2955,-0.6666666865348816
train,2956,0.0
train,2957,1.6666666269302368
train,2958,1.6666666269302368
train,2959,1.0
train,2960,0.3333333432674408
train,2961,1.3333333730697632
train,2962,1.0
train,2963,0.6666666865348816
train,2964,2.0
train,2965,0.3333333432674408
train,2966,1.3333333730697632
train,2967,1.3333333730697632
train,2968,0.3333333432674408
train,2969,0.0
train,2970,0.6666666865348816
train,2971,-1.3333333730697632
train,2972,-0.3333333432674408
train,2973,0.3333333432674408
train,2974,-1.0
train,2975,-0.3333333432674408
train,2976,0.0
train,2977,1.0
train,2978,-2.0
train,2979,0.0
train,2980,1.0
train,2981,0.6666666865348816
train,2982,-0.3333333432674408
train,2983,0.0
train,2984,0.0
train,2985,1.0
train,2986,2.3333332538604736
train,2987,-0.3333333432674408
train,2988,-0.3333333432674408
train,2989,0.0
train,2990,-1.6666666269302368
train,2991,-0.3333333432674408
train,2992,0.0
train,2993,0.3333333432674408
train,2994,0.3333333432674408
train,2995,-0.3333333432674408
train,2996,0.0
train,2997,0.6666666865348816
train,2998,0.0
train,2999,1.0
train,3000,0.0
train,3001,0.0
train,3002,-0.3333333432674408
train,3003,-0.3333333432674408
train,3004,0.6666666865348816
train,3005,0.3333333432674408
train,3006,0.6666666865348816
train,3007,0.3333333432674408
train,3008,1.0
train,3009,2.3333332538604736
train,3010,1.0
train,3011,1.3333333730697632
train,3012,0.0
train,3013,0.0
train,3014,0.6666666865348816
train,3015,-1.3333333730697632
train,3016,-0.3333333432674408
train,3017,-1.0
train,3018,-1.0
train,3019,0.3333333432674408
train,3020,-0.3333333432674408
train,3021,-0.3333333432674408
train,3022,0.0
train,3023,0.0
train,3024,1.6666666269302368
train,3025,0.6666666865348816
train,3026,1.0
train,3027,-0.3333333432674408
train,3028,0.0
train,3029,1.0
train,3030,0.6666666865348816
train,3031,2.0
train,3032,1.6666666269302368
train,3033,0.3333333432674408
train,3034,0.3333333432674408
train,3035,0.6666666865348816
train,3036,1.0
train,3037,0.3333333432674408
train,3038,-0.3333333432674408
train,3039,0.0
train,3040,0.0
train,3041,0.0
train,3042,1.0
train,3043,0.0
train,3044,2.3333332538604736
train,3045,-1.0
train,3046,1.0
train,3047,-0.6666666865348816
train,3048,0.0
train,3049,-1.0
train,3050,0.3333333432674408
train,3051,-0.6666666865348816
train,3052,1.3333333730697632
train,3053,0.3333333432674408
train,3054,1.0
train,3055,0.3333333432674408
train,3056,-0.3333333432674408
train,3057,2.0
train,3058,1.6666666269302368
train,3059,1.0
train,3060,1.6666666269302368
train,3061,1.0
train,3062,1.6666666269302368
train,3063,0.0
train,3064,-0.3333333432674408
train,3065,-0.3333333432674408
train,3066,-0.3333333432674408
train,3067,0.6666666865348816
train,3068,2.0
train,3069,2.6666667461395264
train,3070,1.0
train,3071,1.3333333730697632
train,3072,2.3333332538604736
train,3073,0.3333333432674408
train,3074,2.0
train,3075,1.0
train,3076,2.3333332538604736
train,3077,0.0
train,3078,1.0
train,3079,0.0
train,3080,3.0
train,3081,0.3333333432674408
train,3082,0.6666666865348816
train,3083,0.0
train,3084,-0.3333333432674408
train,3085,0.0
train,3086,1.3333333730697632
train,3087,0.0
train,3088,1.0
train,3089,1.6666666269302368
train,3090,0.0
train,3091,1.0
train,3092,0.3333333432674408
train,3093,0.6666666865348816
train,3094,-0.6666666865348816
train,3095,0.0
train,3096,0.0
train,3097,-0.3333333432674408
train,3098,0.3333333432674408
train,3099,0.0
train,3100,0.3333333432674408
train,3101,-0.6666666865348816
train,3102,1.0
train,3103,0.3333333432674408
train,3104,0.3333333432674408
train,3105,0.6666666865348816
train,3106,0.6666666865348816
train,3107,-1.3333333730697632
train,3108,0.0
train,3109,0.6666666865348816
train,3110,0.6666666865348816
train,3111,2.0
train,3112,0.3333333432674408
train,3113,0.6666666865348816
train,3114,-1.0
train,3115,-0.3333333432674408
train,3116,2.0
train,3117,0.0
train,3118,0.0
train,3119,0.0
train,3120,2.3333332538604736
train,3121,0.3333333432674408
train,3122,0.6666666865348816
train,3123,0.6666666865348816
train,3124,1.6666666269302368
train,3125,1.0
train,3126,2.0
train,3127,0.3333333432674408
train,3128,0.0
train,3129,0.3333333432674408
train,3130,2.3333332538604736
train,3131,0.6666666865348816
train,3132,1.3333333730697632
train,3133,1.0
train,3134,2.6666667461395264
train,3135,0.6666666865348816
train,3136,0.0
train,3137,1.0
train,3138,0.3333333432674408
train,3139,0.6666666865348816
train,3140,1.0
train,3141,1.3333333730697632
train,3142,0.0
train,3143,-0.3333333432674408
train,3144,-1.3333333730697632
train,3145,-0.6666666865348816
train,3146,2.0
train,3147,-0.3333333432674408
train,3148,-0.3333333432674408
train,3149,0.6666666865348816
train,3150,0.3333333432674408
train,3151,0.0
train,3152,-0.3333333432674408
train,3153,0.0
train,3154,1.3333333730697632
train,3155,-0.6666666865348816
train,3156,0.3333333432674408
train,3157,1.0
train,3158,1.3333333730697632
train,3159,0.0
train,3160,0.3333333432674408
train,3161,0.0
train,3162,0.6666666865348816
train,3163,-1.3333333730697632
train,3164,0.0
train,3165,0.3333333432674408
train,3166,-1.3333333730697632
train,3167,0.3333333432674408
train,3168,0.6666666865348816
train,3169,1.3333333730697632
train,3170,1.0
train,3171,-0.3333333432674408
train,3172,0.6666666865348816
train,3173,0.6666666865348816
train,3174,0.0
train,3175,0.3333333432674408
train,3176,-0.3333333432674408
train,3177,0.0
train,3178,1.0
train,3179,1.6666666269302368
train,3180,-1.3333333730697632
train,3181,0.6666666865348816
train,3182,0.3333333432674408
train,3183,-0.3333333432674408
train,3184,0.0
train,3185,1.0
train,3186,1.6666666269302368
train,3187,0.3333333432674408
train,3188,0.6666666865348816
train,3189,0.0
train,3190,-0.3333333432674408
train,3191,1.6666666269302368
train,3192,-0.6666666865348816
train,3193,0.6666666865348816
train,3194,0.3333333432674408
train,3195,0.0
train,3196,-0.3333333432674408
train,3197,0.3333333432674408
train,3198,-1.3333333730697632
train,3199,1.3333333730697632
train,3200,0.0
train,3201,0.0
train,3202,0.6666666865348816
train,3203,0.3333333432674408
train,3204,0.3333333432674408
train,3205,1.0
train,3206,0.3333333432674408
train,3207,0.0
train,3208,2.0
train,3209,1.0
train,3210,0.6666666865348816
train,3211,0.0
train,3212,0.0
train,3213,1.0
train,3214,0.6666666865348816
train,3215,0.0
train,3216,0.0
train,3217,0.6666666865348816
train,3218,1.3333333730697632
train,3219,0.3333333432674408
train,3220,1.3333333730697632
train,3221,0.0
train,3222,-0.3333333432674408
train,3223,0.6666666865348816
train,3224,-0.3333333432674408
train,3225,0.0
train,3226,0.0
train,3227,0.3333333432674408
train,3228,0.0
train,3229,0.3333333432674408
train,3230,0.0
train,3231,0.0
train,3232,2.0
train,3233,0.3333333432674408
train,3234,1.3333333730697632
train,3235,-0.3333333432674408
train,3236,-1.3333333730697632
train,3237,1.0
train,3238,2.0
train,3239,1.0
train,3240,0.6666666865348816
train,3241,-0.6666666865348816
train,3242,-0.6666666865348816
train,3243,-1.6666666269302368
train,3244,-2.6666667461395264
train,3245,-0.3333333432674408
train,3246,-1.0
train,3247,-0.3333333432674408
train,3248,0.0
train,3249,1.3333333730697632
train,3250,0.0
train,3251,0.3333333432674408
train,3252,1.0
train,3253,0.3333333432674408
train,3254,-1.0
train,3255,1.3333333730697632
train,3256,1.0
train,3257,-0.3333333432674408
train,3258,-0.6666666865348816
train,3259,0.6666666865348816
train,3260,0.3333333432674408
train,3261,2.0
train,3262,1.3333333730697632
train,3263,1.6666666269302368
train,3264,2.3333332538604736
train,3265,1.0
train,3266,0.6666666865348816
train,3267,-0.6666666865348816
train,3268,1.0
train,3269,1.6666666269302368
train,3270,0.3333333432674408
train,3271,0.3333333432674408
train,3272,0.3333333432674408
train,3273,0.0
train,3274,0.6666666865348816
train,3275,1.3333333730697632
train,3276,2.3333332538604736
train,3277,2.0
train,3278,0.0
train,3279,0.0
train,3280,0.0
train,3281,1.0
train,3282,0.0
train,3283,0.6666666865348816
train,3284,1.0
train,3285,0.6666666865348816
train,3286,1.3333333730697632
train,3287,1.0
train,3288,-0.3333333432674408
train,3289,-0.6666666865348816
train,3290,-0.3333333432674408
train,3291,1.0
train,3292,1.6666666269302368
train,3293,0.0
train,3294,0.3333333432674408
train,3295,0.3333333432674408
train,3296,1.6666666269302368
train,3297,0.3333333432674408
train,3298,0.3333333432674408
train,3299,0.3333333432674408
train,3300,1.0
train,3301,1.0
train,3302,0.0
train,3303,0.6666666865348816
train,3304,0.3333333432674408
train,3305,-1.3333333730697632
train,3306,0.3333333432674408
train,3307,-0.6666666865348816
train,3308,1.3333333730697632
train,3309,2.0
train,3310,0.5
train,3311,0.6666666865348816
train,3312,0.1666666716337204
train,3313,0.3333333432674408
train,3314,0.0
train,3315,0.0
train,3316,0.0
train,3317,0.0
train,3318,0.3333333432674408
train,3319,0.0
train,3320,-1.0
train,3321,0.3333333432674408
train,3322,1.3333333730697632
train,3323,0.0
train,3324,1.0
train,3325,1.3333333730697632
train,3326,0.0
train,3327,1.0
train,3328,-0.3333333432674408
train,3329,1.0
train,3330,0.6666666865348816
train,3331,0.0
train,3332,1.0
train,3333,0.3333333432674408
train,3334,0.0
train,3335,0.3333333432674408
train,3336,0.0
train,3337,0.6666666865348816
train,3338,-0.3333333432674408
train,3339,-0.3333333432674408
train,3340,0.3333333432674408
train,3341,0.6666666865348816
train,3342,0.3333333432674408
train,3343,0.0
train,3344,0.0
train,3345,1.0
train,3346,2.0
train,3347,-0.6666666865348816
train,3348,0.0
train,3349,0.6666666865348816
train,3350,1.0
train,3351,0.6666666865348816
train,3352,2.0
train,3353,0.3333333432674408
train,3354,0.0
train,3355,0.6666666865348816
train,3356,0.3333333432674408
train,3357,1.0
train,3358,0.0
train,3359,0.0
train,3360,0.3333333432674408
train,3361,1.3333333730697632
train,3362,0.0
train,3363,-1.0
train,3364,1.6666666269302368
train,3365,0.0
train,3366,1.3333333730697632
train,3367,2.0
train,3368,1.3333333730697632
train,3369,0.0
train,3370,0.3333333432674408
train,3371,1.3333333730697632
train,3372,0.6666666865348816
train,3373,0.0
train,3374,-0.3333333432674408
train,3375,0.3333333432674408
train,3376,1.6666666269302368
train,3377,0.0
train,3378,0.3333333432674408
train,3379,0.3333333432674408
train,3380,0.3333333432674408
train,3381,1.3333333730697632
train,3382,0.3333333432674408
train,3383,0.0
train,3384,0.6666666865348816
train,3385,1.6666666269302368
train,3386,0.0
train,3387,1.6666666269302368
train,3388,0.3333333432674408
train,3389,0.0
train,3390,1.0
train,3391,-2.3333332538604736
train,3392,1.6666666269302368
train,3393,0.0
train,3394,0.6666666865348816
valid,0,0.3333333432674408
valid,1,2.0
valid,2,0.0
valid,3,0.0
valid,4,1.3333333730697632
valid,5,-1.3333333730697632
valid,6,-0.3333333432674408
valid,7,0.0
valid,8,-1.6666666269302368
valid,9,-0.6666666865348816
valid,10,-1.6666666269302368
valid,11,1.0
valid,12,-0.3333333432674408
valid,13,-0.3333333432674408
valid,14,-2.0
valid,15,-1.6666666269302368
valid,16,2.0
valid,17,1.0
valid,18,0.3333333432674408
valid,19,0.3333333432674408
valid,20,3.0
valid,21,2.6666667461395264
valid,22,2.0
valid,23,1.0
valid,24,0.0
valid,25,0.0
valid,26,-0.3333333432674408
valid,27,-0.6666666865348816
valid,28,-1.3333333730697632
valid,29,0.6666666865348816
valid,30,0.6666666865348816
valid,31,2.0
valid,32,0.0
valid,33,0.0
valid,34,3.0
valid,35,0.6666666865348816
valid,36,-0.3333333432674408
valid,37,2.0
valid,38,-1.0
valid,39,0.6666666865348816
valid,40,-1.6666666269302368
valid,41,0.0
valid,42,1.0
valid,43,0.3333333432674408
valid,44,-0.6666666865348816
valid,45,-1.6666666269302368
valid,46,0.0
valid,47,0.0
valid,48,-0.3333333432674408
valid,49,0.0
valid,50,1.6666666269302368
valid,51,2.3333332538604736
valid,52,-0.3333333432674408
valid,53,0.0
valid,54,-0.3333333432674408
valid,55,0.3333333432674408
valid,56,1.0
valid,57,-2.0
valid,58,0.0
valid,59,1.0
valid,60,-1.3333333730697632
valid,61,0.0
valid,62,-1.0
valid,63,0.0
valid,64,-0.3333333432674408
valid,65,0.0
valid,66,-0.3333333432674408
valid,67,-1.6666666269302368
valid,68,-1.3333333730697632
valid,69,-1.0
valid,70,-2.3333332538604736
valid,71,0.3333333432674408
valid,72,0.0
valid,73,-1.3333333730697632
valid,74,-0.3333333432674408
valid,75,0.0
valid,76,0.0
valid,77,1.3333333730697632
valid,78,0.3333333432674408
valid,79,0.0
valid,80,0.0
valid,81,-0.6666666865348816
valid,82,0.6666666865348816
valid,83,-3.0
valid,84,-2.6666667461395264
valid,85,0.3333333432674408
valid,86,-3.0
valid,87,0.0
valid,88,-1.6666666269302368
valid,89,1.0
valid,90,2.3333332538604736
valid,91,-0.3333333432674408
valid,92,-0.3333333432674408
valid,93,-0.6666666865348816
valid,94,-1.3333333730697632
valid,95,0.0
valid,96,0.0
valid,97,-2.0
valid,98,0.0
valid,99,-2.3333332538604736
valid,100,-1.6666666269302368
valid,101,-0.3333333432674408
valid,102,-2.0
valid,103,-0.3333333432674408
valid,104,0.0
valid,105,0.0
valid,106,-1.3333333730697632
valid,107,-0.3333333432674408
valid,108,1.3333333730697632
valid,109,-1.6666666269302368
valid,110,-0.3333333432674408
valid,111,-1.6666666269302368
valid,112,0.0
valid,113,-1.3333333730697632
valid,114,-2.3333332538604736
valid,115,0.0
valid,116,-1.6666666269302368
valid,117,0.6666666865348816
valid,118,-1.6666666269302368
valid,119,-2.6666667461395264
valid,120,-1.6666666269302368
valid,121,1.0
valid,122,-2.3333332538604736
valid,123,-1.6666666269302368
valid,124,0.0
valid,125,-1.3333333730697632
valid,126,1.0
valid,127,-1.3333333730697632
valid,128,-1.6666666269302368
valid,129,0.0
valid,130,0.6666666865348816
valid,131,-1.3333333730697632
valid,132,0.0
valid,133,-1.6666666269302368
valid,134,-0.6666666865348816
valid,135,-1.6666666269302368
valid,136,0.6666666865348816
valid,137,-1.0
valid,138,0.0
valid,139,0.3333333432674408
valid,140,0.0
valid,141,-0.6666666865348816
valid,142,-1.0
valid,143,-1.6666666269302368
valid,144,-2.6666667461395264
valid,145,0.0
valid,146,-2.3333332538604736
valid,147,0.0
valid,148,-1.0
valid,149,-0.3333333432674408
valid,150,0.0
valid,151,-2.6666667461395264
valid,152,2.0
valid,153,1.3333333730697632
valid,154,-0.3333333432674408
valid,155,1.6666666269302368
valid,156,1.3333333730697632
valid,157,2.0
valid,158,-1.3333333730697632
valid,159,0.0
valid,160,0.3333333432674408
valid,161,0.0
valid,162,-2.6666667461395264
valid,163,-1.0
valid,164,0.0
valid,165,0.0
valid,166,-2.6666667461395264
valid,167,0.3333333432674408
valid,168,-1.0
valid,169,0.3333333432674408
valid,170,-2.0
valid,171,-2.0
valid,172,-1.0
valid,173,-2.0
valid,174,-0.3333333432674408
valid,175,-1.0
valid,176,1.0
valid,177,3.0
valid,178,0.3333333432674408
valid,179,1.6666666269302368
valid,180,-1.3333333730697632
valid,181,0.0
valid,182,0.0
valid,183,1.0
valid,184,1.0
valid,185,0.6666666865348816
valid,186,1.6666666269302368
valid,187,1.6666666269302368
valid,188,1.0
valid,189,-2.0
valid,190,1.3333333730697632
valid,191,0.0
valid,192,0.6666666865348816
valid,193,0.3333333432674408
valid,194,0.6666666865348816
valid,195,0.0
valid,196,0.0
valid,197,-0.3333333432674408
valid,198,-1.6666666269302368
valid,199,-0.3333333432674408
valid,200,-2.3333332538604736
valid,201,-0.6666666865348816
valid,202,0.0
valid,203,0.0
valid,204,2.0
valid,205,0.0
valid,206,0.0
valid,207,0.0
valid,208,0.0
valid,209,1.3333333730697632
valid,210,-1.6666666269302368
valid,211,-0.6666666865348816
valid,212,0.0
valid,213,-1.3333333730697632
valid,214,0.3333333432674408
valid,215,0.3333333432674408
valid,216,0.0
valid,217,-0.6666666865348816
valid,218,0.0
valid,219,0.0
valid,220,0.3333333432674408
valid,221,0.6666666865348816
valid,222,1.3333333730697632
valid,223,0.0
valid,224,0.0
valid,225,0.3333333432674408
valid,226,0.0
valid,227,2.0
valid,228,0.0
valid,229,0.0
valid,230,0.0
valid,231,1.0
valid,232,0.0
valid,233,1.0
valid,234,0.0
valid,235,0.3333333432674408
valid,236,1.3333333730697632
valid,237,-1.3333333730697632
valid,238,1.0
valid,239,0.0
valid,240,-2.6666667461395264
valid,241,-2.3333332538604736
valid,242,2.0
valid,243,1.6666666269302368
valid,244,1.0
valid,245,0.0
valid,246,0.6666666865348816
valid,247,0.0
valid,248,-2.0
valid,249,-1.6666666269302368
valid,250,-1.6666666269302368
valid,251,0.0
valid,252,0.3333333432674408
valid,253,-0.3333333432674408
valid,254,-1.0
valid,255,0.3333333432674408
valid,256,0.3333333432674408
valid,257,0.3333333432674408
valid,258,1.0
valid,259,1.3333333730697632
valid,260,0.6666666865348816
valid,261,0.3333333432674408
valid,262,2.0
valid,263,-0.6666666865348816
valid,264,0.6666666865348816
valid,265,1.3333333730697632
valid,266,0.3333333432674408
valid,267,0.6666666865348816
valid,268,0.3333333432674408
valid,269,0.3333333432674408
valid,270,-0.3333333432674408
valid,271,0.0
valid,272,-0.6666666865348816
valid,273,0.6666666865348816
valid,274,-0.6666666865348816
valid,275,0.0
valid,276,2.0
valid,277,0.6666666865348816
valid,278,0.3333333432674408
valid,279,0.0
valid,280,0.3333333432674408
valid,281,1.0
valid,282,0.3333333432674408
valid,283,0.6666666865348816
valid,284,1.0
valid,285,-0.3333333432674408
valid,286,1.6666666269302368
valid,287,0.6666666865348816
valid,288,2.0
valid,289,0.0
valid,290,0.3333333432674408
valid,291,-1.0
valid,292,0.0
valid,293,0.3333333432674408
valid,294,-2.3333332538604736
valid,295,0.0
valid,296,-2.0
valid,297,-0.6666666865348816
valid,298,-0.6666666865348816
valid,299,-1.3333333730697632
valid,300,-1.6666666269302368
valid,301,-1.6666666269302368
valid,302,-1.6666666269302368
valid,303,1.0
valid,304,0.6666666865348816
valid,305,0.0
valid,306,0.0
valid,307,0.3333333432674408
valid,308,0.6666666865348816
valid,309,0.0
valid,310,1.6666666269302368
valid,311,-0.3333333432674408
valid,312,-1.0
valid,313,-0.6666666865348816
valid,314,-1.3333333730697632
valid,315,-1.0
valid,316,1.6666666269302368
valid,317,1.0
valid,318,1.0
valid,319,2.0
valid,320,2.3333332538604736
valid,321,-0.3333333432674408
valid,322,0.0
valid,323,1.0
valid,324,1.0
valid,325,0.0
valid,326,0.3333333432674408
valid,327,0.6666666865348816
valid,328,0.0
valid,329,0.0
valid,330,1.0
valid,331,1.0
valid,332,0.0
valid,333,0.0
valid,334,1.3333333730697632
valid,335,0.0
valid,336,-0.6666666865348816
valid,337,0.0
valid,338,0.0
valid,339,1.3333333730697632
valid,340,0.0
valid,341,0.0
valid,342,0.0
valid,343,1.0
valid,344,0.6666666865348816
valid,345,1.3333333730697632
valid,346,0.3333333432674408
valid,347,0.0
valid,348,0.0
valid,349,0.0
valid,350,-1.3333333730697632
valid,351,1.0
valid,352,0.0
valid,353,0.0
valid,354,0.3333333432674408
valid,355,0.0
valid,356,0.0
valid,357,0.0
valid,358,-0.3333333432674408
valid,359,0.3333333432674408
valid,360,0.3333333432674408
valid,361,1.3333333730697632
valid,362,0.6666666865348816
valid,363,0.0
valid,364,-0.3333333432674408
valid,365,-0.6666666865348816
valid,366,-1.0
valid,367,1.6666666269302368
valid,368,0.0
valid,369,-0.3333333432674408
valid,370,0.6666666865348816
valid,371,0.6666666865348816
valid,372,1.3333333730697632
valid,373,1.6666666269302368
valid,374,0.3333333432674408
valid,375,0.6666666865348816
valid,376,0.0
valid,377,-0.3333333432674408
valid,378,0.0
valid,379,0.0
valid,380,1.3333333730697632
valid,381,0.0
valid,382,0.0
valid,383,-0.6666666865348816
valid,384,0.6666666865348816
valid,385,1.0
valid,386,1.0
valid,387,1.3333333730697632
valid,388,-0.6666666865348816
valid,389,0.0
valid,390,0.0
valid,391,-1.3333333730697632
valid,392,0.3333333432674408
valid,393,0.0
valid,394,1.0
valid,395,2.0
valid,396,0.1666666716337204
valid,397,0.6666666865348816
valid,398,0.6666666865348816
valid,399,0.6666666865348816
valid,400,-0.6666666865348816
valid,401,0.6666666865348816
valid,402,1.0
valid,403,-0.3333333432674408
valid,404,0.6666666865348816
valid,405,0.3333333432674408
valid,406,0.0
valid,407,0.3333333432674408
valid,408,0.3333333432674408
valid,409,0.0
valid,410,0.3333333432674408
valid,411,0.3333333432674408
valid,412,0.3333333432674408
valid,413,0.0
valid,414,0.0
valid,415,0.0
valid,416,0.3333333432674408
valid,417,-0.3333333432674408
valid,418,0.0
valid,419,0.6666666865348816
valid,420,1.3333333730697632
valid,421,1.3333333730697632
valid,422,0.3333333432674408
valid,423,0.0
valid,424,-1.0
valid,425,0.3333333432674408
valid,426,0.0
valid,427,0.3333333432674408
valid,428,1.0
valid,429,-2.3333332538604736
valid,430,2.0
valid,431,0.6666666865348816
valid,432,1.3333333730697632
valid,433,1.3333333730697632
valid,434,-0.3333333432674408
valid,435,-0.3333333432674408
valid,436,1.0
valid,437,1.3333333730697632
valid,438,0.3333333432674408
valid,439,0.0
valid,440,0.0
valid,441,1.6666666269302368
valid,442,-1.0
valid,443,0.0
valid,444,1.3333333730697632
valid,445,1.0
valid,446,0.6666666865348816
valid,447,1.0
valid,448,0.0
valid,449,0.3333333432674408
valid,450,0.6666666865348816
valid,451,1.6666666269302368
valid,452,0.0
valid,453,-0.3333333432674408
valid,454,-2.0
valid,455,0.0
valid,456,0.0
valid,457,-0.3333333432674408
valid,458,0.6666666865348816
valid,459,0.0
valid,460,0.0
valid,461,2.0
valid,462,0.0
valid,463,1.0
valid,464,0.0
valid,465,0.3333333432674408
valid,466,0.6666666865348816
valid,467,1.3333333730697632
valid,468,2.3333332538604736
valid,469,0.0
valid,470,0.0
valid,471,0.6666666865348816
valid,472,0.0
valid,473,0.6666666865348816
valid,474,2.3333332538604736
valid,475,1.6666666269302368
valid,476,0.0
valid,477,0.3333333432674408
valid,478,-1.3333333730697632
valid,479,-1.0
valid,480,-0.6666666865348816
valid,481,0.6666666865348816
valid,482,0.0
valid,483,0.0
valid,484,0.3333333432674408
valid,485,0.6666666865348816
valid,486,0.6666666865348816
valid,487,0.6666666865348816
valid,488,-0.6666666865348816
valid,489,0.6666666865348816
valid,490,1.0
valid,491,0.0
valid,492,0.3333333432674408
valid,493,0.6666666865348816
valid,494,1.3333333730697632
valid,495,0.3333333432674408
valid,496,0.6666666865348816
valid,497,1.6666666269302368
valid,498,1.3333333730697632
valid,499,-1.3333333730697632
valid,500,-0.3333333432674408
valid,501,0.0
valid,502,-0.6666666865348816
valid,503,0.6666666865348816
valid,504,0.0
valid,505,-0.3333333432674408
valid,506,0.3333333432674408
valid,507,0.6666666865348816
valid,508,0.3333333432674408
valid,509,1.0
valid,510,2.0
valid,511,-1.0
valid,512,-1.3333333730697632
valid,513,-0.6666666865348816
valid,514,0.6666666865348816
valid,515,-1.0
valid,516,1.6666666269302368
valid,517,0.3333333432674408
valid,518,2.3333332538604736
valid,519,-0.3333333432674408
valid,520,0.3333333432674408
valid,521,0.0
valid,522,0.0
valid,523,0.0
valid,524,0.0
valid,525,-1.3333333730697632
valid,526,-1.6666666269302368
valid,527,-2.0
valid,528,0.3333333432674408
valid,529,0.0
valid,530,0.0
valid,531,1.3333333730697632
valid,532,-0.6666666865348816
valid,533,0.6666666865348816
valid,534,0.0
valid,535,0.0
valid,536,0.0
valid,537,0.3333333432674408
valid,538,0.0
valid,539,0.3333333432674408
valid,540,0.6666666865348816
valid,541,-0.3333333432674408
valid,542,0.3333333432674408
valid,543,0.3333333432674408
valid,544,0.3333333432674408
valid,545,0.6666666865348816
valid,546,1.3333333730697632
valid,547,2.0
valid,548,0.0
valid,549,0.0
valid,550,1.3333333730697632
valid,551,0.0
valid,552,1.3333333730697632
valid,553,1.6666666269302368
valid,554,2.0
valid,555,-0.6666666865348816
valid,556,0.0
valid,557,0.6666666865348816
valid,558,0.6666666865348816
valid,559,-0.6666666865348816
valid,560,0.6666666865348816
valid,561,0.3333333432674408
valid,562,0.0
valid,563,-1.3333333730697632
valid,564,-0.3333333432674408
valid,565,0.6666666865348816
valid,566,0.3333333432674408
valid,567,1.6666666269302368
valid,568,0.6666666865348816
valid,569,0.3333333432674408
valid,570,0.0
valid,571,0.0
valid,572,0.0
valid,573,0.0
valid,574,1.6666666269302368
valid,575,1.0
valid,576,-0.3333333432674408
valid,577,-1.3333333730697632
valid,578,1.0
valid,579,0.6666666865348816
valid,580,0.3333333432674408
valid,581,-0.6666666865348816
valid,582,-0.6666666865348816
valid,583,-0.6666666865348816
valid,584,-0.6666666865348816
valid,585,0.0
valid,586,-0.6666666865348816
valid,587,0.0
valid,588,0.0
valid,589,1.6666666269302368
valid,590,0.6666666865348816
valid,591,0.0
valid,592,0.3333333432674408
valid,593,-1.3333333730697632
valid,594,1.3333333730697632
valid,595,0.6666666865348816
valid,596,1.0
valid,597,0.0
valid,598,0.3333333432674408
valid,599,1.0
valid,600,-1.0
valid,601,0.6666666865348816
valid,602,1.3333333730697632
valid,603,-0.3333333432674408
valid,604,0.0
valid,605,-0.3333333432674408
valid,606,0.0
valid,607,-1.6666666269302368
valid,608,1.3333333730697632
valid,609,0.6666666865348816
valid,610,-0.6666666865348816
valid,611,0.0
valid,612,0.0
valid,613,-0.3333333432674408
valid,614,0.0
valid,615,2.0
valid,616,-0.6666666865348816
valid,617,1.0
valid,618,1.0
valid,619,0.0
valid,620,-0.3333333432674408
valid,621,-2.0
valid,622,0.0
valid,623,0.3333333432674408
valid,624,0.0
valid,625,-0.6666666865348816
valid,626,1.0
valid,627,-0.3333333432674408
valid,628,0.0
valid,629,-0.3333333432674408
valid,630,-0.3333333432674408
valid,631,-0.3333333432674408
valid,632,2.3333332538604736
valid,633,1.0
valid,634,2.6666667461395264
valid,635,1.0
valid,636,0.0
valid,637,1.0
valid,638,0.6666666865348816
valid,639,0.3333333432674408
valid,640,0.0
valid,641,0.3333333432674408
valid,642,1.6666666269302368
valid,643,2.3333332538604736
valid,644,0.3333333432674408
valid,645,1.0
valid,646,1.3333333730697632
valid,647,1.3333333730697632
valid,648,2.3333332538604736
valid,649,0.6666666865348816
valid,650,0.3333333432674408
valid,651,2.0
valid,652,1.3333333730697632
valid,653,0.6666666865348816
valid,654,0.6666666865348816
valid,655,2.5
valid,656,1.5
valid,657,0.6666666865348816
valid,658,2.0
valid,659,0.3333333432674408
valid,660,-0.6666666865348816
valid,661,-0.6666666865348816
valid,662,0.0
valid,663,-0.3333333432674408
valid,664,1.6666666269302368
valid,665,0.3333333432674408
valid,666,-0.3333333432674408
valid,667,0.0
valid,668,0.3333333432674408
valid,669,0.3333333432674408
valid,670,0.0
valid,671,1.6666666269302368
valid,672,1.6666666269302368
valid,673,-1.3333333730697632
valid,674,-0.6666666865348816
valid,675,1.6666666269302368
valid,676,0.6666666865348816
valid,677,1.0
valid,678,0.0
valid,679,-0.3333333432674408
valid,680,0.0
valid,681,-0.3333333432674408
valid,682,0.6666666865348816
valid,683,0.3333333432674408
valid,684,-0.6666666865348816
valid,685,-1.0
valid,686,0.6666666865348816
valid,687,0.3333333432674408
valid,688,1.0
valid,689,1.3333333730697632
valid,690,1.0
valid,691,1.0
valid,692,0.6666666865348816
valid,693,1.6666666269302368
valid,694,1.3333333730697632
valid,695,1.6666666269302368
valid,696,0.0
valid,697,1.0
valid,698,0.6666666865348816
valid,699,1.6666666269302368
valid,700,0.0
valid,701,0.0
valid,702,-0.3333333432674408
valid,703,-0.3333333432674408
valid,704,0.0
valid,705,0.6666666865348816
valid,706,0.3333333432674408
valid,707,1.6666666269302368
valid,708,0.0
valid,709,2.0
valid,710,2.3333332538604736
valid,711,1.3333333730697632
valid,712,2.6666667461395264
valid,713,2.3333332538604736
valid,714,0.3333333432674408
valid,715,1.0
valid,716,2.0
valid,717,-0.6666666865348816
valid,718,0.6666666865348816
valid,719,0.0
valid,720,1.3333333730697632
valid,721,-0.3333333432674408
valid,722,0.3333333432674408
valid,723,0.0
valid,724,1.0
valid,725,0.0
valid,726,0.3333333432674408
valid,727,0.0
