split,sample_id,content_positions
train,-3g5yACwYnA$_$4,39
train,-HwX2H8Z4hY$_$3,18
train,-HwX2H8Z4hY$_$9,24
train,-NFrJFQijFE$_$0,10
train,-THoVjtIkeU$_$2,11
train,-UuX1xuaiiE$_$9,18
train,-WXXTNIJcVM$_$0,8
train,-a55Q6RWvTA$_$3,48
train,-aNfi7CP8vM$_$10,28
train,-aqamKhZ1Ec$_$1,29
train,-aqamKhZ1Ec$_$0,16
train,-dxfTGcXJoc$_$0,48
train,-dxfTGcXJoc$_$6,32
train,-egA8-b7-3M$_$3,21
train,-lqc32Zpr7M$_$18,29
train,-lzEya4AM_4$_$6,48
train,-mJ2ud6oKI8$_$9,29
train,-mqbVkbCndg$_$1,8
train,-mqbVkbCndg$_$4,21
train,-tPCytz4rww$_$16,17
train,-vxjVxOeScU$_$2,19
train,-wny0OAz3g8$_$0,11
train,-wny0OAz3g8$_$5,27
train,03X1FwF6udc$_$22,21
train,07Z16yRBFUQ$_$5,39
train,0BVed2nBq1g$_$0,8
train,0BVed2nBq1g$_$3,11
train,0BVed2nBq1g$_$2,26
train,0DBfvvIVmqY$_$13,8
train,0DBfvvIVmqY$_$14,16
train,0DBfvvIVmqY$_$4,9
train,0DBfvvIVmqY$_$8,11
train,0EphpADwdPg$_$6,14
train,0FA32bEZ6xI$_$24,30
train,0FA32bEZ6xI$_$25,18
train,0FA32bEZ6xI$_$28,18
train,0FA32bEZ6xI$_$3,12
train,0FA32bEZ6xI$_$6,12
train,0FA32bEZ6xI$_$15,35
train,0FA32bEZ6xI$_$14,11
train,0FA32bEZ6xI$_$18,8
train,0JuRmhhgMw8$_$0,15
train,0OC3wf9x3zQ$_$7,19
train,0OC3wf9x3zQ$_$6,26
train,0OXeN3MhFeA$_$19,29
train,0OXeN3MhFeA$_$18,15
train,0OXeN3MhFeA$_$15,20
train,0Svu5BldR5A$_$0,36
train,0YdYFtVdlWE$_$7,4
train,0YdYFtVdlWE$_$6,10
train,0YdYFtVdlWE$_$8,14
train,0YdYFtVdlWE$_$10,19
train,0YdYFtVdlWE$_$15,37
train,0YdYFtVdlWE$_$14,15
train,0bsTzavb-AE$_$3,15
train,0hCOCt6fWas$_$15,31
train,0hCOCt6fWas$_$2,33
train,0hCihQ5Kep0$_$3,19
train,0hCihQ5Kep0$_$4,7
train,0jtdrsmVzYQ$_$5,25
train,0mXv97u2OCM$_$7,18
train,0p9XKC_J3hU$_$2,29
train,0rE8jEvQW_I$_$3,20
train,0rE8jEvQW_I$_$4,21
train,0rE8jEvQW_I$_$9,6
train,0tkWa2skSmA$_$8,48
train,0tkWa2skSmA$_$6,17
train,100499$_$5,48
train,100499$_$4,18
train,101851$_$13,17
train,101851$_$14,8
train,101851$_$16,18
train,101851$_$0,20
train,102184$_$12,46
train,102184$_$1,19
train,102184$_$3,29
train,102184$_$7,14
train,10223$_$1,16
train,10223$_$9,17
train,106077$_$1,12
train,106077$_$2,18
train,106077$_$7,11
train,106514$_$10,25
train,106514$_$2,20
train,106514$_$9,4
train,106941$_$10,30
train,106941$_$12,26
train,106941$_$3,29
train,106941$_$2,11
train,106941$_$7,11
train,106941$_$9,9
train,106941$_$8,12
train,107551$_$1,27
train,107551$_$3,12
train,107551$_$5,48
train,107551$_$6,9
train,108793$_$10,28
train,108793$_$17,21
train,108793$_$1,15
train,108793$_$0,3
train,108793$_$8,12
train,110203$_$2,48
train,110203$_$7,13
train,110754$_$3,23
train,110754$_$2,23
train,110766$_$8,7
train,110788$_$0,13
train,110788$_$5,15
train,112148$_$12,16
train,112148$_$5,11
train,112148$_$4,11
train,112148$_$7,19
train,112169$_$7,8
train,112604$_$1,48
train,112631$_$1,48
train,112631$_$6,20
train,112903$_$0,30
train,112903$_$3,27
train,112903$_$6,48
train,113265$_$3,18
train,113265$_$4,33
train,114624$_$11,5
train,114624$_$6,18
train,114624$_$8,9
train,11650$_$0,4
train,11650$_$3,25
train,11650$_$4,33
train,11650$_$13,10
train,11650$_$18,22
train,119348$_$11,20
train,119348$_$3,24
train,119348$_$2,20
train,120vnZnmhq4$_$2,29
train,121358$_$1,8
train,121358$_$4,5
train,121358$_$10,14
train,121358$_$13,7
train,121358$_$15,18
train,121358$_$14,18
train,122439$_$4,27
train,122602$_$12,33
train,122602$_$15,12
train,122602$_$0,14
train,122602$_$4,9
train,122842$_$1,10
train,122842$_$6,28
train,125730$_$12,22
train,125730$_$1,24
train,125730$_$0,28
train,125730$_$2,7
train,125730$_$8,18
train,125845$_$1,43
train,125845$_$3,41
train,125845$_$5,38
train,126542$_$11,31
train,126542$_$12,4
train,126542$_$17,13
train,126542$_$16,19
train,126542$_$3,10
train,126831$_$10,26
train,126831$_$3,25
train,127470$_$5,10
train,127470$_$6,16
train,127539$_$5,13
train,127539$_$7,35
train,127539$_$6,31
train,127539$_$9,17
train,127539$_$8,43
train,12812$_$3,48
train,12812$_$6,45
train,128258$_$13,36
train,128258$_$1,27
train,128752$_$15,22
train,128752$_$16,8
train,128752$_$3,27
train,128752$_$7,22
train,128752$_$9,23
train,128949$_$2,32
train,129733$_$7,36
train,130149$_$3,13
train,130149$_$6,23
train,130426$_$0,28
train,130426$_$6,31
train,130633$_$5,48
train,130633$_$7,16
train,131650$_$1,38
train,131650$_$0,19
train,131650$_$3,14
train,131650$_$9,3
train,131871$_$1,31
train,131936$_$2,9
train,131936$_$4,30
train,134252$_$1,19
train,134252$_$0,1
train,136205$_$12,11
train,136205$_$0,13
train,136205$_$6,6
train,136211$_$3,14
train,136211$_$2,45
train,137827$_$1,12
train,137827$_$2,31
train,137827$_$4,24
train,139006$_$12,48
train,139006$_$3,16
train,139032$_$16,7
train,139032$_$3,28
train,13JpsLvddoY$_$8,16
train,13JpsLvddoY$_$7,30
train,140293$_$0,18
train,140317$_$5,10
train,140317$_$7,48
train,154449$_$2,19
train,154449$_$4,3
train,154449$_$6,20
train,154449$_$8,20
train,15837$_$1,15
train,15837$_$9,38
train,15Wu4U2VPLw$_$2,15
train,15Wu4U2VPLw$_$4,27
train,15Wu4U2VPLw$_$6,15
train,15ktF-6wutk$_$4,17
train,180923$_$14,13
train,180923$_$5,4
train,180923$_$4,17
train,180923$_$6,48
train,184784$_$6,42
train,186631$_$10,36
train,186631$_$6,48
train,188122$_$12,23
train,188122$_$16,38
train,188122$_$9,29
train,189966$_$21,6
train,189966$_$22,7
train,189966$_$2,12
train,189966$_$4,10
train,189966$_$6,12
train,189966$_$12,9
train,189966$_$14,29
train,189966$_$16,40
train,189966$_$19,5
train,18JTkk8JbeU$_$6,26
train,18QjfdhJEM4$_$14,33
train,18QjfdhJEM4$_$17,12
train,18QjfdhJEM4$_$23,14
train,18QjfdhJEM4$_$4,32
train,190740$_$2,37
train,190740$_$4,22
train,190740$_$7,30
train,190740$_$6,14
train,192799$_$10,31
train,192799$_$17,28
train,192799$_$7,14
train,192799$_$8,29
train,194625$_$16,9
train,194625$_$18,48
train,194625$_$5,11
train,194625$_$7,39
train,197778$_$11,28
train,197778$_$2,15
train,197778$_$4,21
train,197778$_$9,15
train,19k6sEC7814$_$10,15
train,19k6sEC7814$_$4,18
train,1A-aRhYx-GQ$_$15,43
train,1A-aRhYx-GQ$_$31,23
train,1A-aRhYx-GQ$_$7,22
train,1A7dqFxx8wU$_$0,7
train,1CjUHNYzW1E$_$11,9
train,1ESU5ONMMxs$_$14,27
train,1ESU5ONMMxs$_$0,18
train,1ESU5ONMMxs$_$6,16
train,1ESU5ONMMxs$_$8,36
train,1F0qH0EEBfo$_$21,42
train,1F0qH0EEBfo$_$1,11
train,1F0qH0EEBfo$_$0,25
train,1F0qH0EEBfo$_$5,12
train,1F0qH0EEBfo$_$9,31
train,1F0qH0EEBfo$_$15,16
train,1F0qH0EEBfo$_$14,10
train,1JQ9UCBEmCU$_$1,12
train,1JQ9UCBEmCU$_$0,6
train,1W38PnuWIkM$_$3,21
train,1W38PnuWIkM$_$5,27
train,1W38PnuWIkM$_$4,25
train,1W38PnuWIkM$_$6,5
train,1bzS0YF5hfs$_$1,18
train,1dWsw38VDjY$_$9,31
train,1fqNb8cfLFE$_$2,48
train,1k7br8xXMSU$_$11,45
train,1k7br8xXMSU$_$12,48
train,1mHjMNZZvFo$_$1,27
train,1mHjMNZZvFo$_$5,17
train,1pvK0_9SQns$_$10,31
train,1pvK0_9SQns$_$8,35
train,1sJjdaXXuJg$_$4,28
train,1tuMFJnlXJc$_$20,32
train,1tuMFJnlXJc$_$1,14
train,1tuMFJnlXJc$_$3,48
train,1tuMFJnlXJc$_$4,20
train,2-4autDbHVQ$_$12,13
train,2-4autDbHVQ$_$19,10
train,2-4autDbHVQ$_$8,15
train,2-5hH_k2VFk$_$9,48
train,201582$_$2,48
train,201582$_$6,21
train,202431$_$6,48
train,202810$_$7,11
train,202810$_$8,27
train,202990$_$5,30
train,202990$_$6,38
train,206049$_$0,17
train,206049$_$3,35
train,206051$_$2,9
train,206376$_$2,11
train,206507$_$2,11
train,206507$_$6,35
train,206606$_$5,23
train,206606$_$7,37
train,207812$_$3,24
train,207812$_$9,11
train,207812$_$8,22
train,208148$_$11,19
train,208148$_$6,34
train,208299$_$5,48
train,208299$_$4,43
train,208299$_$6,39
train,208299$_$8,13
train,208416$_$11,29
train,208416$_$13,9
train,208416$_$16,6
train,208416$_$0,2
train,208416$_$2,15
train,208416$_$7,38
train,208416$_$9,17
train,208416$_$8,31
train,209354$_$1,26
train,209354$_$2,38
train,209775$_$10,26
train,209775$_$1,19
train,209775$_$0,9
train,209775$_$5,33
train,210238$_$13,11
train,210238$_$14,48
train,210238$_$16,41
train,210238$_$18,8
train,210238$_$1,2
train,210618$_$11,13
train,210618$_$10,11
train,210618$_$15,13
train,210618$_$5,15
train,210618$_$9,17
train,210618$_$8,18
train,21137$_$1,6
train,21137$_$0,13
train,21137$_$3,5
train,21137$_$2,18
train,21137$_$9,13
train,212532$_$10,23
train,212532$_$9,21
train,213619$_$0,6
train,213619$_$3,5
train,214095$_$11,9
train,214095$_$1,19
train,214095$_$4,8
train,215259$_$5,35
train,215259$_$4,4
train,216007$_$24,16
train,216007$_$28,3
train,216007$_$29,9
train,216007$_$1,41
train,216007$_$2,21
train,216007$_$5,14
train,216007$_$9,23
train,216007$_$12,48
train,21638$_$1,17
train,21638$_$0,17
train,21638$_$6,24
train,216857$_$1,9
train,216857$_$3,12
train,216857$_$6,6
train,216857$_$10,26
train,218708$_$13,48
train,218708$_$12,33
train,218708$_$15,19
train,218708$_$17,8
train,218708$_$1,14
train,218708$_$0,1
train,218708$_$8,12
train,219310$_$0,11
train,219310$_$2,23
train,219775$_$0,15
train,219775$_$5,14
train,220134$_$27,48
train,220134$_$21,32
train,220134$_$8,41
train,220134$_$17,38
train,220548$_$20,20
train,220548$_$1,48
train,220548$_$7,14
train,221740$_$0,3
train,221740$_$5,36
train,222116$_$1,27
train,222116$_$7,36
train,222116$_$6,45
train,223926$_$1,29
train,224599$_$1,14
train,224599$_$2,19
train,224599$_$5,38
train,224599$_$8,10
train,224772$_$12,6
train,224772$_$14,11
train,224772$_$1,9
train,224772$_$6,48
train,224869$_$10,27
train,224869$_$0,1
train,224869$_$3,48
train,224869$_$5,11
train,225343$_$10,13
train,225343$_$14,24
train,225343$_$3,48
train,225343$_$9,9
train,225416$_$14,31
train,225416$_$1,21
train,225416$_$3,10
train,225416$_$8,20
train,225768$_$6,31
train,227173$_$12,17
train,227173$_$6,22
train,227416$_$1,20
train,227416$_$0,28
train,227416$_$3,48
train,227416$_$5,29
train,227416$_$8,31
train,227426$_$19,13
train,227426$_$18,18
train,227426$_$0,17
train,227426$_$8,26
train,22821$_$14,16
train,22821$_$1,25
train,22821$_$0,6
train,22821$_$4,26
train,22821$_$9,34
train,22880$_$2,6
train,22880$_$6,10
train,229090$_$15,48
train,229090$_$16,11
train,229090$_$18,34
train,229903$_$0,12
train,229903$_$3,47
train,229967$_$2,6
train,230252$_$1,14
train,231025$_$11,13
train,231025$_$15,18
train,231025$_$14,9
train,231025$_$16,24
train,231025$_$0,7
train,231025$_$9,1
train,233171$_$1,46
train,233171$_$7,8
train,233356$_$1,11
train,233356$_$3,13
train,233366$_$4,20
train,233389$_$0,1
train,233389$_$5,37
train,234053$_$26,5
train,234053$_$21,7
train,234053$_$1,12
train,234053$_$11,37
train,234053$_$17,5
train,234053$_$19,11
train,234053$_$18,15
train,234587$_$2,16
train,234587$_$5,22
train,234587$_$11,27
train,234587$_$14,24
train,234587$_$16,10
train,234587$_$19,19
train,236399$_$4,8
train,236696$_$7,8
train,238023$_$22,31
train,238023$_$1,18
train,238023$_$37,45
train,238039$_$6,19
train,238060$_$13,43
train,238060$_$18,37
train,238060$_$5,23
train,238060$_$7,48
train,238100$_$3,14
train,238645$_$20,21
train,238645$_$23,23
train,238645$_$0,3
train,238645$_$6,5
train,238645$_$8,7
train,238889$_$2,24
train,238889$_$5,13
train,238889$_$4,25
train,238889$_$6,22
train,239235$_$11,18
train,239235$_$13,19
train,239235$_$1,13
train,239235$_$4,18
train,239235$_$8,10
train,239572$_$2,48
train,239572$_$4,5
train,23YlZoucbyM$_$4,30
train,240915$_$1,19
train,240915$_$2,27
train,240915$_$8,10
train,241164$_$10,34
train,241164$_$1,19
train,241164$_$0,19
train,241164$_$9,10
train,241172$_$3,42
train,241172$_$7,23
train,24202$_$10,21
train,24202$_$5,16
train,24202$_$4,8
train,24202$_$9,13
train,243338$_$20,16
train,243338$_$21,5
train,243338$_$22,48
train,243338$_$9,32
train,243341$_$23,12
train,243341$_$2,12
train,243341$_$7,13
train,243341$_$10,9
train,243341$_$14,23
train,244180$_$20,30
train,244180$_$4,11
train,244180$_$19,14
train,244180$_$18,5
train,244261$_$24,7
train,244261$_$20,22
train,244261$_$4,24
train,244261$_$7,14
train,244261$_$12,48
train,244261$_$14,19
train,244623$_$4,5
train,244623$_$9,4
train,244623$_$11,17
train,244623$_$17,33
train,244623$_$37,5
train,244817$_$2,15
train,244817$_$5,26
train,244817$_$9,32
train,245243$_$4,47
train,245276$_$2,9
train,245276$_$4,9
train,245276$_$7,16
train,245497$_$1,48
train,245497$_$2,30
train,245497$_$4,27
train,247382$_$1,17
train,247382$_$2,42
train,247382$_$6,21
train,247382$_$9,9
train,247382$_$11,33
train,247382$_$13,26
train,247382$_$14,23
train,248837$_$12,18
train,248837$_$6,8
train,24xayGF5yYA$_$24,46
train,24xayGF5yYA$_$26,26
train,24xayGF5yYA$_$3,6
train,24xayGF5yYA$_$2,22
train,24xayGF5yYA$_$10,27
train,24xayGF5yYA$_$15,13
train,24xayGF5yYA$_$16,31
train,250430$_$11,19
train,250430$_$10,11
train,250430$_$6,23
train,251417$_$1,7
train,251417$_$0,18
train,251646$_$13,22
train,251646$_$2,20
train,251646$_$4,10
train,251646$_$7,48
train,251826$_$6,13
train,251839$_$13,25
train,252177$_$2,9
train,252177$_$4,48
train,252177$_$9,9
train,25271$_$10,10
train,25271$_$0,36
train,254298$_$14,12
train,254298$_$0,3
train,254298$_$2,30
train,25522$_$0,11
train,25522$_$3,38
train,25522$_$5,38
train,255224$_$1,44
train,255224$_$5,23
train,255224$_$9,48
train,255224$_$8,17
train,255226$_$5,48
train,255226$_$8,29
train,255338$_$1,9
train,255338$_$2,6
train,255338$_$5,48
train,255338$_$7,18
train,255338$_$8,9
train,255343$_$0,22
train,255343$_$5,12
train,255343$_$8,12
train,255852$_$0,1
train,255852$_$6,21
train,255852$_$8,31
train,256174$_$6,17
train,256935$_$0,14
train,256935$_$4,25
train,256935$_$9,20
train,256935$_$10,18
train,256976$_$12,34
train,256976$_$2,23
train,256976$_$4,25
train,257045$_$11,14
train,257045$_$1,20
train,257531$_$15,25
train,257531$_$17,12
train,257531$_$1,12
train,257531$_$2,15
train,257771$_$15,12
train,257771$_$0,18
train,257771$_$3,18
train,257771$_$8,13
train,259260$_$26,13
train,259260$_$20,23
train,259260$_$22,4
train,259260$_$1,10
train,259260$_$37,13
train,25t8nrkUfRY$_$1,29
train,260011$_$20,11
train,260011$_$16,9
train,260011$_$0,5
train,260011$_$3,8
train,261267$_$11,24
train,261267$_$12,34
train,261267$_$15,29
train,261267$_$16,10
train,261267$_$19,17
train,261267$_$18,46
train,261267$_$2,4
train,261267$_$4,9
train,261267$_$8,12
train,261326$_$0,2
train,261326$_$3,48
train,261900$_$24,21
train,261900$_$27,25
train,261900$_$7,9
train,261900$_$9,11
train,261900$_$8,16
train,261900$_$30,12
train,261900$_$36,15
train,261900$_$34,8
train,261900$_$33,32
train,261902$_$0,4
train,261902$_$10,14
train,261902$_$15,35
train,261902$_$18,14
train,262165$_$22,7
train,262165$_$2,4
train,262165$_$4,48
train,262165$_$7,48
train,262165$_$6,31
train,262165$_$8,45
train,262165$_$13,14
train,262165$_$15,21
train,262165$_$17,12
train,262165$_$19,48
train,262165$_$18,17
train,264418$_$10,15
train,264418$_$13,6
train,264418$_$15,10
train,264418$_$4,29
train,264418$_$6,48
train,264446$_$23,31
train,264446$_$44,9
train,264446$_$43,13
train,264446$_$2,25
train,264446$_$38,31
train,264446$_$15,40
train,264446$_$14,37
train,265959$_$11,23
train,265959$_$15,5
train,265959$_$16,6
train,265959$_$0,26
train,265959$_$2,22
train,265959$_$5,35
train,265959$_$7,48
train,265959$_$9,33
train,266366$_$14,19
train,266366$_$16,4
train,266366$_$1,19
train,266366$_$0,1
train,266366$_$7,48
train,266366$_$8,48
train,266396$_$55,7
train,266396$_$82,4
train,266396$_$80,5
train,266396$_$87,6
train,266396$_$85,14
train,266396$_$33,7
train,266396$_$91,9
train,266396$_$93,4
train,266396$_$10,14
train,266396$_$18,11
train,266396$_$44,23
train,266396$_$45,8
train,266396$_$43,23
train,266396$_$74,12
train,266852$_$25,16
train,266852$_$20,48
train,266852$_$2,17
train,266852$_$13,32
train,266938$_$42,10
train,266938$_$43,9
train,266938$_$23,48
train,266938$_$25,34
train,266938$_$20,8
train,266938$_$49,29
train,266938$_$29,31
train,266938$_$0,11
train,266938$_$8,33
train,266938$_$38,33
train,266938$_$10,28
train,266938$_$15,19
train,266938$_$16,9
train,266938$_$54,10
train,267252$_$10,12
train,267252$_$13,25
train,267255$_$10,19
train,267255$_$13,10
train,267255$_$15,46
train,267255$_$16,15
train,267255$_$3,11
train,267255$_$7,48
train,267255$_$9,17
train,267278$_$1,14
train,267278$_$4,10
train,267278$_$9,24
train,267278$_$11,9
train,267278$_$14,15
train,267278$_$19,12
train,267799$_$2,14
train,267799$_$6,28
train,268836$_$2,17
train,268836$_$7,9
train,268836$_$6,1
train,268836$_$12,3
train,268836$_$15,17
train,268836$_$18,14
train,268836$_$34,13
train,270416$_$11,37
train,270416$_$13,28
train,270444$_$5,24
train,270449$_$10,14
train,270449$_$4,13
train,270628$_$24,30
train,270628$_$26,33
train,270628$_$21,46
train,270628$_$22,16
train,270628$_$0,4
train,270628$_$14,12
train,270665$_$25,32
train,270665$_$20,15
train,270665$_$22,8
train,270665$_$0,31
train,270665$_$6,38
train,270665$_$9,9
train,270665$_$13,6
train,270956$_$3,20
train,270956$_$9,25
train,270956$_$8,12
train,271366$_$26,37
train,271366$_$21,48
train,271366$_$41,7
train,271366$_$3,6
train,271366$_$5,14
train,271366$_$7,18
train,271366$_$38,20
train,271366$_$13,6
train,271366$_$17,13
train,271366$_$35,48
train,271366$_$34,17
train,271594$_$24,7
train,271594$_$23,15
train,271594$_$37,6
train,271594$_$34,14
train,271598$_$28,12
train,271598$_$10,1
train,271598$_$13,7
train,271598$_$17,16
train,271598$_$16,35
train,272375$_$11,33
train,272375$_$18,14
train,272375$_$0,10
train,273171$_$15,33
train,273171$_$1,13
train,273237$_$23,48
train,273237$_$1,13
train,273237$_$3,47
train,273237$_$11,6
train,273237$_$13,30
train,273237$_$12,39
train,273237$_$14,31
train,273237$_$17,20
train,273314$_$1,48
train,273314$_$4,12
train,273531$_$2,19
train,273531$_$7,14
train,273531$_$10,48
train,273531$_$19,18
train,274219$_$11,27
train,274219$_$3,6
train,274219$_$2,48
train,274219$_$4,13
train,275248$_$0,48
train,275620$_$3,25
train,275620$_$4,6
train,275620$_$12,17
train,275620$_$19,13
train,276217$_$24,15
train,276217$_$22,7
train,276217$_$6,10
train,276217$_$9,15
train,276217$_$38,22
train,276217$_$12,23
train,276217$_$32,12
train,276217$_$36,18
train,276217$_$19,14
train,276217$_$18,10
train,27798$_$11,14
train,27798$_$12,48
train,27798$_$15,15
train,27798$_$5,25
train,278474$_$3,12
train,278474$_$4,13
train,27ubp7CLLKQ$_$14,18
train,282560$_$15,8
train,282560$_$1,12
train,282560$_$3,15
train,282560$_$5,9
train,282560$_$4,28
train,282560$_$7,26
train,282560$_$6,5
train,282560$_$9,23
train,282586$_$25,6
train,282586$_$22,5
train,282586$_$3,12
train,282586$_$4,6
train,282586$_$12,17
train,282586$_$16,32
train,283495$_$7,13
train,284673$_$14,3
train,284673$_$18,12
train,284673$_$5,23
train,284673$_$8,39
train,288714$_$15,11
train,288714$_$17,20
train,288714$_$5,8
train,288714$_$8,7
train,288766$_$21,13
train,288766$_$2,40
train,288766$_$7,20
train,288766$_$17,31
train,290088$_$4,9
train,29044$_$12,23
train,29044$_$3,25
train,29044$_$2,26
train,29044$_$4,11
train,291121$_$7,34
train,292277$_$10,21
train,292277$_$2,14
train,292277$_$5,10
train,292277$_$4,46
train,294178$_$11,8
train,294178$_$14,4
train,294178$_$1,19
train,294178$_$0,8
train,294178$_$3,17
train,294178$_$7,19
train,295793$_$14,8
train,295793$_$3,25
train,295793$_$9,23
train,298736$_$26,12
train,298736$_$22,4
train,298736$_$28,15
train,298736$_$0,10
train,298736$_$7,16
train,298736$_$17,19
train,298736$_$16,8
train,298736$_$32,39
train,298774$_$12,17
train,298774$_$15,10
train,298774$_$17,6
train,298774$_$1,12
train,298774$_$4,13
train,2Crezdbre6I$_$10,34
train,2HmBM3GGTlg$_$2,5
train,2HmBM3GGTlg$_$5,6
train,2HmBM3GGTlg$_$7,19
train,2JY5HXBWO84$_$20,16
train,2JY5HXBWO84$_$14,25
train,2LpVvLemgvw$_$5,5
train,2PgJok07td4$_$3,27
train,2RDubrUjI-k$_$8,22
train,2RDubrUjI-k$_$4,17
train,2YwgSmmLibs$_$6,48
train,2ahFSMFvs_c$_$0,22
train,2c2fhh_Dsoo$_$4,29
train,2c6Gb73nx4E$_$2,38
train,2cwNG0YuwtQ$_$23,17
train,2cwNG0YuwtQ$_$1,21
train,2cwNG0YuwtQ$_$15,22
train,2f6ZHqJ76EU$_$8,41
train,2h9VVQUZjK0$_$12,9
train,2h9VVQUZjK0$_$8,14
train,2lj0BaPsJpM$_$7,19
train,2mWPHvbKzL8$_$10,22
train,2mWPHvbKzL8$_$15,21
train,2mWPHvbKzL8$_$19,39
train,2mWPHvbKzL8$_$3,29
train,2mWPHvbKzL8$_$2,21
train,2mWPHvbKzL8$_$4,25
train,2mWPHvbKzL8$_$6,12
train,2qKajMu7Vhc$_$2,18
train,2qKajMu7Vhc$_$4,8
train,2vX-ZRQQDwo$_$3,18
train,2vX-ZRQQDwo$_$4,15
train,2w7rpDe-HoA$_$1,18
train,2w7rpDe-HoA$_$3,48
train,2w7rpDe-HoA$_$5,48
train,2w7rpDe-HoA$_$7,26
train,30763$_$13,17
train,30763$_$15,21
train,30763$_$0,1
train,31197$_$3,28
train,31tcuDMQ_H8$_$11,17
train,31tcuDMQ_H8$_$1,48
train,327283$_$3,11
train,327283$_$2,15
train,327283$_$6,6
train,33312$_$0,2
train,33312$_$7,35
train,33312$_$6,47
train,33312$_$8,44
train,33439$_$10,21
train,33439$_$0,9
train,33439$_$3,39
train,33439$_$2,35
train,33439$_$9,10
train,33ueXDUn3mA$_$11,19
train,33ueXDUn3mA$_$1,29
train,34-ogj6rh6w$_$0,24
train,34-ogj6rh6w$_$2,6
train,34-ogj6rh6w$_$7,25
train,34-ogj6rh6w$_$8,14
train,34346$_$11,15
train,34346$_$14,21
train,34346$_$1,9
train,34346$_$0,16
train,34346$_$7,10
train,36098$_$1,5
train,36098$_$2,7
train,367506$_$10,9
train,367506$_$13,11
train,367506$_$15,6
train,367506$_$14,45
train,367506$_$1,1
train,367506$_$5,41
train,367576$_$2,40
train,367576$_$4,46
train,367576$_$9,27
train,36o2cux9kfQ$_$13,19
train,37117$_$1,48
train,37117$_$4,10
train,37117$_$6,15
train,37117$_$9,48
train,37117$_$8,48
train,37459$_$3,33
train,37459$_$2,27
train,37459$_$6,31
train,38019$_$0,31
train,38374$_$3,23
train,38374$_$7,48
train,38374$_$9,48
train,39lcRCFvV-s$_$21,28
train,39lcRCFvV-s$_$22,25
train,39lcRCFvV-s$_$46,17
train,39lcRCFvV-s$_$39,23
train,39lcRCFvV-s$_$13,44
train,39lcRCFvV-s$_$12,31
train,39lcRCFvV-s$_$19,27
train,39lcRCFvV-s$_$18,5
train,39lcRCFvV-s$_$30,9
train,3B1zIUj-k3o$_$10,42
train,3DOrdP4H8SA$_$13,7
train,3DOrdP4H8SA$_$3,13
train,3DgOMTs3A1E$_$24,6
train,3DgOMTs3A1E$_$22,9
train,3DgOMTs3A1E$_$23,43
train,3DgOMTs3A1E$_$1,17
train,3DgOMTs3A1E$_$7,12
train,3DgOMTs3A1E$_$17,27
train,3FpmKxZgihw$_$0,26
train,3GyEnzE1NTQ$_$14,26
train,3GyEnzE1NTQ$_$3,35
train,3GyEnzE1NTQ$_$4,16
train,3OMgvtWNHp4$_$10,10
train,3OuNMjZo5wg$_$13,32
train,3VsrcbjPwZY$_$0,33
train,3VsrcbjPwZY$_$7,47
train,3Wi0if_L6Ug$_$13,14
train,3Wi0if_L6Ug$_$12,24
train,3Wi0if_L6Ug$_$17,21
train,3Wi0if_L6Ug$_$4,22
train,3Wi0if_L6Ug$_$9,22
train,3aD0xAgxxyw$_$11,29
train,3aD0xAgxxyw$_$0,29
train,3aIQUQgawaI$_$12,26
train,3aIQUQgawaI$_$19,26
train,3aIQUQgawaI$_$5,43
train,3aIQUQgawaI$_$4,46
train,3aIQUQgawaI$_$7,48
train,3fhCxePBuZY$_$10,42
train,3fhCxePBuZY$_$4,16
train,3gA34VxBijI$_$1,21
train,3kNPvhdF1NA$_$0,48
train,3lkn8MS3n8Q$_$27,28
train,3lkn8MS3n8Q$_$6,24
train,3n44IP3tCVE$_$13,31
train,3n44IP3tCVE$_$0,21
train,3n44IP3tCVE$_$5,48
train,3n44IP3tCVE$_$6,24
train,3ocpWAmSNUE$_$5,22
train,3ocpWAmSNUE$_$6,12
train,3paDwuRQP1w$_$0,18
train,3sUS8vXbRwg$_$13,20
train,40181$_$21,22
train,40181$_$9,19
train,40181$_$13,48
train,40181$_$19,4
train,40260$_$8,26
train,40260$_$19,38
train,40260$_$18,48
train,41692$_$1,16
train,43371$_$6,34
train,43371$_$8,13
train,43456$_$2,29
train,43456$_$8,15
train,44780$_$1,24
train,44780$_$0,2
train,44780$_$3,48
train,44780$_$2,10
train,44780$_$7,48
train,44780$_$6,18
train,45175$_$9,22
train,45184$_$2,36
train,45184$_$5,48
train,45186$_$3,42
train,45186$_$2,23
train,45676$_$6,40
train,45c3QQzGakM$_$5,24
train,46497$_$1,10
train,46497$_$3,48
train,46604$_$3,12
train,46604$_$2,13
train,46604$_$4,9
train,46618$_$1,36
train,46618$_$0,16
train,46618$_$2,33
train,47472$_$10,29
train,47472$_$1,13
train,47472$_$4,9
train,47472$_$6,42
train,47472$_$8,36
train,49358$_$4,13
train,49358$_$6,19
train,49358$_$9,31
train,4AQC7_uCuEE$_$27,24
train,4AQC7_uCuEE$_$22,16
train,4AQC7_uCuEE$_$23,18
train,4BoE-woHtwA$_$12,34
train,4BoE-woHtwA$_$1,20
train,4BoE-woHtwA$_$5,17
train,4CKhrjuuofk$_$1,30
train,4CKhrjuuofk$_$5,25
train,4EEru3cZwXo$_$3,24
train,4GYfmpEEtl4$_$1,21
train,4GYfmpEEtl4$_$7,25
train,4GYfmpEEtl4$_$6,16
train,4H9RfQuqsvg$_$1,12
train,4H9RfQuqsvg$_$12,14
train,4H9RfQuqsvg$_$6,23
train,4HAC00EAdno$_$10,48
train,4HAC00EAdno$_$12,12
train,4HAC00EAdno$_$9,16
train,4Kh5N9W-Jr4$_$0,9
train,4Q7OkrJLzAc$_$1,18
train,4Q7OkrJLzAc$_$0,17
train,4Q95Lg3Icho$_$24,17
train,4Ry6M_ZfJQc$_$5,27
train,4VA4kqMnEqA$_$4,9
train,4VA4kqMnEqA$_$8,11
train,4hEWns7JBg0$_$25,21
train,4hEWns7JBg0$_$29,7
train,4iG0ffmnCOw$_$2,22
train,4iG0ffmnCOw$_$7,14
train,4iw1jTY-X3A$_$14,9
train,4iw1jTY-X3A$_$3,8
train,4jTUcNlxlYA$_$0,19
train,4jTUcNlxlYA$_$4,18
train,4jTUcNlxlYA$_$6,48
train,4jTUcNlxlYA$_$9,38
train,4kF0U8kIMp4$_$0,24
train,4kF0U8kIMp4$_$5,32
train,4kF0U8kIMp4$_$4,34
train,4lKz4xyCmkk$_$14,18
train,4poXF3xo6Z8$_$13,12
train,4poXF3xo6Z8$_$1,28
train,4poXF3xo6Z8$_$0,14
train,4poXF3xo6Z8$_$3,21
train,4poXF3xo6Z8$_$6,29
train,4qjz4BQCZyM$_$5,26
train,4qoB5a6dR3w$_$1,15
train,4wdeBJ39Cuw$_$0,30
train,4wdeBJ39Cuw$_$5,15
train,4wuug3-5cWo$_$5,22
train,50453$_$4,22
train,50453$_$8,6
train,51224$_$1,48
train,51224$_$9,18
train,52068$_$21,1
train,52068$_$2,11
train,52839$_$11,6
train,52839$_$13,20
train,52839$_$12,26
train,52839$_$0,3
train,52839$_$7,37
train,53742$_$1,15
train,53742$_$2,16
train,53742$_$5,48
train,55156$_$2,15
train,55156$_$8,30
train,56006$_$4,18
train,56276$_$11,48
train,56276$_$15,29
train,56276$_$1,20
train,56276$_$4,4
train,56276$_$7,31
train,57618$_$1,9
train,57618$_$3,20
train,59333$_$10,11
train,59333$_$19,8
train,59333$_$7,12
train,59333$_$9,7
train,5Fs_7A_V2kA$_$9,29
train,5JMpMKAO-Mk$_$5,19
train,5R5fDxZUL8M$_$2,26
train,5R5fDxZUL8M$_$5,27
train,5Tqu1IXJjGY$_$7,14
train,5XX0csik6VQ$_$0,47
train,5YnYGjrhzF4$_$0,48
train,5YnYGjrhzF4$_$8,27
train,5eA5HpyFsIk$_$0,32
train,5oEuiBPUTYc$_$6,34
train,5qQs9Cfydo4$_$9,38
train,5qxZFmIaynE$_$24,29
train,5qxZFmIaynE$_$15,21
train,5qxZFmIaynE$_$17,27
train,5qxZFmIaynE$_$28,18
train,5qxZFmIaynE$_$7,15
train,5qxZFmIaynE$_$9,18
train,5tV5rZZJDCE$_$7,18
train,5wpCKY2U1NE$_$10,18
train,5wpCKY2U1NE$_$5,20
train,60037$_$16,28
train,60037$_$1,17
train,65kkuNV921k$_$15,23
train,65kkuNV921k$_$22,22
train,65kkuNV921k$_$30,20
train,65kkuNV921k$_$26,15
train,65kkuNV921k$_$34,23
train,65kkuNV921k$_$3,24
train,65kkuNV921k$_$5,25
train,65kkuNV921k$_$7,26
train,65kkuNV921k$_$6,15
train,69707$_$2,40
train,6G8JJ69aN6o$_$4,14
train,6IUj6jyoTl0$_$0,22
train,6J_yzh1LNAE$_$0,21
train,6MYUY5tC2Us$_$0,11
train,6MYUY5tC2Us$_$2,16
train,6MloL1gIccs$_$4,25
train,6PLlauWxF5E$_$0,24
train,6PLlauWxF5E$_$2,28
train,6T1GHj7qwYs$_$5,41
train,6TDXQtGUNEs$_$11,26
train,6Vg10LxmWUY$_$0,19
train,6YNAmRjpxlA$_$0,35
train,6c7vAwDSVGc$_$2,30
train,6ng8CZ0ULK4$_$11,6
train,6ng8CZ0ULK4$_$1,33
train,6ng8CZ0ULK4$_$2,20
train,6q5uKCgairk$_$10,15
train,6q5uKCgairk$_$13,19
train,6q5uKCgairk$_$8,29
train,6qPjYvdZiLA$_$7,20
train,6rkV4QRcVnk$_$3,13
train,6slq62RwH3Q$_$10,21
train,6slq62RwH3Q$_$2,19
train,6slq62RwH3Q$_$7,20
train,6xvVFYR5di0$_$0,23
train,6xvVFYR5di0$_$9,11
train,6zjv1TLqfF0$_$11,7
train,6zjv1TLqfF0$_$10,6
train,6zjv1TLqfF0$_$1,15
train,6zjv1TLqfF0$_$3,6
train,6zjv1TLqfF0$_$7,7
train,70420$_$15,15
train,70420$_$4,7
train,70420$_$6,16
train,70710$_$3,41
train,70710$_$2,48
train,708sewcSXVY$_$3,33
train,72017$_$9,11
train,72385$_$24,23
train,72385$_$20,13
train,72385$_$21,15
train,72385$_$2,13
train,72385$_$5,14
train,72385$_$6,20
train,72385$_$12,15
train,72tXTrSXoMk$_$6,8
train,73447$_$16,11
train,73447$_$1,11
train,73447$_$0,1
train,73447$_$3,3
train,73447$_$6,18
train,73447$_$8,31
train,73449$_$13,17
train,73449$_$14,6
train,73449$_$2,11
train,73449$_$4,8
train,73449$_$8,48
train,74101$_$1,16
train,74101$_$6,47
train,74184$_$11,8
train,74184$_$7,44
train,74184$_$8,20
train,74870$_$3,19
train,74870$_$4,10
train,75938$_$1,28
train,76124$_$10,46
train,76124$_$1,20
train,76124$_$3,32
train,76124$_$2,34
train,76124$_$8,27
train,76sN4tvbPGk$_$9,15
train,76sN4tvbPGk$_$4,27
train,78577$_$11,16
train,78577$_$3,19
train,78577$_$8,16
train,79644$_$2,24
train,79934$_$5,18
train,79935$_$13,11
train,79935$_$15,6
train,79935$_$7,25
train,79935$_$6,13
train,79935$_$8,20
train,7EWOMjaKlus$_$12,25
train,7EWOMjaKlus$_$14,24
train,7R70kKqtGh0$_$1,26
train,7U_z0JfleAw$_$8,13
train,7UlSX-syPeo$_$18,40
train,7UlSX-syPeo$_$22,48
train,7UlSX-syPeo$_$4,13
train,7ZzbemE4QEE$_$25,22
train,7ZzbemE4QEE$_$27,15
train,7ZzbemE4QEE$_$21,10
train,7ZzbemE4QEE$_$3,35
train,7ZzbemE4QEE$_$2,32
train,7ZzbemE4QEE$_$39,20
train,7ZzbemE4QEE$_$15,15
train,7ZzbemE4QEE$_$33,6
train,7ZzbemE4QEE$_$34,4
train,7ZzbemE4QEE$_$32,14
train,7eJqqvvziQo$_$1,8
train,7eJqqvvziQo$_$0,28
train,7eJqqvvziQo$_$5,21
train,7eJqqvvziQo$_$7,23
train,7eWclVCXOtk$_$0,21
train,7eWclVCXOtk$_$4,12
train,7eWclVCXOtk$_$8,24
train,7fPYpqzw1iY$_$12,17
train,7hSWYI99-24$_$3,8
train,7hSWYI99-24$_$6,26
train,7pZPQbMKGkY$_$0,18
train,7pZPQbMKGkY$_$5,15
train,7rMLN0KKE5k$_$28,48
train,7rMLN0KKE5k$_$19,43
train,7rMLN0KKE5k$_$32,48
train,7sgAWvbLtiM$_$1,11
train,7sgAWvbLtiM$_$6,10
train,8-Hi9NmF4rM$_$1,19
train,8-Hi9NmF4rM$_$2,17
train,80620$_$0,1
train,80620$_$2,11
train,80620$_$5,9
train,80627$_$11,3
train,80627$_$13,28
train,80866$_$13,7
train,80866$_$12,12
train,80866$_$14,31
train,80866$_$1,15
train,80866$_$3,9
train,80866$_$2,16
train,80866$_$5,17
train,80866$_$4,23
train,80866$_$6,5
train,80914$_$3,10
train,81406$_$0,32
train,81406$_$2,7
train,81615$_$3,19
train,81615$_$7,8
train,81615$_$6,48
train,83310$_$1,48
train,83859$_$25,15
train,83859$_$29,14
train,83859$_$1,36
train,83859$_$3,29
train,83859$_$11,6
train,83859$_$12,20
train,83859$_$16,10
train,8404$_$11,25
train,8404$_$4,18
train,84133$_$23,23
train,84133$_$2,17
train,84133$_$9,4
train,84133$_$16,14
train,84133$_$19,4
train,84176$_$10,45
train,84176$_$1,14
train,84176$_$8,39
train,856LGms_0s0$_$9,29
train,87161$_$3,34
train,87161$_$2,18
train,87161$_$5,9
train,87400$_$13,4
train,87400$_$12,14
train,87400$_$14,12
train,88245$_$6,36
train,88797$_$12,6
train,88797$_$0,4
train,88797$_$3,14
train,88797$_$7,32
train,88888$_$4,11
train,88S1BjwMfdw$_$7,13
train,88oSn21TFcA$_$0,20
train,88oSn21TFcA$_$8,30
train,89747$_$9,48
train,89787$_$14,15
train,89787$_$4,27
train,89787$_$7,48
train,89951$_$10,20
train,89951$_$8,33
train,8Cp8c-eQELQ$_$11,21
train,8Cp8c-eQELQ$_$16,25
train,8EHEEXex5D8$_$11,24
train,8EHEEXex5D8$_$23,16
train,8EHEEXex5D8$_$18,19
train,8Lmqsakmw3M$_$20,23
train,8P0zm2oYDyY$_$1,22
train,8P0zm2oYDyY$_$6,16
train,8VB6pdJTpX4$_$1,23
train,8VP1qxX9mh4$_$0,24
train,8X5tGQLBqPo$_$11,45
train,8X5tGQLBqPo$_$10,33
train,8X5tGQLBqPo$_$13,18
train,8X5tGQLBqPo$_$15,38
train,8XODJwsvBa0$_$2,48
train,8YsIvz4qnk4$_$1,19
train,8ovb-GaZ3QE$_$3,12
train,8ovb-GaZ3QE$_$5,15
train,8qCNtqjygW8$_$10,8
train,8qCNtqjygW8$_$12,12
train,8qCNtqjygW8$_$1,7
train,8qCNtqjygW8$_$0,20
train,8qCNtqjygW8$_$7,9
train,8qCNtqjygW8$_$8,18
train,8u5aet7s9_w$_$8,48
train,8x81fzwcJko$_$5,19
train,8xfW_azeNPk$_$12,8
train,8xfW_azeNPk$_$1,38
train,8xfW_azeNPk$_$8,15
train,9-EO2oCAGA4$_$10,31
train,9-EO2oCAGA4$_$0,27
train,9-EO2oCAGA4$_$3,39
train,9-EO2oCAGA4$_$4,24
train,9-EO2oCAGA4$_$7,9
train,9-K1CXCXui4$_$15,48
train,9-K1CXCXui4$_$16,7
train,90172$_$11,48
train,90172$_$14,14
train,90172$_$0,46
train,90172$_$3,48
train,90172$_$7,9
train,90wZz0thye4$_$11,19
train,90wZz0thye4$_$10,14
train,90wZz0thye4$_$2,36
train,91276$_$1,4
train,91276$_$7,39
train,91276$_$8,4
train,91y7nPEWdmQ$_$5,48
train,92221$_$11,23
train,92221$_$12,22
train,92221$_$18,2
train,92221$_$5,19
train,92331$_$20,27
train,92331$_$21,7
train,92331$_$22,10
train,92331$_$1,14
train,92331$_$2,19
train,92331$_$8,17
train,92331$_$10,14
train,92331$_$18,9
train,92521$_$0,16
train,92521$_$6,23
train,92533$_$7,7
train,92533$_$6,19
train,93821$_$1,14
train,93821$_$7,20
train,93839$_$11,27
train,93839$_$1,19
train,93839$_$7,32
train,94215$_$1,15
train,94983$_$11,20
train,94983$_$6,7
train,94ULum9MYX0$_$11,27
train,96099$_$3,24
train,96099$_$9,31
train,96179$_$13,15
train,96179$_$14,4
train,96179$_$5,22
train,96194$_$12,13
train,96194$_$6,23
train,96350$_$2,19
train,96350$_$5,22
train,96350$_$7,37
train,96350$_$9,48
train,96350$_$8,1
train,96361$_$4,7
train,96361$_$7,27
train,96361$_$6,48
train,96361$_$8,6
train,97095$_$24,5
train,97095$_$20,11
train,97095$_$29,12
train,97095$_$0,1
train,97095$_$2,20
train,97095$_$5,7
train,97095$_$11,4
train,97095$_$17,26
train,97095$_$16,17
train,97095$_$33,17
train,97095$_$32,11
train,97992$_$10,12
train,97992$_$9,5
train,98187$_$11,16
train,98187$_$12,6
train,98187$_$1,10
train,98442$_$10,17
train,984VkHzXl8w$_$7,25
train,9BceQC_SdTM$_$3,48
train,9BceQC_SdTM$_$6,29
train,9K5mYSaoBL4$_$4,28
train,9K5mYSaoBL4$_$9,32
train,9Un1O2ypJmI$_$5,48
train,9VZ4cpoTFbo$_$2,18
train,9VZ4cpoTFbo$_$5,15
train,9cSJglGi9Pg$_$6,22
train,9cxlcpbmrH0$_$11,33
train,9dFEGb_RfwE$_$11,48
train,9f6A3ucYArQ$_$3,23
train,9pdyTplXwM4$_$5,17
train,9pzn93kdP_g$_$11,48
train,9pzn93kdP_g$_$17,12
train,9pzn93kdP_g$_$3,16
train,9tX18DNC74w$_$4,23
train,9zWeMrfr-l0$_$0,9
train,A4dzxgHDhF0$_$1,43
train,A8plGi4rbxM$_$4,22
train,ABSC1JNdpTw$_$9,44
train,ABSC1JNdpTw$_$11,20
train,ADYia28RrFU$_$4,11
train,ADYia28RrFU$_$7,28
train,ADYia28RrFU$_$9,17
train,ADYia28RrFU$_$8,19
train,AGFgaKPzjMQ$_$2,37
train,AIPqRuTjI4E$_$14,22
train,AIPqRuTjI4E$_$16,16
train,AKofHsmxa1I$_$6,29
train,APYv5s4ucd0$_$9,29
train,AVScVfLgNmw$_$1,21
train,AVScVfLgNmw$_$2,19
train,AepwIhSbAws$_$2,23
train,AggyS1coOb8$_$1,48
train,AmGocfFQfVE$_$1,19
train,AuPCZlKBzq8$_$11,29
train,Az3e1Opu0LE$_$1,16
train,Az3e1Opu0LE$_$5,9
train,BAi3ZJo5Vwg$_$11,42
train,BAi3ZJo5Vwg$_$7,48
train,BB_VwJSg3AI$_$6,38
train,BBoe8-HWPSw$_$4,33
train,BBoe8-HWPSw$_$7,27
train,BDCFV4EqHjY$_$1,32
train,BMhG11CXgww$_$5,19
train,BRdw-_dbJXc$_$19,16
train,BRzjQHYWbSs$_$11,26
train,BRzjQHYWbSs$_$15,29
train,BRzjQHYWbSs$_$16,14
train,BdqoZ5qpz0E$_$7,24
train,BdqoZ5qpz0E$_$6,25
train,BdqoZ5qpz0E$_$15,17
train,Bf5owLv3X98$_$4,22
train,Bg-PA5KTjNs$_$1,36
train,Bg-PA5KTjNs$_$3,17
train,Bg-PA5KTjNs$_$6,16
train,Bg-PA5KTjNs$_$8,40
train,BnWvk0YRgE4$_$0,48
train,Bo5IDtP8_Fk$_$11,48
train,BseI8-TYWm8$_$1,24
train,BseI8-TYWm8$_$2,22
train,BseI8-TYWm8$_$4,26
train,BuPhjBayua8$_$7,47
train,BuPhjBayua8$_$6,21
train,C03473pYcRM$_$7,48
train,C3lDRFu1ZcI$_$1,21
train,C3lDRFu1ZcI$_$3,15
train,CBYQDIqucxE$_$0,29
train,CE9yV4SearE$_$11,42
train,CHh6hWo1AFE$_$2,13
train,CIqRibqChDQ$_$0,38
train,CIqRibqChDQ$_$8,28
train,CK31s0kfp-k$_$16,25
train,CL4hDu95Eqw$_$0,38
train,CL4hDu95Eqw$_$3,14
train,CLkTjujFVKU$_$12,24
train,CLkTjujFVKU$_$0,48
train,CT7QOWbhfv4$_$3,39
train,CVx494kExvc$_$2,33
train,CVx494kExvc$_$6,21
train,CVx494kExvc$_$15,38
train,CVx494kExvc$_$8,24
train,CXojk-oSaEw$_$2,48
train,CZigX1ntOsI$_$3,17
train,Cb8ay6WtJuM$_$1,10
train,Cb8ay6WtJuM$_$4,7
train,Cd0JH1AreDw$_$5,14
train,CdB8QBhFccs$_$1,13
train,CdB8QBhFccs$_$2,20
train,CdB8QBhFccs$_$4,29
train,Ceu9AkIjuLY$_$13,18
train,Ceu9AkIjuLY$_$2,30
train,Ceu9AkIjuLY$_$4,13
train,Ceu9AkIjuLY$_$8,16
train,Cj7R36s4dbM$_$10,14
train,Ctc23Icfzvg$_$3,12
train,Ctc23Icfzvg$_$5,27
train,CvW0Mh1EWFA$_$3,48
train,CzstrpOTtgo$_$4,38
train,D5cQWqYcBAE$_$0,40
train,D5cQWqYcBAE$_$2,14
train,DEFDuYyc-Xw$_$7,12
train,DGeBPk1op3E$_$2,9
train,DGeBPk1op3E$_$5,30
train,DQ7QKE3hzVg$_$1,25
train,DXQGngge7vU$_$4,8
train,DZBpdzrMelA$_$3,24
train,DZBpdzrMelA$_$5,32
train,DZIFCYOhosQ$_$5,44
train,DZIFCYOhosQ$_$6,21
train,DaXkixKFEvE$_$4,13
train,DatH-ra0VKY$_$12,48
train,DatH-ra0VKY$_$3,48
train,DatH-ra0VKY$_$4,48
train,DbAppk7xT0Y$_$0,12
train,DfTMoqwMHVE$_$0,36
train,DhXBaBOB4E8$_$5,29
train,DiOw-w5LDJ0$_$1,32
train,DiOw-w5LDJ0$_$0,36
train,Drhrzj1yhVs$_$8,30
train,Drhrzj1yhVs$_$5,24
train,Dws8ZrzF7xQ$_$7,22
train,E0g6nae4Ae4$_$24,48
train,E0g6nae4Ae4$_$22,48
train,E0g6nae4Ae4$_$23,38
train,E0g6nae4Ae4$_$1,45
train,E0g6nae4Ae4$_$4,9
train,E0g6nae4Ae4$_$8,24
train,E0g6nae4Ae4$_$19,8
train,E0g6nae4Ae4$_$33,27
train,E8L1Z71vKG8$_$3,23
train,EEUGfVTyTQM$_$1,41
train,EHbZ2EeVags$_$1,13
train,EJT25p7JahU$_$7,33
train,EJT25p7JahU$_$6,16
train,EO_SN04Xef0$_$2,24
train,EOkdFMw0pmk$_$11,5
train,EOkdFMw0pmk$_$9,25
train,ERnYvxojeu0$_$1,19
train,ERnYvxojeu0$_$2,28
train,ERnYvxojeu0$_$4,19
train,EULEL3QhKD0$_$3,17
train,E_ocLuUw-1I$_$1,17
train,Ea_Huc2-lwo$_$2,22
train,Emi9cw9xa00$_$9,21
train,Emjv2cDzW1E$_$0,17
train,EoC83JhkCAw$_$10,23
train,EoC83JhkCAw$_$5,14
train,EoC83JhkCAw$_$4,25
train,EpadyoYlAjQ$_$0,5
train,ExDLNkDVsxY$_$4,16
train,ExDLNkDVsxY$_$6,12
train,F2M7WbPXRps$_$11,26
train,F2M7WbPXRps$_$12,20
train,F4OhXQTMOEc$_$3,16
train,F59hwsm4Ld0$_$23,13
train,F59hwsm4Ld0$_$49,23
train,F59hwsm4Ld0$_$0,15
train,F59hwsm4Ld0$_$7,8
train,F59hwsm4Ld0$_$6,6
train,F59hwsm4Ld0$_$11,24
train,F59hwsm4Ld0$_$14,39
train,F59hwsm4Ld0$_$17,11
train,F59hwsm4Ld0$_$16,4
train,F59hwsm4Ld0$_$36,22
train,F5SGdvSRJmo$_$10,9
train,F5SGdvSRJmo$_$3,9
train,F5SGdvSRJmo$_$7,15
train,F6Ci45lP5aA$_$0,15
train,F8KE2ZhoUe4$_$16,21
train,F8KE2ZhoUe4$_$19,20
train,F8KE2ZhoUe4$_$4,35
train,F8KE2ZhoUe4$_$20,23
train,FHlzZ2VxuGQ$_$13,25
train,FHlzZ2VxuGQ$_$7,28
train,FHlzZ2VxuGQ$_$9,20
train,FLyWn2DCci4$_$1,30
train,FLyWn2DCci4$_$3,7
train,FMW6diQ9rMo$_$4,15
train,FMW6diQ9rMo$_$8,21
train,FOMXt3lStco$_$1,42
train,FR0B64ID-hA$_$5,18
train,FRKwvmrwrZA$_$24,15
train,FRKwvmrwrZA$_$22,18
train,FX-YgVKC1AI$_$5,21
train,FX-YgVKC1AI$_$7,45
train,FaHosBIr0xY$_$3,22
train,FdTczBnXtYU$_$3,23
train,FmIS69vB12I$_$13,17
train,FmIS69vB12I$_$0,16
train,FmIS69vB12I$_$3,16
train,FmIS69vB12I$_$2,8
train,FmIS69vB12I$_$7,9
train,Fmwc7wkIc4Q$_$10,8
train,Fmwc7wkIc4Q$_$13,20
train,Fmwc7wkIc4Q$_$14,19
train,FphtHpVV-7w$_$0,13
train,FphtHpVV-7w$_$3,48
train,FsmNLTdE2p0$_$0,18
train,FvoZgWvc3gc$_$11,18
train,FylhSeozvG8$_$3,20
train,FylhSeozvG8$_$2,15
train,FylhSeozvG8$_$5,18
train,FylhSeozvG8$_$6,9
train,G1Z_JUTgZqo$_$0,24
train,G1Z_JUTgZqo$_$3,25
train,G1Z_JUTgZqo$_$2,24
train,G38DwNDQ8Cc$_$26,34
train,G38DwNDQ8Cc$_$1,35
train,G38DwNDQ8Cc$_$0,14
train,G38DwNDQ8Cc$_$2,32
train,G38DwNDQ8Cc$_$5,26
train,G4HMKRdIva0$_$10,43
train,G4HMKRdIva0$_$18,38
train,G4HMKRdIva0$_$15,17
train,G8p4QMjLUXI$_$7,13
train,G8p4QMjLUXI$_$9,25
train,GAY5ICoVnA8$_$12,35
train,GAY5ICoVnA8$_$3,45
train,GAY5ICoVnA8$_$5,40
train,GCOFujDHDx0$_$10,14
train,GCOFujDHDx0$_$2,21
train,GCOFujDHDx0$_$5,25
train,GCOFujDHDx0$_$9,20
train,GICVzJMDfv0$_$1,18
train,GJyzeK-Cn-0$_$6,48
train,GMnoxaqqReQ$_$1,23
train,GOj7TBcEA8E$_$3,13
train,GOj7TBcEA8E$_$4,27
train,GOj7TBcEA8E$_$8,44
train,GRFXnnrQaB4$_$0,14
train,GSnt_fW8qjI$_$4,48
train,GTGtVdAuyRc$_$10,17
train,GTGtVdAuyRc$_$0,19
train,GTGtVdAuyRc$_$5,6
train,GUffC7vu9zA$_$26,12
train,GUffC7vu9zA$_$37,17
train,GUffC7vu9zA$_$43,12
train,GUffC7vu9zA$_$41,14
train,G_M3lYn6hAA$_$5,21
train,GcfETVXgtg0$_$3,25
train,Gg9ZcRlwnbc$_$14,29
train,Gg9ZcRlwnbc$_$16,15
train,GkoBk5K-FH0$_$21,48
train,Gljee9uq_Rc$_$11,40
train,Gljee9uq_Rc$_$12,26
train,Gljee9uq_Rc$_$16,17
train,Gljee9uq_Rc$_$6,28
train,Gmhi58erY6k$_$0,15
train,GpRDC-S88dM$_$25,27
train,GpRDC-S88dM$_$1,13
train,GpRDC-S88dM$_$18,11
train,GtRxTvuF6J0$_$7,32
train,Gv0kKbfwPpI$_$2,19
train,H-AJ-grXvgQ$_$0,17
train,H26MMmrHTlQ$_$7,8
train,H26MMmrHTlQ$_$8,13
train,H4RysMUSQD8$_$7,19
train,H4w9mU8B3Mc$_$7,28
train,HByf7qiO-Kg$_$3,6
train,HIsJqphLCyw$_$1,18
train,HLFaW4oVP9E$_$13,26
train,HOCsiS0pmf0$_$2,48
train,HQ2LwfRcrVc$_$11,33
train,HQ2LwfRcrVc$_$8,11
train,HUH9BXVmAig$_$2,37
train,HUOMbK1x7MI$_$6,10
train,HVksxaUzv9Y$_$5,27
train,HXuRR2eBHHQ$_$2,32
train,Ha7DMd_iKyM$_$3,28
train,Ha7DMd_iKyM$_$4,13
train,HgDdU_RB9UA$_$10,48
train,HgDdU_RB9UA$_$7,22
train,HhpziYYP2Vg$_$16,26
train,Hkt_kncJGVM$_$2,21
train,I--8nRKCkJI$_$4,48
train,I--8nRKCkJI$_$7,45
train,I3SPlbTGuNc$_$5,35
train,I5cS_TlV5B8$_$2,16
train,IB0lGIxP8YY$_$11,18
train,IB0lGIxP8YY$_$5,14
train,IB0lGIxP8YY$_$8,43
train,ICeSewdyf34$_$5,34
train,ITQTVfk9Iqo$_$5,24
train,IW7IssCKgmI$_$9,17
train,I_r2CP56toU$_$6,22
train,IawsOlEKRf0$_$11,38
train,IawsOlEKRf0$_$26,30
train,IawsOlEKRf0$_$28,21
train,IawsOlEKRf0$_$3,19
train,IawsOlEKRf0$_$5,16
train,IkvL4IAiZog$_$8,28
train,IlgnbEdOhmI$_$9,48
train,IlgnbEdOhmI$_$1,12
train,IsAtAzltJNM$_$6,8
train,IsAtAzltJNM$_$8,25
train,Itqbc2TBXWY$_$26,29
train,Itqbc2TBXWY$_$23,13
train,Itqbc2TBXWY$_$1,34
train,Itqbc2TBXWY$_$0,38
train,Itqbc2TBXWY$_$6,15
train,Itqbc2TBXWY$_$13,48
train,Itqbc2TBXWY$_$18,23
train,IwQWibE8EOM$_$3,48
train,Iz_PDdyXr-8$_$3,25
train,J3-NEG8uoiE$_$11,13
train,J3-NEG8uoiE$_$1,25
train,J3-NEG8uoiE$_$3,46
train,J3JU1zBQ4RM$_$2,20
train,J7UduuBfnrE$_$4,17
train,J7UduuBfnrE$_$7,13
train,J7UduuBfnrE$_$6,17
train,J7UduuBfnrE$_$8,8
train,JAbFsRxxnFo$_$0,20
train,JCg26b8EO48$_$4,24
train,JCg26b8EO48$_$6,20
train,JDgqyOkzXHw$_$0,11
train,JDgqyOkzXHw$_$7,48
train,JDgqyOkzXHw$_$9,19
train,JF-5nlUNx_g$_$20,15
train,JF-5nlUNx_g$_$21,48
train,JF-5nlUNx_g$_$2,9
train,JF-5nlUNx_g$_$5,13
train,JF-5nlUNx_g$_$13,31
train,JF-5nlUNx_g$_$16,45
train,JF-5nlUNx_g$_$18,13
train,JGEEA_JVriE$_$0,48
train,JHW3nD6flgU$_$4,25
train,JHW3nD6flgU$_$8,6
train,JLqBVj6f5gI$_$21,15
train,JLqBVj6f5gI$_$17,28
train,JLqBVj6f5gI$_$8,23
train,JMb18N7lQ0A$_$1,17
train,JMzilFvwNXE$_$4,16
train,JP95Fby6qLE$_$23,31
train,JP95Fby6qLE$_$1,21
train,JSlTJsUulH0$_$2,19
train,JW3OfSCZlhc$_$5,11
train,JX-mwjSw0dk$_$8,18
train,JYdfUNjyYxo$_$5,28
train,JYsAacFmXEo$_$11,20
train,JYsAacFmXEo$_$17,34
train,J_DtcW86D9c$_$2,24
train,J_DtcW86D9c$_$9,28
train,Ja7phs8EbWk$_$10,25
train,Ja7phs8EbWk$_$6,16
train,JcmqmLaL_MQ$_$7,32
train,JdFaSggG58c$_$5,17
train,JdFaSggG58c$_$6,9
train,Jh1uDYOJMwk$_$1,25
train,Jh1uDYOJMwk$_$4,15
train,JlmpDdm1A1Y$_$3,43
train,JvgofTcCSEc$_$15,34
train,JvgofTcCSEc$_$19,23
train,JwzxqrD8tIo$_$9,32
train,JzydLJw6y6o$_$14,9
train,JzydLJw6y6o$_$0,31
train,JzydLJw6y6o$_$8,14
train,K5cGfs3i-tk$_$0,15
train,K62NK2KYhws$_$10,15
train,K62NK2KYhws$_$15,15
train,K62NK2KYhws$_$3,29
train,K62NK2KYhws$_$8,19
train,K7FiMf-Dmwo$_$2,15
train,K7KEtrgBkz4$_$9,34
train,K9-KyChw8RM$_$8,18
train,K9U2TAF9DDY$_$6,13
train,K9faaGel838$_$0,16
train,KD0w4BrNXQg$_$11,26
train,KD0w4BrNXQg$_$7,13
train,KEUVzxC7T3E$_$4,26
train,KI2sU-mhM44$_$16,46
train,KLy4aBLqwCk$_$15,27
train,KLy4aBLqwCk$_$17,29
train,KPeos6f4HuQ$_$6,17
train,KQ86HmgwUns$_$11,48
train,KR4MpF0YtgE$_$1,17
train,K_5u2Wh_wGk$_$5,24
train,Kep_mLLXsqk$_$3,25
train,Kep_mLLXsqk$_$7,27
train,Kmtib-wZ0jM$_$0,28
train,L0WUuWYNeCo$_$26,35
train,L0WUuWYNeCo$_$27,11
train,L0WUuWYNeCo$_$2,17
train,L0WUuWYNeCo$_$5,25
train,L0WUuWYNeCo$_$8,42
train,L0WUuWYNeCo$_$11,32
train,L0WUuWYNeCo$_$10,37
train,L2uC4_Co9uw$_$0,30
train,L382XZ6iZmM$_$7,21
train,L5a2ijeWpUI$_$4,12
train,L6pg3DQKoH4$_$0,14
train,LHC7ZKJy4Zw$_$1,7
train,LUKIYWa0UGA$_$7,6
train,LUf9vbe0TcQ$_$1,25
train,LX2rT5C3sJs$_$5,28
train,LX2rT5C3sJs$_$6,42
train,LZl9Sj1safM$_$0,23
train,L_XttWZBKss$_$3,23
train,LityRNuQihc$_$13,27
train,LityRNuQihc$_$1,20
train,LityRNuQihc$_$2,25
train,LityRNuQihc$_$5,18
train,LpbSYaPRTqI$_$1,10
train,LppEvM60-xo$_$9,33
train,Lxs_6Tvq12E$_$3,16
train,M2Pb2kx77ww$_$8,24
train,M2Pb2kx77ww$_$35,20
train,MBDZbACupsc$_$11,15
train,MBDZbACupsc$_$7,13
train,MCRCXXPqFOI$_$2,14
train,MFrwi-RibUk$_$13,9
train,MFrwi-RibUk$_$0,13
train,MFrwi-RibUk$_$6,43
train,MIuJDn_0yVU$_$3,17
train,MJnc4GUhUuY$_$3,8
train,MJnc4GUhUuY$_$4,7
train,MJnc4GUhUuY$_$9,8
train,MKShLlJ7X7g$_$1,22
train,MKShLlJ7X7g$_$2,13
train,MMaEsDdBsvM$_$0,48
train,MNXBOeiPhec$_$2,28
train,MNXBOeiPhec$_$7,20
train,MOfEl_1dh-g$_$4,21
train,MPRqaQqrd9Y$_$7,34
train,MTU_thei3-c$_$8,19
train,MWCNzYUCys0$_$0,19
train,MZoLQD83R-4$_$5,44
train,MZoLQD83R-4$_$8,39
train,MbpPBLUjpV4$_$16,22
train,MbpPBLUjpV4$_$0,15
train,MnFRVJtHAeo$_$0,23
train,MroQfGehC84$_$1,25
train,MsjnLoTKAXo$_$0,5
train,MsjnLoTKAXo$_$2,12
train,MsjnLoTKAXo$_$5,14
train,MvFFYObY9A8$_$2,48
train,Mw4EZYZAd9c$_$5,33
train,MyfRrTjglm8$_$1,22
train,MyfRrTjglm8$_$0,19
train,MyfRrTjglm8$_$2,22
train,N0pKIn6VhOw$_$2,12
train,N3QuD26DuCI$_$1,19
train,N3QuD26DuCI$_$0,17
train,N3QuD26DuCI$_$2,9
train,N3QuD26DuCI$_$5,6
train,N7tS7A0WWpM$_$1,15
train,N7tS7A0WWpM$_$3,14
train,NCJTV5KaJJc$_$1,17
train,NCJTV5KaJJc$_$9,12
train,NG7QLq4XlWo$_$15,48
train,NG7QLq4XlWo$_$1,16
train,NG7QLq4XlWo$_$3,48
train,NG7QLq4XlWo$_$5,13
train,NKindd5Xn3s$_$4,29
train,NOl0v54DaXo$_$10,7
train,NOl0v54DaXo$_$3,7
train,NSihgq4R8Z0$_$2,14
train,NSihgq4R8Z0$_$16,20
train,NYuY6HVjMZQ$_$1,48
train,NYuY6HVjMZQ$_$6,34
train,Na6170hd8po$_$11,38
train,NkbRuTJaj_M$_$18,30
train,O0Nn-5UkfoA$_$2,22
train,O2CEvvYWWbU$_$10,40
train,O3whFU2lAAk$_$8,31
train,O3whFU2lAAk$_$2,48
train,O3whFU2lAAk$_$5,24
train,O3whFU2lAAk$_$11,48
train,O8IJh_L0EfM$_$5,31
train,OAV6KKf60bQ$_$10,8
train,OAV6KKf60bQ$_$0,9
train,OAV6KKf60bQ$_$6,10
train,OBaMn1-x7jQ$_$7,6
train,OEOkmrKvTUo$_$0,39
train,OEOkmrKvTUo$_$6,47
train,OEesmAnTpeA$_$10,17
train,OFBc3z99bIc$_$12,33
train,OFBc3z99bIc$_$15,45
train,OFBc3z99bIc$_$14,13
train,OGXUtVG0Y9w$_$1,48
train,OHWyYVux-yw$_$10,21
train,OHWyYVux-yw$_$14,26
train,OHWyYVux-yw$_$18,12
train,OHWyYVux-yw$_$2,46
train,OKSx1zxHGpQ$_$5,4
train,OKSx1zxHGpQ$_$4,19
train,OKSx1zxHGpQ$_$8,29
train,OKSx1zxHGpQ$_$15,44
train,OKSx1zxHGpQ$_$16,17
train,OKSx1zxHGpQ$_$19,4
train,OOh1_ffKOKk$_$2,18
train,OPXmk49KyiU$_$1,46
train,OSyKmOye5Uo$_$4,48
train,O_fTDhCtAhw$_$8,35
train,O_fTDhCtAhw$_$7,48
train,O_fTDhCtAhw$_$6,17
train,Ob8vPQCPDX0$_$1,38
train,Ob8vPQCPDX0$_$2,48
train,OcqJx_cRc3Y$_$2,48
train,OdKp0hYomgs$_$10,34
train,OdKp0hYomgs$_$3,18
train,Oj3XwBBrzXc$_$1,14
train,Op3CnqRLD9w$_$3,48
train,OwYfPi9St0w$_$1,30
train,OxyQSJMvWBo$_$11,12
train,OxyQSJMvWBo$_$13,9
train,OxyQSJMvWBo$_$12,23
train,P0WaXnH37uI$_$5,18
train,P0WaXnH37uI$_$4,6
train,P35dyIit1yM$_$4,26
train,P4qxfjZlIrY$_$4,16
train,P4qxfjZlIrY$_$6,17
train,PANWQeBKStk$_$0,48
train,PGBrZLC15yA$_$0,36
train,PHJ8eybXJdw$_$5,38
train,PMH4mdJeojE$_$3,22
train,PMH4mdJeojE$_$2,19
train,PN3ApHIGopo$_$6,15
train,PQYmOknHA4c$_$5,17
train,PQYmOknHA4c$_$4,15
train,PUIsiLk8etk$_$11,9
train,PYylJk8R9Ak$_$1,18
train,PYylJk8R9Ak$_$4,47
train,PbyI-sUzLZY$_$5,11
train,PbyI-sUzLZY$_$4,22
train,PmemTgQHagk$_$1,44
train,PmemTgQHagk$_$7,48
train,PoKZEKOf1dA$_$1,22
train,PoKZEKOf1dA$_$4,12
train,PohW-isYMK0$_$16,19
train,PohW-isYMK0$_$1,16
train,PohW-isYMK0$_$7,30
train,Q5fZk_jPjBI$_$9,26
train,Q5fZk_jPjBI$_$0,48
train,Q7nhtfkIPN4$_$3,13
train,Q7nhtfkIPN4$_$6,21
train,QDRtKv8PvFs$_$3,33
train,QE0pAVSPsKQ$_$26,32
train,QE0pAVSPsKQ$_$12,24
train,QE0pAVSPsKQ$_$2,21
train,QE0pAVSPsKQ$_$7,28
train,QI-TTqj0KnA$_$7,22
train,QI-TTqj0KnA$_$6,48
train,QLEOYF7Mju0$_$11,47
train,QLEOYF7Mju0$_$2,15
train,QMAztkqnvws$_$6,42
train,QNxiqu1y1N0$_$1,33
train,QOxIdbNwpx0$_$6,12
train,QQVRIGEUa_Q$_$5,48
train,QUpI5kMw_nA$_$10,34
train,QUpI5kMw_nA$_$17,27
train,QYp0lGhyL6A$_$13,28
train,QYp0lGhyL6A$_$14,16
train,QYp0lGhyL6A$_$4,28
train,QkMTYY69JYQ$_$1,11
train,QkMTYY69JYQ$_$4,12
train,QoIsjc4-GIg$_$8,20
train,QzdEjKQFisQ$_$8,14
train,R0o37yJ1PP0$_$3,25
train,R0o37yJ1PP0$_$5,47
train,R0o37yJ1PP0$_$6,29
train,R0uRDh-engU$_$10,38
train,R0uRDh-engU$_$5,48
train,R5a3TP-l_n4$_$1,25
train,R9ypacCuEZo$_$4,48
train,R9ypacCuEZo$_$7,25
train,RE-LIPOFnrE$_$4,19
train,REkPZ77s3Vc$_$0,30
train,REkPZ77s3Vc$_$4,33
train,REkPZ77s3Vc$_$7,22
train,RImmdklTOW0$_$10,42
train,RImmdklTOW0$_$15,6
train,RImmdklTOW0$_$8,19
train,RLHZ6xtIWSM$_$2,28
train,RLHZ6xtIWSM$_$6,18
train,RRKez9BR-94$_$12,22
train,RS5WM3q2ZZQ$_$11,48
train,RS5WM3q2ZZQ$_$10,48
train,RS5WM3q2ZZQ$_$2,42
train,RS5WM3q2ZZQ$_$6,7
train,RST6PgpsLws$_$2,45
train,RTzDzj4NxIM$_$7,7
train,RaTQZrdICKo$_$2,27
train,RadU51t1kL0$_$8,7
train,Rdf0Psjyrwc$_$3,24
train,Rdf0Psjyrwc$_$2,37
train,RgubFcmvgDE$_$0,23
train,RgubFcmvgDE$_$3,26
train,Rse6laKf1i8$_$6,25
train,Rt9rN1ntS3E$_$1,32
train,Rt9rN1ntS3E$_$2,23
train,Rugd2NMu4bA$_$11,32
train,Rugd2NMu4bA$_$5,4
train,RvIohowRPAk$_$11,33
train,RvIohowRPAk$_$2,25
train,Rw2pzFGosmw$_$7,24
train,RwcTz-tOIeo$_$2,28
train,Ry2NJPd4N3s$_$14,20
train,S21ApRNQ9Ko$_$15,40
train,S21ApRNQ9Ko$_$14,29
train,S21ApRNQ9Ko$_$3,48
train,S21ApRNQ9Ko$_$2,37
train,S2znq3iRPwE$_$10,13
train,S2znq3iRPwE$_$13,39
train,S2znq3iRPwE$_$19,48
train,S6S2XL0-ZpM$_$1,21
train,S9PDgK7fpJI$_$14,7
train,SGsiGz2fdpo$_$23,21
train,SGsiGz2fdpo$_$29,18
train,SGsiGz2fdpo$_$5,14
train,SGsiGz2fdpo$_$4,22
train,SGsiGz2fdpo$_$6,14
train,SGsiGz2fdpo$_$9,4
train,SGsiGz2fdpo$_$8,9
train,SGsiGz2fdpo$_$11,20
train,SGsiGz2fdpo$_$15,8
train,SGsiGz2fdpo$_$33,11
train,SH0wXyhsx9s$_$0,25
train,SI39azgVUR8$_$2,11
train,SLi2gT5H6m8$_$3,20
train,SLi2gT5H6m8$_$5,21
train,SMr2DprlLu4$_$1,11
train,SMzV26l6iA0$_$0,24
train,STeqtJLakQQ$_$2,33
train,STeqtJLakQQ$_$5,19
train,SWHmteF5Rlk$_$2,23
train,SWHmteF5Rlk$_$6,23
train,SWhfaL7AdEc$_$2,33
train,SWhfaL7AdEc$_$4,48
train,SYnygYs-fAg$_$14,20
train,SYnygYs-fAg$_$0,31
train,SYnygYs-fAg$_$6,14
train,SYnygYs-fAg$_$8,48
train,S_mxvk4LEh0$_$12,19
train,S_mxvk4LEh0$_$5,11
train,Sb2xMPwNKPo$_$18,15
train,Sb2xMPwNKPo$_$5,12
train,ShgrdU9WAJE$_$12,27
train,ShgrdU9WAJE$_$2,29
train,ShgrdU9WAJE$_$5,22
train,Sir2QeCh4B0$_$5,28
train,So3bPzg2bq0$_$10,18
train,So3bPzg2bq0$_$2,14
train,SrMN3rwvCsE$_$1,26
train,StgqrTr0JqU$_$10,44
train,StgqrTr0JqU$_$0,29
train,SxbTZjZD0vU$_$5,8
train,SzJf6viBWBg$_$2,17
train,SzJf6viBWBg$_$4,18
train,T-8TvJcS78w$_$3,48
train,T-8TvJcS78w$_$7,13
train,T1icdxz0TNs$_$0,31
train,T4e4Ba1sRg0$_$0,28
train,T4e4Ba1sRg0$_$3,27
train,T4e4Ba1sRg0$_$9,48
train,TBCjKGYBNIo$_$24,14
train,TBCjKGYBNIo$_$20,11
train,TBCjKGYBNIo$_$3,48
train,TBCjKGYBNIo$_$19,24
train,TBwetweXRb4$_$5,14
train,TFKgo5JlPro$_$1,45
train,TFKgo5JlPro$_$0,48
train,TM7cHOHfF70$_$30,24
train,TM7cHOHfF70$_$5,21
train,TNwwVWA-oAE$_$22,48
train,TNwwVWA-oAE$_$16,23
train,TO5HjoK8Iu8$_$10,24
train,TO5HjoK8Iu8$_$12,17
train,TSDC7CCyeGY$_$5,11
train,TUY83eDK5jc$_$17,23
train,TVhXqAI9gyA$_$1,14
train,TWMFQED1Myk$_$1,28
train,TWMFQED1Myk$_$3,5
train,TWMFQED1Myk$_$6,19
train,TWf0XFpXwfs$_$0,29
train,TZXcQemh8n8$_$11,17
train,Ta_IgA3XJ3s$_$27,16
train,Ta_IgA3XJ3s$_$21,28
train,TahiuVpcROM$_$2,35
train,TfBVq9oWBmM$_$1,18
train,Tiq67-bAV3M$_$5,24
train,TwTLsgfpKvA$_$0,19
train,TwTLsgfpKvA$_$9,9
train,TxJjAK0WrOY$_$10,33
train,U8Ewftg_8CI$_$2,26
train,UK_IXtJ2BqI$_$17,15
train,UK_IXtJ2BqI$_$3,10
train,UK_IXtJ2BqI$_$7,7
train,ULtBuI6nMaY$_$10,36
train,ULtBuI6nMaY$_$1,47
train,UUukBV82P9A$_$11,38
train,UUukBV82P9A$_$10,18
train,UUukBV82P9A$_$2,19
train,UXvMaHD9kmA$_$10,12
train,UXvMaHD9kmA$_$18,24
train,UXvMaHD9kmA$_$14,16
train,Ua4g9q0r-dI$_$24,25
train,Ua4g9q0r-dI$_$15,21
train,Ua4g9q0r-dI$_$31,19
train,Ua4g9q0r-dI$_$14,18
train,Uc-0G7RRxoY$_$16,16
train,Uc-0G7RRxoY$_$6,17
train,UeOIb6s0pVM$_$6,7
train,UeOIb6s0pVM$_$8,30
train,UgTM9y2rD38$_$2,13
train,UkqTwAuA8jI$_$7,5
train,UmB5c_QqUPs$_$11,44
train,UtjenieM1Ak$_$6,16
train,UtuTyW9pUN8$_$6,30
train,Uw1nWfSuyo8$_$2,17
train,VAFdgtqZz4g$_$4,15
train,VAr7gJydnys$_$13,28
train,VAr7gJydnys$_$1,8
train,VAr7gJydnys$_$0,28
train,VAr7gJydnys$_$6,7
train,VDjnKdFxuBE$_$0,36
train,VN1IPN1TL3Q$_$0,48
train,VN1IPN1TL3Q$_$5,20
train,VUrTT7xsrec$_$1,17
train,VWik5oKP6IU$_$3,6
train,VZqkWIPmH6w$_$4,18
train,Va54WZgPTdY$_$6,29
train,VbSsGRXIwjc$_$2,30
train,Ve-mmCM8TI0$_$15,12
train,Ve-mmCM8TI0$_$2,22
train,Ve-mmCM8TI0$_$4,23
train,Ve-mmCM8TI0$_$7,21
train,Ve-mmCM8TI0$_$6,20
train,VhKJm_jiciU$_$10,21
train,VjAvqFXEmmk$_$3,17
train,VjAvqFXEmmk$_$2,12
train,VjAvqFXEmmk$_$4,23
train,VoETCD8fBLI$_$5,16
train,Vv2DTPyyw90$_$0,28
train,Vw4-ae-ucHE$_$0,18
train,Vw4-ae-ucHE$_$3,26
train,Vw4-ae-ucHE$_$2,23
train,Vx8npmcFxak$_$5,23
train,VybXjsmsjAY$_$13,17
train,W-pA0lOGLR0$_$5,18
train,W-ptEZFARVo$_$2,16
train,W-q9bPlMIVI$_$14,29
train,W40BaML7mzc$_$0,22
train,W53uRqITk2I$_$0,6
train,W53uRqITk2I$_$6,37
train,WAXJRnJXmOA$_$18,30
train,WAXJRnJXmOA$_$5,12
train,WBCRTcMJZZc$_$3,23
train,WGfGxoI05ew$_$3,30
train,WHUHTmtBJWU$_$14,20
train,WMzvDL7b4sM$_$0,12
train,WTF9xgqLIvI$_$2,6
train,WTF9xgqLIvI$_$7,7
train,WUeSV0Z23Kg$_$1,15
train,WXKgBIiP8IA$_$10,21
train,WXKgBIiP8IA$_$1,11
train,WXKgBIiP8IA$_$2,29
train,WXKgBIiP8IA$_$5,29
train,Wfn7XvSEwUA$_$1,11
train,Wfn7XvSEwUA$_$3,22
train,Wh6sht7xwqQ$_$11,25
train,Wh6sht7xwqQ$_$0,16
train,Wn8nz8GPKkI$_$1,18
train,Wn8nz8GPKkI$_$0,21
train,Wnw1IAEDwDM$_$0,25
train,Wo1RxRjXyYw$_$3,32
train,Wo1RxRjXyYw$_$2,21
train,Wo1RxRjXyYw$_$6,14
train,Wo1RxRjXyYw$_$8,24
train,WtiBpLt2wuA$_$2,28
train,Wx9nThz5z_Y$_$31,22
train,WxYb2x_irTM$_$2,36
train,X0jMZoxUL2A$_$4,5
train,X0jMZoxUL2A$_$7,8
train,X0jMZoxUL2A$_$8,24
train,X2leyjuolDM$_$8,23
train,X6-jJO00DMg$_$8,40
train,X7-Gbk8gAD0$_$0,9
train,X7-Gbk8gAD0$_$2,9
train,X7-Gbk8gAD0$_$6,18
train,XAT2IfFFAU0$_$3,22
train,XAgD-xoil40$_$16,15
train,XAgD-xoil40$_$2,23
train,XCyngF93SmU$_$5,7
train,XCyngF93SmU$_$4,25
train,XDVkhOziCkg$_$1,7
train,XEZ7e4pf1xE$_$11,12
train,XEZ7e4pf1xE$_$12,6
train,XFGHTk_3hGg$_$9,24
train,XFGHTk_3hGg$_$5,21
train,XFGHTk_3hGg$_$6,13
train,XPoY4LD-A1I$_$12,9
train,XPoY4LD-A1I$_$8,27
train,XQOUZhWI1B0$_$3,48
train,XQxnAPleuCE$_$3,36
train,XVSDfgstFUQ$_$1,34
train,XVSDfgstFUQ$_$3,14
train,XVSDfgstFUQ$_$4,33
train,XXvSLz8QmGk$_$10,27
train,XXvSLz8QmGk$_$7,48
train,XbolrpSc0KU$_$5,26
train,XcHLB-qfv5M$_$0,28
train,XcHLB-qfv5M$_$3,14
train,XgT2WWcXip4$_$7,24
train,Xo6-V2RlWss$_$1,21
train,Xo6-V2RlWss$_$0,21
train,Xq7zLxYHxd8$_$10,25
train,XsEPZydHWdo$_$4,38
train,XwOdPYlyqXA$_$12,24
train,Xx7Y2YIbleA$_$16,23
train,Xx7Y2YIbleA$_$9,32
train,Xx7Y2YIbleA$_$8,13
train,XyBU_gZtU0M$_$23,12
train,XyBU_gZtU0M$_$4,26
train,XyBU_gZtU0M$_$9,18
train,XzhRYIeczg4$_$6,16
train,Y6zyM1nDhN0$_$2,9
train,Y6zyM1nDhN0$_$4,19
train,YAYfMkxhRiQ$_$3,26
train,YB9EUgrzCCo$_$10,22
train,YB9EUgrzCCo$_$5,15
train,YGeVGXXK3ao$_$1,23
train,YGeVGXXK3ao$_$4,18
train,YITXOmhQhYE$_$0,42
train,YITXOmhQhYE$_$3,19
train,YITXOmhQhYE$_$5,16
train,YITXOmhQhYE$_$7,25
train,YITXOmhQhYE$_$6,14
train,YJJoYkFPmds$_$10,14
train,YJJoYkFPmds$_$5,24
train,YJJoYkFPmds$_$7,13
train,YLA7h1RTa9w$_$4,13
train,YRmjALBdTdE$_$7,9
train,YVBsDJtAbk4$_$7,17
train,YVHJpAROBvQ$_$2,6
train,YWjTWl0oNLk$_$11,14
train,YWjTWl0oNLk$_$1,9
train,YWjTWl0oNLk$_$3,8
train,YWjTWl0oNLk$_$4,22
train,YWjTWl0oNLk$_$7,21
train,YWjTWl0oNLk$_$9,23
train,YWxvIFmYnNU$_$13,23
train,YWxvIFmYnNU$_$20,15
train,YWxvIFmYnNU$_$26,20
train,YcJ5RJYUr7Y$_$17,22
train,YcJ5RJYUr7Y$_$19,48
train,YcJ5RJYUr7Y$_$2,22
train,YcyHQQXGXWA$_$4,8
train,YfxtwXXkCmc$_$0,8
train,Yi6Qyn4X8is$_$16,48
train,Yi6Qyn4X8is$_$7,24
train,YmGfjU5PGyE$_$5,22
train,Yn8vNC41UMg$_$10,28
train,YodtMIsjM0c$_$7,8
train,Z-26eyME6Co$_$10,16
train,Z3fcd1wdzr0$_$2,21
train,Z3fcd1wdzr0$_$5,12
train,Z3fcd1wdzr0$_$4,19
train,Z3fcd1wdzr0$_$7,6
train,ZDz8Qr-sJ3E$_$3,27
train,ZDz8Qr-sJ3E$_$4,13
train,ZJGzEeDXbyM$_$0,7
train,ZQuGizjoCTY$_$4,11
train,ZQuGizjoCTY$_$8,18
train,ZSBoSJaD2tQ$_$1,25
train,ZSBoSJaD2tQ$_$8,16
train,ZW4Oe_fKJM0$_$7,22
train,ZXHX_e6HCI0$_$0,26
train,ZZ1IyZaMTWQ$_$0,20
train,ZZ1IyZaMTWQ$_$5,16
train,Zae-zQ3VBpY$_$2,48
train,Zg9DKOHJdw8$_$3,29
train,Zj_4YmbMWtg$_$10,19
train,Zo8jCDGMWjw$_$0,17
train,Zs8x712Y-CM$_$8,21
train,ZtuTCuh9C1M$_$11,36
train,ZtuTCuh9C1M$_$8,18
train,ZzL2sHtTWRc$_$1,17
train,_26JmJnPKfM$_$5,30
train,_26JmJnPKfM$_$8,33
train,_26JmJnPKfM$_$11,31
train,_26JmJnPKfM$_$13,18
train,_26JmJnPKfM$_$12,42
train,_26JmJnPKfM$_$15,22
train,_26JmJnPKfM$_$14,5
train,_4PNh8dIILI$_$3,34
train,_8pvMpMdGM4$_$1,10
train,_8pvMpMdGM4$_$0,12
train,_8pvMpMdGM4$_$4,22
train,_8pvMpMdGM4$_$6,31
train,_HabvL0VnrQ$_$31,25
train,_HabvL0VnrQ$_$0,13
train,_HabvL0VnrQ$_$9,48
train,_HanACduNJk$_$10,22
train,_HanACduNJk$_$12,19
train,_HanACduNJk$_$2,27
train,_JcML8u5Wes$_$3,48
train,_PKP676ez2c$_$4,20
train,_PKP676ez2c$_$7,23
train,_UNQDdiAbWI$_$4,16
train,_XWUKMkxa-Q$_$4,18
train,_YzIvwvyIq4$_$5,36
train,_bIJOxiIJFk$_$5,21
train,_bIJOxiIJFk$_$4,32
train,_iRAn6feOmw$_$25,34
train,_iRAn6feOmw$_$15,37
train,_iRAn6feOmw$_$14,26
train,_iy7ftq27xE$_$11,16
train,_iy7ftq27xE$_$6,42
train,_iy7ftq27xE$_$9,26
train,_qVgNLJCYdA$_$0,22
train,_qVgNLJCYdA$_$6,14
train,_t8ETpf2LnM$_$0,8
train,_v8c7iWkYz0$_$4,29
train,_xjBqNfiEY4$_$0,37
train,a4vRa-_nuJw$_$11,33
train,a4vRa-_nuJw$_$10,28
train,a4vRa-_nuJw$_$4,48
train,a5CSKvCAhbs$_$11,22
train,a5CSKvCAhbs$_$7,6
train,a5CSKvCAhbs$_$6,18
train,a5FKWiI90hk$_$3,20
train,a7HHg_JygJo$_$5,23
train,a7HHg_JygJo$_$6,17
train,a8WV5KEMKSw$_$1,29
train,a8WV5KEMKSw$_$0,23
train,aCwLQrJz4Bo$_$0,25
train,aDvgbBqTWWE$_$10,18
train,aDvgbBqTWWE$_$23,26
train,aDvgbBqTWWE$_$30,20
train,aE7sckIAWuw$_$4,11
train,aE7sckIAWuw$_$8,32
train,aFjMWlR1QAY$_$0,14
train,aFjMWlR1QAY$_$3,13
train,aFjMWlR1QAY$_$2,15
train,aFjMWlR1QAY$_$9,13
train,aI1tdJPHz2I$_$1,11
train,aIUF3QJJOF4$_$12,28
train,aIUF3QJJOF4$_$0,40
train,aIUF3QJJOF4$_$3,15
train,aIUF3QJJOF4$_$2,33
train,aIUF3QJJOF4$_$7,46
train,aNOuoSVlunM$_$8,8
train,aNOuoSVlunM$_$0,15
train,afCsKTHteg4$_$5,25
train,ahcAFnY6iAY$_$1,8
train,aiUq5xksJy0$_$5,27
train,aiUq5xksJy0$_$7,20
train,ak7N0BqMluI$_$3,11
train,ak7N0BqMluI$_$2,21
train,amem5EmRG3s$_$2,28
train,ap465Tlzf88$_$1,21
train,aqmRPNfeOy8$_$0,22
train,aqmRPNfeOy8$_$2,19
train,asWraTfIqq0$_$11,7
train,asWraTfIqq0$_$4,25
train,asWraTfIqq0$_$6,7
train,assx_NKo-L8$_$14,7
train,assx_NKo-L8$_$4,15
train,assx_NKo-L8$_$9,23
train,assx_NKo-L8$_$20,44
train,atxoi7pB5TM$_$2,18
train,avW2m6VHTyg$_$2,21
train,b1Il3Nf6BrU$_$6,48
train,b8xmgi4VV0M$_$9,17
train,bBJ0BxmIocQ$_$1,27
train,bBJ0BxmIocQ$_$0,48
train,bBJ0BxmIocQ$_$12,19
train,bBJ0BxmIocQ$_$19,35
train,bBJ0BxmIocQ$_$18,35
train,bCDfIJ12oqM$_$0,21
train,bQcJVJcpgAs$_$1,39
train,bU6CgE_kMRY$_$5,27
train,bUFAN2TgPaU$_$11,6
train,bVhWpCvpSs4$_$1,14
train,bVhWpCvpSs4$_$3,12
train,bVhWpCvpSs4$_$2,16
train,bVhWpCvpSs4$_$6,12
train,bYt4wybVLRQ$_$3,37
train,bYt4wybVLRQ$_$16,19
train,bZ2ytqPtyK4$_$14,25
train,b_SffSbPVJM$_$5,48
train,babuyKl7EAw$_$5,34
train,badtXoOJaf8$_$7,15
train,bcns0Gu66D8$_$3,22
train,bdtwQxwySN0$_$15,24
train,bdtwQxwySN0$_$2,25
train,bfy28AlY-TQ$_$3,18
train,bh4_Kd4hhd4$_$1,48
train,bhFK-xy76U4$_$1,19
train,bhPB19tr-JY$_$0,15
train,bhPB19tr-JY$_$6,30
train,bkP-BNW4oMg$_$0,22
train,c5-L8vC6_sk$_$8,33
train,c6wuh0NRG1s$_$1,23
train,c6wuh0NRG1s$_$0,15
train,c6wuh0NRG1s$_$9,29
train,c7xUcM68IFE$_$2,34
train,c7xUcM68IFE$_$5,28
train,c7xUcM68IFE$_$9,10
train,c805Td8A_Ek$_$22,34
train,c805Td8A_Ek$_$17,12
train,c805Td8A_Ek$_$16,15
train,c9jD33baJ60$_$1,16
train,c9jD33baJ60$_$0,47
train,cAA2mONG98w$_$2,31
train,cEXJ2zFbC9I$_$4,27
train,cKUPgzZu-Fk$_$4,48
train,cKldvZeyRDA$_$2,46
train,cKxNJY7sA8s$_$1,37
train,cM1Zuji24dI$_$3,35
train,cM1Zuji24dI$_$2,41
train,cOcNe3L4VAg$_$10,13
train,cOcNe3L4VAg$_$13,30
train,cOcNe3L4VAg$_$2,12
train,cRFiXLzcCOA$_$3,37
train,cS3BDGNDu_8$_$10,19
train,cS3BDGNDu_8$_$2,48
train,cUm0TN3vXRc$_$2,20
train,cZVM4svwE90$_$25,38
train,cZVM4svwE90$_$26,23
train,cZVM4svwE90$_$1,5
train,cZVM4svwE90$_$3,6
train,cZVM4svwE90$_$4,12
train,cZVM4svwE90$_$6,22
train,cZVM4svwE90$_$13,26
train,cZVM4svwE90$_$12,15
train,cZVM4svwE90$_$15,42
train,c_FJuhSte8Q$_$5,25
train,c_FJuhSte8Q$_$7,28
train,c_FJuhSte8Q$_$8,38
train,caLWajc18Y4$_$5,20
train,caLWajc18Y4$_$6,18
train,caLWajc18Y4$_$9,25
train,cfX_iuhCbRY$_$1,21
train,cfX_iuhCbRY$_$5,28
train,cjgq9d8Zn9g$_$2,14
train,cmJW6mkspkI$_$0,35
train,cnllFPRyBFs$_$0,21
train,ctMCSUT2LlQ$_$4,13
train,d0QNH2vcDgU$_$3,6
train,d0QNH2vcDgU$_$13,48
train,d38u9n5GOLM$_$26,18
train,d38u9n5GOLM$_$18,23
train,d38u9n5GOLM$_$28,23
train,d38u9n5GOLM$_$6,20
train,d3I7Ug-_3L0$_$0,35
train,d3I7Ug-_3L0$_$5,13
train,d3I7Ug-_3L0$_$6,19
train,d89Z_olwc2Y$_$24,15
train,d99mfGIenCo$_$15,25
train,d99mfGIenCo$_$16,33
train,d99mfGIenCo$_$1,17
train,d99mfGIenCo$_$2,15
train,dCDAcBR505Q$_$14,16
train,dJ5MXl66-UQ$_$1,23
train,dQ56b0bqmc8$_$5,33
train,dSax_7klbfE$_$17,18
train,dSax_7klbfE$_$1,48
train,dWfgSGnd9zM$_$6,33
train,dXMAS2tIknw$_$6,15
train,dYyg91d7zjY$_$2,9
train,damyXH7mBic$_$11,30
train,dbpGH5iP0GE$_$2,22
train,dbpGH5iP0GE$_$3,13
train,dcUlt6zk_S0$_$5,40
train,ddix4XuaUlY$_$4,48
train,dqragS38hCk$_$10,7
train,dqragS38hCk$_$2,24
train,dqragS38hCk$_$8,14
train,dsob2MgUPpA$_$13,14
train,dsob2MgUPpA$_$3,4
train,dsob2MgUPpA$_$2,18
train,dsob2MgUPpA$_$5,26
train,dyZdiWNflko$_$6,10
train,e-2QlzFeyNU$_$4,20
train,e0hYEr848TE$_$0,14
train,e0ltF8zpEcw$_$9,11
train,e0ltF8zpEcw$_$8,12
train,e1E5W_ZefmY$_$10,24
train,e1E5W_ZefmY$_$3,21
train,e7_2U4lm6TE$_$38,27
train,e7_2U4lm6TE$_$28,20
train,e7_2U4lm6TE$_$7,18
train,eJwZfdtlks8$_$15,18
train,ePtlUYCdrNM$_$1,24
train,eSHOcLD5T58$_$7,16
train,eSHOcLD5T58$_$9,19
train,eTCnM472-cQ$_$0,38
train,eTn2P4wmFr4$_$12,42
train,eTn2P4wmFr4$_$15,16
train,eTn2P4wmFr4$_$3,25
train,eTn2P4wmFr4$_$7,30
train,eTn2P4wmFr4$_$9,16
train,eW1vgHE6FRM$_$14,44
train,eW1vgHE6FRM$_$3,17
train,eY64P27khzk$_$0,34
train,eY64P27khzk$_$3,8
train,eeN7l4R3nPc$_$10,37
train,efLrpnuLwyU$_$1,21
train,emtvrtk-jsU$_$7,29
train,ep3IasggD3k$_$10,12
train,esR-tOjT6KM$_$0,9
train,esR-tOjT6KM$_$3,13
train,esR-tOjT6KM$_$6,47
train,esnOE1LefKA$_$1,14
train,f49boM5fb8U$_$6,13
train,f5k5cF80aUE$_$4,16
train,f5k5cF80aUE$_$6,24
train,f6S2XNPIiFk$_$19,31
train,f6S2XNPIiFk$_$2,26
train,f6S2XNPIiFk$_$5,25
train,fB816aeHRFk$_$0,27
train,fGYbbP8RDLQ$_$5,21
train,fOxg1NstCHA$_$4,15
train,fTNOAssiTYk$_$3,36
train,fTNOAssiTYk$_$6,22
train,fW1pK2L6RgM$_$3,39
train,faXGVcVcVsE$_$14,8
train,faXGVcVcVsE$_$9,26
train,faXGVcVcVsE$_$8,48
train,fbHlBmq7Ipo$_$10,6
train,fbHlBmq7Ipo$_$8,18
train,fbSxct2JcKU$_$5,33
train,fdK_tsvBXJ8$_$5,33
train,fi7g4GoK-z4$_$4,31
train,fjE2EZKgQm8$_$5,15
train,fjE2EZKgQm8$_$4,15
train,flBtk736di4$_$8,19
train,frNJdG0GkYw$_$1,32
train,fzuTEKwNS94$_$8,8
train,fzuTEKwNS94$_$16,24
train,g99kISQbyuI$_$11,20
train,g99kISQbyuI$_$0,8
train,g99kISQbyuI$_$3,9
train,g99kISQbyuI$_$5,31
train,g9rNhtFG9aU$_$12,21
train,gAMbkJk6gnE$_$2,34
train,gAMbkJk6gnE$_$4,21
train,gC_wF3uKFW0$_$2,10
train,gC_wF3uKFW0$_$5,9
train,gC_wF3uKFW0$_$4,21
train,gEgcpVY8WK4$_$27,18
train,gEgcpVY8WK4$_$21,18
train,gEgcpVY8WK4$_$22,26
train,gEgcpVY8WK4$_$28,29
train,gEgcpVY8WK4$_$8,10
train,gEgcpVY8WK4$_$14,33
train,gEgcpVY8WK4$_$17,12
train,gEgcpVY8WK4$_$30,14
train,gFAOKuqpUq4$_$0,48
train,gPWyANEm0eE$_$10,48
train,gPWyANEm0eE$_$2,13
train,gPWyANEm0eE$_$4,26
train,gRAmIaSlm80$_$0,40
train,gU7McujYYPY$_$1,30
train,gU7McujYYPY$_$3,22
train,gU7McujYYPY$_$8,7
train,gXDRWhJbfFU$_$1,47
train,gXDRWhJbfFU$_$4,32
train,gXDRWhJbfFU$_$9,15
train,gXDRWhJbfFU$_$8,48
train,gXuiIWRxrw4$_$19,18
train,gXuiIWRxrw4$_$18,17
train,gXuiIWRxrw4$_$0,11
train,gXuiIWRxrw4$_$6,29
train,gZDyk95Xob4$_$11,48
train,gZDyk95Xob4$_$12,17
train,gZDyk95Xob4$_$9,48
train,gZF-YNQHqwI$_$13,7
train,gZF-YNQHqwI$_$1,11
train,gZF-YNQHqwI$_$9,6
train,gcpsSao7kHM$_$10,18
train,gcpsSao7kHM$_$1,22
train,ge071m9bGeY$_$1,24
train,ge071m9bGeY$_$0,17
train,ge071m9bGeY$_$5,21
train,ge071m9bGeY$_$4,17
train,gjEYmdWrBLM$_$24,48
train,gjEYmdWrBLM$_$26,25
train,gjEYmdWrBLM$_$0,5
train,gjEYmdWrBLM$_$3,48
train,gjEYmdWrBLM$_$9,48
train,gjEYmdWrBLM$_$18,25
train,gjGL6YY6oMs$_$2,22
train,gjSyl6evrWk$_$12,29
train,gr9YU-UTJzQ$_$15,16
train,grePRQ8zonA$_$2,31
train,guRD0zQC6Q0$_$7,44
train,gv43BPYYxKQ$_$2,24
train,gvrfI9e5xHQ$_$9,48
train,gzZ8NTeTzRs$_$1,21
train,h4LrwMn94ss$_$9,15
train,h7p5URoookk$_$27,9
train,h7p5URoookk$_$2,19
train,hASTLbFHrEs$_$0,10
train,hASTLbFHrEs$_$7,30
train,hCFV5VLgS0A$_$8,23
train,hF6kFQPdBjY$_$13,17
train,hF6kFQPdBjY$_$2,19
train,hF6kFQPdBjY$_$9,20
train,hGRRlXfH0BY$_$11,22
train,hGRRlXfH0BY$_$1,48
train,hGRRlXfH0BY$_$8,39
train,hIQhkTjNaQc$_$11,46
train,hOp6I4jGvu4$_$1,28
train,hOp6I4jGvu4$_$4,28
train,hSgKOKK3L8M$_$0,25
train,hSgKOKK3L8M$_$5,14
train,hawztAtYHCE$_$9,48
train,he475nnmMi0$_$14,48
train,he475nnmMi0$_$9,24
train,hfVXx8hfKak$_$16,13
train,hfVXx8hfKak$_$0,36
train,hfvmQuhqMmY$_$8,20
train,hh04W3xXa5s$_$0,7
train,hh04W3xXa5s$_$2,26
train,hj1ph17-0jE$_$2,25
train,hjBQmIWiWgw$_$2,26
train,hlBOP5NskhM$_$10,9
train,hlBOP5NskhM$_$12,15
train,hlBOP5NskhM$_$2,7
train,hlBOP5NskhM$_$8,28
train,hlYDicOj2m0$_$2,11
train,hlYDicOj2m0$_$6,16
train,hmjfBZGGZR8$_$1,38
train,hntnelpiyl8$_$13,20
train,hp3nsb_eIc0$_$18,48
train,hp3nsb_eIc0$_$1,22
train,hyazktfsZew$_$26,12
train,hyazktfsZew$_$22,20
train,hyazktfsZew$_$28,11
train,hyazktfsZew$_$9,15
train,hyazktfsZew$_$11,8
train,hyazktfsZew$_$30,10
train,i5bmKlHv-SA$_$3,23
train,iEOBNT0HFtU$_$12,33
train,iEOBNT0HFtU$_$17,29
train,iEOBNT0HFtU$_$0,16
train,iEOBNT0HFtU$_$2,15
train,iH04VOkbof0$_$1,32
train,iH04VOkbof0$_$4,21
train,iM3wSwoAtwk$_$3,35
train,iMss8xBhFiI$_$12,15
train,iO34hER47xA$_$3,28
train,iR1Os7FVGHs$_$6,48
train,iREkcXde5ds$_$0,7
train,iS91daVpH2E$_$10,18
train,iS91daVpH2E$_$7,22
train,iYtD_ArCdKw$_$3,16
train,iYtD_ArCdKw$_$9,48
train,icIS9VfbzMw$_$25,24
train,icIS9VfbzMw$_$17,24
train,icIS9VfbzMw$_$1,40
train,icIS9VfbzMw$_$3,30
train,icehEYAiimM$_$0,48
train,iex7I7iVnLk$_$3,12
train,ihuGFUrzD30$_$8,20
train,ipLoS44xfO4$_$1,7
train,ipLoS44xfO4$_$0,5
train,ipLoS44xfO4$_$3,14
train,ixQbCXLUUj8$_$1,16
train,ixZAEncExWI$_$1,31
train,izFBeXMTgds$_$1,31
train,j6R1NTrosuM$_$0,13
train,j7fRIGphgtk$_$1,8
train,j7fRIGphgtk$_$0,29
train,jEQoBvc7V1o$_$12,19
train,jFNgOznarMo$_$9,19
train,jFNgOznarMo$_$10,48
train,jFpRdhl3fgw$_$2,18
train,jNdvceZ4etc$_$2,15
train,jNdvceZ4etc$_$7,16
train,jPf0LjZAS14$_$0,28
train,jQ3EmbRIe58$_$14,13
train,jT3FSTBA8Us$_$2,34
train,jV6qzF2YROc$_$0,19
train,jVayR0VClxQ$_$12,16
train,jVayR0VClxQ$_$0,19
train,jVayR0VClxQ$_$9,31
train,jYT3-RQFy1U$_$10,25
train,jYT3-RQFy1U$_$1,35
train,jakiZQd4boM$_$3,48
train,jbKDW9URnvM$_$0,16
train,jcQi90n008o$_$20,15
train,jcQi90n008o$_$23,9
train,jcQi90n008o$_$2,14
train,jcQi90n008o$_$5,30
train,jcQi90n008o$_$18,11
train,jgNu58Da9cs$_$2,27
train,jgNu58Da9cs$_$6,27
train,jjb1cWmkhI8$_$2,28
train,jjbOD6u7V34$_$3,46
train,jlCFLG6rKKY$_$2,11
train,jnG9zog4NCs$_$2,18
train,jnG9zog4NCs$_$4,30
train,jqKzaEniiKo$_$13,48
train,jqKzaEniiKo$_$8,43
train,juI9KoLA87A$_$5,24
train,jzNIU-w0MVo$_$15,36
train,jzNIU-w0MVo$_$16,32
train,jzNIU-w0MVo$_$7,41
train,k1ca_xbhohk$_$13,24
train,k4T6GaDrcjs$_$2,12
train,k4T6GaDrcjs$_$4,10
train,k4T6GaDrcjs$_$7,21
train,k4T6GaDrcjs$_$9,17
train,k5-3KuvCFms$_$0,20
train,k8NgVOCDYKM$_$10,48
train,k8NgVOCDYKM$_$19,21
train,k8NgVOCDYKM$_$2,11
train,kCQqLNiO0mk$_$11,44
train,kCQqLNiO0mk$_$12,15
train,kCQqLNiO0mk$_$15,47
train,kCQqLNiO0mk$_$17,41
train,kCQqLNiO0mk$_$6,23
train,kCQqLNiO0mk$_$8,31
train,kKMfsWrigTE$_$1,20
train,kKkZihSbxF4$_$2,25
train,kPn-t6NSxfQ$_$11,14
train,kPn-t6NSxfQ$_$14,48
train,kPn-t6NSxfQ$_$0,13
train,kPn-t6NSxfQ$_$4,48
train,kRs39SO-neY$_$17,48
train,kU6YY2z7z0I$_$10,14
train,kU6YY2z7z0I$_$5,21
train,kU6YY2z7z0I$_$4,12
train,kU6YY2z7z0I$_$9,5
train,kU6YY2z7z0I$_$8,7
train,kY64gXOapYk$_$0,34
train,kZfcQ4a0kx4$_$21,26
train,kZfcQ4a0kx4$_$0,28
train,kZfcQ4a0kx4$_$3,44
train,kZfcQ4a0kx4$_$8,31
train,kZfcQ4a0kx4$_$15,44
train,kcIGTPHEsNo$_$20,19
train,kcIGTPHEsNo$_$17,38
train,kcIGTPHEsNo$_$10,26
train,kddCewAsxfA$_$5,15
train,kf3fZcx8nIo$_$2,48
train,kh6eynD9OIk$_$10,8
train,kh6eynD9OIk$_$5,12
train,kh6eynD9OIk$_$6,9
train,kiR5zVo2zvU$_$24,34
train,kiR5zVo2zvU$_$14,13
train,kiR5zVo2zvU$_$17,48
train,kj63uF0RhW8$_$7,34
train,kjQAkrdbREk$_$1,29
train,kjQAkrdbREk$_$2,37
train,kqXpf26EL-s$_$11,11
train,kqXpf26EL-s$_$3,9
train,kqXpf26EL-s$_$5,7
train,krHZuqfXrPU$_$22,48
train,krHZuqfXrPU$_$28,21
train,krHZuqfXrPU$_$11,17
train,krHZuqfXrPU$_$13,28
train,ku-dtUqCm2o$_$1,21
train,kuQWPuhnlHs$_$5,48
train,kuQWPuhnlHs$_$6,45
train,kwkhYpCHWPw$_$6,13
train,kx544gnOZB0$_$0,13
train,kxcCxbsKx3w$_$2,36
train,kxcCxbsKx3w$_$8,10
train,ky7Q5onqxGw$_$7,21
train,kyPepNmxaj8$_$2,14
train,kz7ahNfXFsk$_$9,21
train,kzmaKnujN64$_$1,18
train,kzmaKnujN64$_$6,27
train,l-nM_U1qpko$_$2,11
train,l-nM_U1qpko$_$5,23
train,l5_DDqck4Rs$_$0,31
train,l8LTcZJ-_8k$_$17,7
train,l8LTcZJ-_8k$_$19,48
train,lEsFI5YJGDo$_$5,23
train,lEsFI5YJGDo$_$7,23
train,lEsFI5YJGDo$_$6,13
train,lTfsqoo-jKg$_$4,9
train,lTfsqoo-jKg$_$7,21
train,lUNNDDsm7R8$_$3,48
train,lWvaIexY2WU$_$0,33
train,laxadgca3Fo$_$0,19
train,lbx3eu8LUl8$_$4,14
train,ll10nEjTvGE$_$9,23
train,ll10nEjTvGE$_$8,17
train,lp9vkkimXqg$_$12,11
train,lp9vkkimXqg$_$15,16
train,lp9vkkimXqg$_$6,8
train,lpF-yBYou0s$_$5,15
train,lpF-yBYou0s$_$6,14
train,luQfWSfb1s0$_$13,26
train,luQfWSfb1s0$_$16,13
train,luQfWSfb1s0$_$4,24
train,luQfWSfb1s0$_$6,18
train,lzVA--tIse0$_$0,17
train,lzyVWNrkgbQ$_$9,37
train,m7SJs73SF8w$_$4,15
train,m8tzdtrgFUA$_$12,11
train,m8tzdtrgFUA$_$0,8
train,m8tzdtrgFUA$_$2,13
train,m8tzdtrgFUA$_$5,23
train,m8tzdtrgFUA$_$7,5
train,mHIvH6Nnrls$_$1,6
train,mI50zj8cTNw$_$1,19
train,mKP6TVuixWg$_$11,48
train,mKP6TVuixWg$_$18,15
train,mL2v-sODUZ8$_$11,48
train,mMeGgB9-hSE$_$10,17
train,mMeGgB9-hSE$_$13,32
train,mN1Z5xEOy10$_$4,8
train,mQTaEIrNxnQ$_$11,26
train,mRPIse3OO74$_$1,21
train,mRnEJOLkhp8$_$2,25
train,mSWwz7dXUP8$_$6,26
train,mW8eL4e7Wrg$_$14,19
train,mW8eL4e7Wrg$_$3,25
train,mW8eL4e7Wrg$_$2,20
train,mW8eL4e7Wrg$_$6,23
train,mW8eL4e7Wrg$_$15,21
train,maO6KmmgcB8$_$4,23
train,mgovo8VYtvk$_$24,48
train,mgovo8VYtvk$_$20,15
train,mgovo8VYtvk$_$22,19
train,mgovo8VYtvk$_$23,23
train,mgovo8VYtvk$_$29,16
train,mgovo8VYtvk$_$3,23
train,mgovo8VYtvk$_$8,42
train,mgovo8VYtvk$_$13,36
train,mgovo8VYtvk$_$12,42
train,mgovo8VYtvk$_$30,29
train,mgovo8VYtvk$_$37,10
train,mgovo8VYtvk$_$34,21
train,mgpoY1-110U$_$1,22
train,mgpoY1-110U$_$14,11
train,mkkoJ2iVbGs$_$0,14
train,mkkoJ2iVbGs$_$5,33
train,mkkoJ2iVbGs$_$4,14
train,mn8_HvzbN5c$_$5,48
train,mpfSRGHFY0g$_$3,17
train,mrQIrm6hYMQ$_$1,15
train,mrQIrm6hYMQ$_$2,37
train,muOYAxkG-Zo$_$15,25
train,muOYAxkG-Zo$_$6,20
train,mud6tEqFiEM$_$2,10
train,mud6tEqFiEM$_$5,16
train,mw_ZwML0SbY$_$0,48
train,mw_ZwML0SbY$_$2,35
train,mxFU6TrHChY$_$11,46
train,mxFU6TrHChY$_$0,17
train,mxFU6TrHChY$_$8,12
train,mxa4KXSz9rw$_$0,9
train,mxa4KXSz9rw$_$6,13
train,mzTHW2dtbs4$_$8,43
train,mziQcFSsdRI$_$4,19
train,n-sgVVTE9Io$_$0,14
train,n4xRx0J3rYQ$_$10,15
train,n4xRx0J3rYQ$_$0,16
train,n4xRx0J3rYQ$_$4,26
train,n5MU2-GFjo8$_$1,29
train,n7K5SpMrQt0$_$17,24
train,nD1R4UedEDo$_$10,22
train,nD1R4UedEDo$_$1,32
train,nD1R4UedEDo$_$2,22
train,nD1R4UedEDo$_$4,17
train,nDXKvarLEOM$_$3,8
train,nErOMpqvcRg$_$7,48
train,nHP7l5zAwGA$_$0,47
train,nHP7l5zAwGA$_$8,34
train,nISNBD3I95A$_$0,21
train,nKiC9sEP2vM$_$5,39
train,nM5S3xxNOlQ$_$10,24
train,nM5S3xxNOlQ$_$0,23
train,nM5S3xxNOlQ$_$3,25
train,nM5S3xxNOlQ$_$7,7
train,nM5S3xxNOlQ$_$9,5
train,nTBKtwqPIYw$_$7,12
train,ngp7s5Wvde0$_$11,19
train,ngp7s5Wvde0$_$3,30
train,ngp7s5Wvde0$_$8,31
train,npIVLL_fTf0$_$13,41
train,npIVLL_fTf0$_$12,38
train,npIVLL_fTf0$_$17,19
train,nsLACXjD4KU$_$3,27
train,nsLACXjD4KU$_$2,14
train,nw6Kf3AtCz4$_$21,16
train,nw6Kf3AtCz4$_$23,19
train,nw6Kf3AtCz4$_$28,18
train,nw6Kf3AtCz4$_$4,12
train,nw6Kf3AtCz4$_$8,13
train,nw6Kf3AtCz4$_$15,25
train,nw6Kf3AtCz4$_$18,8
train,nw6Kf3AtCz4$_$33,21
train,nz2vkMyqfeE$_$15,48
train,nz2vkMyqfeE$_$4,31
train,o2miCpS7Hwo$_$6,48
train,o4b7hjQwpv0$_$5,25
train,o4b7hjQwpv0$_$6,19
train,o4b7hjQwpv0$_$8,8
train,o63doZKEIds$_$1,10
train,o63doZKEIds$_$3,10
train,o63doZKEIds$_$9,9
train,oANUXY3xXKM$_$2,23
train,oCsrnIomHos$_$11,39
train,oDznO5w3v0U$_$3,19
train,oDznO5w3v0U$_$6,19
train,oGnKsroR0R0$_$13,8
train,oGnKsroR0R0$_$14,25
train,oHV99Y_EWfI$_$12,21
train,oHV99Y_EWfI$_$19,14
train,oK951Y2N_k0$_$1,13
train,oNCvb0F-c88$_$6,24
train,oOhxCwkZsUI$_$0,19
train,oPvUDLhTrjI$_$11,34
train,oPvUDLhTrjI$_$13,21
train,oVqBUyKvgdU$_$7,48
train,oW1OEsP7Dds$_$8,23
train,oW1OEsP7Dds$_$12,40
train,oWAyEzyp2xQ$_$15,37
train,obnOnuzb-Xw$_$1,11
train,ogGweZUAVtU$_$51,16
train,ogGweZUAVtU$_$20,17
train,ogGweZUAVtU$_$49,7
train,ogGweZUAVtU$_$46,11
train,ogGweZUAVtU$_$40,16
train,ogGweZUAVtU$_$7,11
train,ogGweZUAVtU$_$9,21
train,ogGweZUAVtU$_$38,21
train,ogGweZUAVtU$_$10,11
train,ogGweZUAVtU$_$17,14
train,ogGweZUAVtU$_$37,17
train,ogGweZUAVtU$_$36,9
train,ogGweZUAVtU$_$32,9
train,oj7A8mpuBeQ$_$11,17
train,oj7A8mpuBeQ$_$5,7
train,olcPEN9x5VY$_$2,14
train,olcPEN9x5VY$_$7,14
train,olcPEN9x5VY$_$9,9
train,olcPEN9x5VY$_$8,16
train,omBcvw7izuM$_$10,16
train,omBcvw7izuM$_$17,28
train,omBcvw7izuM$_$2,48
train,omBcvw7izuM$_$6,48
train,omHQ68k50XY$_$8,23
train,ouhCx4TgHlE$_$1,32
train,ouhCx4TgHlE$_$0,21
train,ouhCx4TgHlE$_$2,22
train,owT0_Xfu8a0$_$0,29
train,oyHKiX5YGDE$_$10,18
train,oyHKiX5YGDE$_$15,23
train,p18PVgfxook$_$3,30
train,p19Hsjx2xgI$_$8,13
train,p5LEk2u8tXk$_$13,14
train,p5LEk2u8tXk$_$4,12
train,pAclBdj20ZU$_$10,15
train,pAclBdj20ZU$_$0,19
train,pAclBdj20ZU$_$6,8
train,pAclBdj20ZU$_$8,9
train,pFh-SLxltms$_$14,19
train,pFh-SLxltms$_$23,14
train,pFh-SLxltms$_$16,21
train,pFh-SLxltms$_$1,23
train,pFh-SLxltms$_$9,20
train,pIMByitigYI$_$10,37
train,pU-MjERGTUk$_$6,48
train,pVzHaakhKAw$_$0,21
train,pVzHaakhKAw$_$5,46
train,pbFwuNCQlH8$_$3,24
train,pbFwuNCQlH8$_$7,12
train,pf-78LF4ORE$_$22,28
train,pfCPogxnUfw$_$26,26
train,pfCPogxnUfw$_$8,18
train,pjWLxORDDP4$_$2,12
train,pqAGD3ijMPw$_$9,39
train,pu1C7tmYHxI$_$2,34
train,puum3vabpb4$_$15,24
train,pvlmYjQdRmA$_$0,17
train,pwj9YeMJC08$_$15,18
train,q-0gu48ClF4$_$2,33
train,q1_knonj0Lw$_$17,24
train,q1_knonj0Lw$_$16,48
train,q1_knonj0Lw$_$4,11
train,q1_knonj0Lw$_$7,21
train,q3QUybiOYeU$_$0,28
train,q4hP2j7oewo$_$1,22
train,q7BxnIM2_z0$_$5,33
train,qEkFReBuwxc$_$20,27
train,qFppeQvdfxI$_$5,26
train,qFppeQvdfxI$_$7,13
train,qFppeQvdfxI$_$8,11
train,qJBQH14qtHc$_$26,18
train,qJZlp9uxoTU$_$10,6
train,qJZlp9uxoTU$_$17,30
train,qJZlp9uxoTU$_$18,19
train,qJh6x4wmmh8$_$0,24
train,qP4uuMI-JSk$_$3,48
train,qP4uuMI-JSk$_$4,15
train,qYJtbgLqizk$_$1,32
train,qd6YuFGcBGk$_$12,15
train,qd6YuFGcBGk$_$0,42
train,qjMyjLSORY4$_$20,35
train,qjMyjLSORY4$_$29,13
train,qjMyjLSORY4$_$1,33
train,qjMyjLSORY4$_$33,19
train,qjMyjLSORY4$_$2,21
train,qjMyjLSORY4$_$5,45
train,qkWdc-E6jGI$_$21,48
train,qkWdc-E6jGI$_$6,18
train,qlDT-bmIzQI$_$4,14
train,qlDiE1d45Bc$_$5,18
train,qpht9L3s9G4$_$3,20
train,qrI7XCKRFNk$_$3,35
train,qrI7XCKRFNk$_$5,19
train,qrI7XCKRFNk$_$4,36
train,qszy_WSRFUM$_$10,16
train,qvIhzmujTi8$_$14,48
train,qyJiDgtj6YE$_$4,32
train,r1erb5PSm1A$_$2,12
train,r4ul1wl_1T8$_$9,24
train,r8OPmbZZlpE$_$3,26
train,r917wP1qsL4$_$6,19
train,rApOTQgFW6Y$_$6,19
train,rB6WmWvvyxg$_$1,14
train,rB6WmWvvyxg$_$3,23
train,rB6WmWvvyxg$_$2,22
train,rB6WmWvvyxg$_$8,17
train,rBWeo_rEdcU$_$6,25
train,rBWeo_rEdcU$_$8,13
train,rC7qKZMKa0U$_$0,27
train,rCQYq4T8SEI$_$7,46
train,rCQYq4T8SEI$_$0,26
train,rEWQW_ibDwg$_$7,26
train,rFHIApgUtoI$_$1,21
train,rFHIApgUtoI$_$5,48
train,rLHJ_ebXCHQ$_$3,11
train,raQ9Pcgo-II$_$3,18
train,rexJoy4RMdY$_$4,13
train,rsQRiALH5FU$_$11,46
train,rsQRiALH5FU$_$10,47
train,rsQRiALH5FU$_$4,33
train,rvQ2cRnroOU$_$20,19
train,rvQ2cRnroOU$_$2,22
train,rvQ2cRnroOU$_$9,24
train,rwe-hBNpzH8$_$1,14
train,rz4Ax6xfZHQ$_$8,15
train,s1Yo_MCiMPc$_$12,25
train,s1Yo_MCiMPc$_$5,25
train,s53UAEi7JEY$_$9,22
train,sC1NvtirijU$_$22,14
train,sC1NvtirijU$_$3,46
train,sC1NvtirijU$_$16,13
train,sC1NvtirijU$_$19,48
train,sFLTjqVS7AE$_$0,21
train,sFLTjqVS7AE$_$5,24
train,sFxUNO2HOKY$_$5,28
train,sIGAq2J4KKI$_$1,13
train,sKwPCpFtUUI$_$6,26
train,sLaTZtL0ZIk$_$5,24
train,sMnbpyFqrlE$_$15,19
train,sMnbpyFqrlE$_$0,36
train,sPxoGNvnVzg$_$5,10
train,sPxoGNvnVzg$_$7,6
train,sWsDAG6x9n0$_$3,34
train,skp_SpnIOCM$_$2,30
train,soqnBdPOwoo$_$4,24
train,srbrWyZRMCI$_$11,13
train,srbrWyZRMCI$_$1,12
train,srbrWyZRMCI$_$0,26
train,srbrWyZRMCI$_$5,48
train,srbrWyZRMCI$_$8,10
train,sw-smuVRByI$_$7,10
train,sw-smuVRByI$_$6,28
train,t0Wi5Nb6kbI$_$10,44
train,t4-ZulW5np4$_$1,32
train,t4-ZulW5np4$_$5,18
train,t7a3zECpT4k$_$17,42
train,tL8RzwWSmAE$_$0,30
train,tL8RzwWSmAE$_$2,21
train,tQk-eoA7JyE$_$5,23
train,tXxf6-CilNI$_$20,48
train,tXxf6-CilNI$_$21,15
train,tXxf6-CilNI$_$9,44
train,ta26Z2YEVMQ$_$0,16
train,ta26Z2YEVMQ$_$2,23
train,taCchyi5h68$_$3,18
train,taGs3-SMoYM$_$3,21
train,taGs3-SMoYM$_$4,48
train,tdIZZ9v0IGA$_$6,32
train,tdIZZ9v0IGA$_$8,20
train,tgrxA3CiBv0$_$7,29
train,tgrxA3CiBv0$_$8,37
train,tv8IhQZQuJI$_$12,22
train,tv8IhQZQuJI$_$5,18
train,tvE_DucE0_k$_$7,21
train,tw2xFbfgV4U$_$18,14
train,tw2xFbfgV4U$_$3,14
train,tw2xFbfgV4U$_$2,28
train,tw2xFbfgV4U$_$6,20
train,txjqbr6FoZs$_$7,48
train,u94VPxEIJPg$_$3,10
train,uAExKaLeOl8$_$13,30
train,uAExKaLeOl8$_$9,48
train,uAExKaLeOl8$_$8,14
train,uBgRo9tnv-I$_$0,9
train,uBgRo9tnv-I$_$6,27
train,uTWeng4h5eM$_$8,14
train,uU_3tbZ1zG8$_$14,21
train,uU_3tbZ1zG8$_$23,36
train,uU_3tbZ1zG8$_$1,19
train,uU_3tbZ1zG8$_$21,15
train,uXYAfpQUYVE$_$22,23
train,uXYAfpQUYVE$_$5,16
train,uXYAfpQUYVE$_$4,16
train,uYzZB4ccG1Q$_$24,10
train,uYzZB4ccG1Q$_$27,17
train,uYzZB4ccG1Q$_$5,9
train,uYzZB4ccG1Q$_$10,20
train,uYzZB4ccG1Q$_$15,11
train,uYzZB4ccG1Q$_$19,48
train,uYzZB4ccG1Q$_$30,27
train,ueCWy7aTmyo$_$14,32
train,ueCWy7aTmyo$_$3,22
train,ueCWy7aTmyo$_$5,28
train,uxHBEfIhY-E$_$2,9
train,uy9MGhVqCp8$_$5,21
train,uyOrVTq8Tjk$_$3,18
train,v1GKBjohgHc$_$2,30
train,v2DFe9X-jCY$_$22,30
train,v3l56fl6aJM$_$4,48
train,v5AAvrZuR2U$_$6,24
train,vCWpKubBbcw$_$1,31
train,vM3YB7LmMq4$_$28,11
train,vM3YB7LmMq4$_$41,10
train,vM3YB7LmMq4$_$8,33
train,vM3YB7LmMq4$_$38,48
train,vM3YB7LmMq4$_$13,10
train,vM3YB7LmMq4$_$33,25
train,vM3YB7LmMq4$_$37,48
train,vM3YB7LmMq4$_$50,5
train,vM7m581tHn0$_$3,15
train,vM7m581tHn0$_$4,10
train,vM9AH4EqCaA$_$2,31
train,vM9AH4EqCaA$_$6,23
train,vRhj2bLo1ho$_$5,22
train,vRhj2bLo1ho$_$8,12
train,vYOr36tdcpc$_$1,48
train,vYOr36tdcpc$_$0,38
train,vbVLgaP5IYU$_$0,21
train,vlnKSMw5v1o$_$6,23
train,vop7tN_K64I$_$14,19
train,vop7tN_K64I$_$17,33
train,vop7tN_K64I$_$1,29
train,vttEPA6Xffk$_$2,44
train,vwUBtNvjrU4$_$26,16
train,vwUBtNvjrU4$_$16,15
train,vwUBtNvjrU4$_$23,42
train,vwUBtNvjrU4$_$25,18
train,w-PFjo89Dpw$_$14,17
train,w-PFjo89Dpw$_$2,17
train,w-PFjo89Dpw$_$7,36
train,w1MxXu5D7ho$_$0,27
train,wCtZdAdoIm8$_$0,20
train,wEs7pJH2mqQ$_$1,13
train,wEs7pJH2mqQ$_$3,14
train,wEs7pJH2mqQ$_$7,17
train,wHQYmMZzyJY$_$24,12
train,wHQYmMZzyJY$_$10,22
train,wHQYmMZzyJY$_$20,12
train,wHQYmMZzyJY$_$18,23
train,wI7DDCRh4Nw$_$1,48
train,wI7DDCRh4Nw$_$2,26
train,wLj_gnNON7A$_$10,14
train,wLj_gnNON7A$_$12,36
train,wLj_gnNON7A$_$14,8
train,wLj_gnNON7A$_$5,34
train,wLj_gnNON7A$_$4,5
train,wMggOhhVouA$_$6,20
train,wNx1ZnQ0MDQ$_$9,15
train,wNx1ZnQ0MDQ$_$8,21
train,wNx1ZnQ0MDQ$_$4,29
train,wOKWTFYYMuk$_$9,48
train,wOjnqud5GBA$_$4,15
train,wR3zalLV_6c$_$5,28
train,wR3zalLV_6c$_$14,40
train,wRKVNiABc0w$_$12,16
train,wRKVNiABc0w$_$14,18
train,wRKVNiABc0w$_$1,19
train,w_qYZSVx2dM$_$13,26
train,w_qYZSVx2dM$_$12,27
train,w_qYZSVx2dM$_$9,14
train,wb7CfuiIZFQ$_$5,22
train,wd-LTpCtAzw$_$14,8
train,wd-LTpCtAzw$_$1,16
train,wd-LTpCtAzw$_$9,15
train,wdU-0bttAkc$_$3,36
train,werKCgZ5dFE$_$14,26
train,wfLrS6CdFs4$_$0,20
train,wgCSuviySwg$_$0,34
train,wj3ur4fsiN4$_$24,6
train,wj3ur4fsiN4$_$3,22
train,wj3ur4fsiN4$_$2,26
train,wj3ur4fsiN4$_$13,37
train,wj3ur4fsiN4$_$17,27
train,wrQVnClcNPM$_$11,12
train,wrQVnClcNPM$_$12,12
train,wrQVnClcNPM$_$16,16
train,wrQVnClcNPM$_$2,9
train,wrQVnClcNPM$_$5,20
train,wxxqXK9x-64$_$2,33
train,wz3nVBPVgIA$_$6,21
train,x92920ole0w$_$18,41
train,x9E8yaFCX0Y$_$5,28
train,x9E8yaFCX0Y$_$4,7
train,x9E8yaFCX0Y$_$7,14
train,xNYsfeSgDCQ$_$1,17
train,xNYsfeSgDCQ$_$4,33
train,xP81rX2ATLI$_$2,11
train,xP81rX2ATLI$_$6,28
train,xPhlDO-2Foc$_$2,29
train,xRJXYUZVdas$_$1,18
train,xTBBDx3DkXQ$_$10,22
train,xUz5cCA-oTo$_$14,25
train,xXIq7YPkdUQ$_$1,34
train,xXIq7YPkdUQ$_$2,14
train,xXIq7YPkdUQ$_$4,18
train,xYtNgq9eTlg$_$6,25
train,xZ1FrxU6hcg$_$23,24
train,xZ1FrxU6hcg$_$6,19
train,xaSf1d13WoY$_$13,16
train,xaSf1d13WoY$_$1,27
train,xaSf1d13WoY$_$4,14
train,xbl7bU5PGBs$_$0,23
train,xfP0bm6Z-7E$_$2,9
train,xge9aYTxxOA$_$0,15
train,xiRUWSUrGSg$_$0,38
train,xiRUWSUrGSg$_$4,20
train,xk4C4p5vHDk$_$12,40
train,xk4C4p5vHDk$_$1,28
train,xn9_4n4NpEw$_$10,14
train,xn9_4n4NpEw$_$5,22
train,xn9_4n4NpEw$_$7,13
train,xnNZyfhusAk$_$2,19
train,xomMHflvVDw$_$1,33
train,xomMHflvVDw$_$0,13
train,xomMHflvVDw$_$3,16
train,xomMHflvVDw$_$6,29
train,xu53lk4dhSc$_$13,22
train,xu53lk4dhSc$_$20,14
train,xu53lk4dhSc$_$14,17
train,xu53lk4dhSc$_$17,36
train,xu53lk4dhSc$_$9,26
train,xvnFF0FiyS4$_$6,5
train,xvnFF0FiyS4$_$8,7
train,xwNQ7QuXaps$_$5,48
train,xyOa9ivNrg4$_$0,10
train,y-nEcwAyQos$_$11,13
train,y-nEcwAyQos$_$4,24
train,yBGuxyO-ElM$_$2,23
train,yDIFWzOBjXc$_$22,20
train,yDIFWzOBjXc$_$23,18
train,yDIFWzOBjXc$_$40,23
train,yDIFWzOBjXc$_$13,21
train,yDIFWzOBjXc$_$15,35
train,yDIFWzOBjXc$_$19,29
train,yDIFWzOBjXc$_$30,17
train,yEtfjJOMMCs$_$21,15
train,yEtfjJOMMCs$_$3,10
train,yEtfjJOMMCs$_$4,22
train,yEtfjJOMMCs$_$7,7
train,yEtfjJOMMCs$_$11,39
train,yEtfjJOMMCs$_$15,48
train,yEtfjJOMMCs$_$14,21
train,yHtR71rx16I$_$3,20
train,yKdIZR5xfcc$_$11,29
train,yKdIZR5xfcc$_$12,34
train,yKdIZR5xfcc$_$4,19
train,yKdIZR5xfcc$_$7,7
train,yKdIZR5xfcc$_$9,20
train,yKdIZR5xfcc$_$8,35
train,yOQHOiswVjc$_$13,33
train,yOQHOiswVjc$_$15,48
train,yOQHOiswVjc$_$1,38
train,ySfHPyaDbqY$_$7,31
train,ygb8Cfxghbs$_$15,38
train,ygb8Cfxghbs$_$14,18
train,ygb8Cfxghbs$_$0,30
train,ygb8Cfxghbs$_$7,34
train,ymPQOY2O_nw$_$0,45
train,yp6Gd2NPwOU$_$6,41
train,yp6Gd2NPwOU$_$9,26
train,yrIXBklJ5YQ$_$1,23
train,yrIXBklJ5YQ$_$0,23
train,yrIXBklJ5YQ$_$3,12
train,yyToAEoUuek$_$3,17
train,z6E-ocntPo4$_$2,5
train,z6E-ocntPo4$_$4,20
train,z6E-ocntPo4$_$9,10
train,z6E-ocntPo4$_$8,6
train,z7FicxE_pMU$_$18,21
train,z7FicxE_pMU$_$7,48
train,z8bWG2z-bMM$_$1,12
train,z8bWG2z-bMM$_$5,14
train,zFTuwjr3xq0$_$4,34
train,zFuRNvfC4So$_$14,23
train,zFuRNvfC4So$_$7,48
train,zJWmmDk9fCE$_$0,29
train,zJWmmDk9fCE$_$10,13
train,zOHZDq2BvGo$_$0,48
train,zPskvGHHQtE$_$0,19
train,zR62DCEMWgs$_$0,48
train,zU2_X9lIcUM$_$2,17
train,zU2_X9lIcUM$_$5,37
train,zU2_X9lIcUM$_$4,29
train,zaTyjiyrHnk$_$6,14
train,zeQKU2L173M$_$5,30
train,zeQKU2L173M$_$9,48
train,zg-ZIxVsBbQ$_$0,25
train,zj4PzGtFwJM$_$1,26
train,zqkawTdHN5s$_$1,25
train,zrFZAofNGi4$_$10,20
train,zwTrXwi54us$_$12,33
train,zwTrXwi54us$_$0,16
train,zwTrXwi54us$_$9,48
valid,-UacrmKiTn4$_$7,26
valid,-qDkUB0GgYY$_$5,48
valid,0utROiKxejc$_$1,16
valid,0utROiKxejc$_$4,33
valid,0y022OlZ3W0$_$3,17
valid,0y022OlZ3W0$_$5,22
valid,0y022OlZ3W0$_$8,13
valid,101787$_$11,32
valid,101787$_$13,19
valid,101787$_$1,16
valid,101787$_$5,17
valid,101787$_$7,8
valid,101787$_$9,19
valid,102408$_$2,7
valid,102408$_$5,29
valid,102408$_$9,29
valid,102858$_$20,24
valid,102858$_$21,27
valid,102858$_$1,22
valid,102858$_$0,3
valid,102858$_$4,48
valid,102858$_$6,26
valid,102858$_$10,10
valid,102858$_$17,9
valid,102858$_$19,12
valid,112433$_$10,1
valid,112433$_$3,32
valid,112433$_$7,9
valid,112433$_$6,24
valid,117tQqLjza4$_$6,15
valid,11j7EfglCAs$_$2,24
valid,121128$_$10,15
valid,121128$_$1,29
valid,121128$_$0,11
valid,121128$_$5,7
valid,125344$_$0,48
valid,125676$_$0,13
valid,125676$_$4,27
valid,128059$_$11,38
valid,128059$_$12,16
valid,128059$_$2,14
valid,128059$_$7,48
valid,128059$_$6,48
valid,128059$_$9,22
valid,128763$_$12,18
valid,128763$_$3,24
valid,128763$_$2,12
valid,128763$_$5,10
valid,128763$_$7,16
valid,128763$_$8,8
valid,130456$_$11,34
valid,130456$_$3,19
valid,130456$_$5,11
valid,130456$_$4,23
valid,130456$_$7,8
valid,130456$_$6,33
valid,188343$_$13,42
valid,188343$_$12,30
valid,188343$_$5,20
valid,188343$_$9,30
valid,188343$_$8,21
valid,1HK7Nea0PFo$_$1,17
valid,216097$_$1,13
valid,216097$_$2,24
valid,216097$_$5,32
valid,216097$_$4,46
valid,216097$_$7,48
valid,216097$_$8,12
valid,223431$_$11,27
valid,223431$_$10,13
valid,223431$_$13,24
valid,223431$_$0,2
valid,223431$_$5,17
valid,225770$_$3,48
valid,225770$_$5,6
valid,225770$_$4,32
valid,225770$_$6,33
valid,236021$_$12,12
valid,236021$_$1,27
valid,236021$_$3,7
valid,236021$_$2,48
valid,236021$_$5,15
valid,236021$_$4,48
valid,237009$_$11,9
valid,237009$_$12,45
valid,237009$_$4,19
valid,237009$_$7,8
valid,237009$_$9,12
valid,241629$_$10,18
valid,241629$_$0,13
valid,241629$_$3,28
valid,241629$_$5,27
valid,241629$_$8,48
valid,243646$_$11,19
valid,243646$_$12,48
valid,243646$_$9,1
valid,243646$_$8,12
valid,247318$_$12,13
valid,247318$_$1,16
valid,247318$_$3,5
valid,247318$_$2,17
valid,247318$_$5,19
valid,247318$_$7,6
valid,247318$_$6,5
valid,252998$_$1,18
valid,252998$_$0,14
valid,252998$_$5,41
valid,252998$_$4,48
valid,252998$_$7,37
valid,252998$_$8,11
valid,257247$_$10,8
valid,257247$_$12,19
valid,257247$_$2,18
valid,258654$_$1,48
valid,258654$_$3,48
valid,258654$_$4,15
valid,266791$_$24,16
valid,266791$_$20,36
valid,266791$_$21,48
valid,266791$_$23,34
valid,266791$_$29,3
valid,266791$_$3,19
valid,266791$_$5,32
valid,266791$_$4,13
valid,266791$_$6,36
valid,266791$_$8,11
valid,266791$_$11,11
valid,266791$_$14,26
valid,270254$_$23,17
valid,270254$_$0,18
valid,270254$_$6,32
valid,270254$_$8,24
valid,270254$_$11,6
valid,270254$_$14,10
valid,270254$_$16,15
valid,272624$_$10,48
valid,272624$_$13,37
valid,272624$_$12,22
valid,272624$_$16,48
valid,272624$_$18,36
valid,272624$_$2,46
valid,272624$_$6,35
valid,272624$_$9,47
valid,272624$_$8,43
valid,273539$_$3,30
valid,273539$_$2,3
valid,273539$_$9,46
valid,290546$_$3,23
valid,290546$_$5,33
valid,290546$_$7,48
valid,290546$_$6,8
valid,2S00zYaVrtc$_$10,18
valid,2S00zYaVrtc$_$12,17
valid,2S00zYaVrtc$_$20,16
valid,2S00zYaVrtc$_$17,18
valid,2S00zYaVrtc$_$5,25
valid,2S00zYaVrtc$_$4,20
valid,2Xt31_d0XEE$_$2,24
valid,31474$_$11,7
valid,31474$_$14,16
valid,31474$_$0,23
valid,31474$_$3,25
valid,31474$_$6,16
valid,31474$_$9,8
valid,31474$_$8,8
valid,32681$_$1,21
valid,32681$_$3,39
valid,32681$_$5,39
valid,32681$_$6,28
valid,33170$_$1,48
valid,33170$_$3,34
valid,33170$_$4,33
valid,3MFNIag0wNE$_$12,48
valid,3MFNIag0wNE$_$14,33
valid,3MFNIag0wNE$_$16,22
valid,3MFNIag0wNE$_$7,19
valid,3V2qm0rw920$_$11,20
valid,3V2qm0rw920$_$13,29
valid,3V2qm0rw920$_$3,15
valid,3j94B0pzSVs$_$12,12
valid,3j94B0pzSVs$_$17,22
valid,3j94B0pzSVs$_$1,34
valid,3j94B0pzSVs$_$0,30
valid,4cFeG2ydm9A$_$8,16
valid,4dV3slGSc60$_$10,22
valid,4dV3slGSc60$_$12,20
valid,4dV3slGSc60$_$22,48
valid,4dV3slGSc60$_$9,20
valid,4dV3slGSc60$_$8,24
valid,50103$_$3,45
valid,5B0PQx3Ep3k$_$5,28
valid,5O1W39o56gg$_$1,14
valid,5O1W39o56gg$_$2,16
valid,5O1W39o56gg$_$9,15
valid,5i6AgQSjXO4$_$3,19
valid,5i6AgQSjXO4$_$2,28
valid,5i6AgQSjXO4$_$6,9
valid,5kaCGzjYukM$_$0,34
valid,5kaCGzjYukM$_$3,27
valid,5kaCGzjYukM$_$2,36
valid,5kaCGzjYukM$_$5,32
valid,5kaCGzjYukM$_$7,48
valid,6KvG5VbLalY$_$9,37
valid,6ZA8I83x-oY$_$0,23
valid,6ZA8I83x-oY$_$2,48
valid,6hFiTU77Sm0$_$1,14
valid,6hFiTU77Sm0$_$2,16
valid,6uPGcKTpC4I$_$1,27
valid,6uPGcKTpC4I$_$2,31
valid,6uPGcKTpC4I$_$6,16
valid,70280$_$11,23
valid,70280$_$3,25
valid,70280$_$4,23
valid,70280$_$6,26
valid,75RGHaxmUK8$_$3,19
valid,75RGHaxmUK8$_$5,13
valid,7_K3F-lAv1k$_$2,43
valid,7r4vRxKLFCA$_$6,37
valid,80566$_$1,13
valid,80566$_$0,12
valid,80566$_$3,17
valid,80566$_$2,14
valid,80566$_$4,7
valid,80566$_$6,17
valid,80855$_$11,15
valid,80855$_$10,17
valid,80855$_$12,21
valid,80855$_$15,19
valid,80855$_$17,30
valid,80855$_$0,1
valid,80855$_$3,3
valid,80855$_$2,5
valid,80855$_$7,7
valid,80855$_$20,16
valid,830KzUc6CbU$_$0,18
valid,830KzUc6CbU$_$13,47
valid,84140$_$0,22
valid,84140$_$5,48
valid,89835$_$1,18
valid,89835$_$0,13
valid,89835$_$4,48
valid,89835$_$7,41
valid,8eaYvALnJ0o$_$1,24
valid,8eaYvALnJ0o$_$0,14
valid,8x_nCOh6Wmc$_$6,47
valid,96642$_$1,25
valid,96642$_$3,17
valid,96642$_$2,18
valid,96642$_$4,35
valid,99501$_$10,21
valid,99501$_$13,38
valid,99501$_$1,18
valid,99501$_$0,1
valid,99501$_$5,39
valid,99501$_$7,18
valid,9QI-9w_VdB4$_$0,24
valid,AG5EY8ZaFj4$_$3,17
valid,AG5EY8ZaFj4$_$15,26
valid,Arh2TKRi_mg$_$15,23
valid,Arh2TKRi_mg$_$14,22
valid,Arh2TKRi_mg$_$16,32
valid,Arh2TKRi_mg$_$19,21
valid,Arh2TKRi_mg$_$32,28
valid,Arh2TKRi_mg$_$28,16
valid,Arh2TKRi_mg$_$3,32
valid,AxNy9TeTLq8$_$0,38
valid,BSKAHXFYF_I$_$1,13
valid,BSKAHXFYF_I$_$3,32
valid,BSKAHXFYF_I$_$7,14
valid,BSKAHXFYF_I$_$8,16
valid,Baz0VVQ-E9E$_$10,9
valid,Baz0VVQ-E9E$_$1,12
valid,Baz0VVQ-E9E$_$5,7
valid,Baz0VVQ-E9E$_$7,18
valid,CJGuudyvA0Y$_$4,39
valid,CPjbogfLHR4$_$2,16
valid,CPjbogfLHR4$_$5,29
valid,DdUJojoFU_c$_$11,24
valid,DdUJojoFU_c$_$15,16
valid,DdUJojoFU_c$_$14,23
valid,DdUJojoFU_c$_$17,20
valid,DdUJojoFU_c$_$16,39
valid,DdUJojoFU_c$_$2,44
valid,DdUJojoFU_c$_$6,32
valid,DdUJojoFU_c$_$8,28
valid,DlbYiwOnTyk$_$1,20
valid,E8MuzHUhUHk$_$15,16
valid,E8MuzHUhUHk$_$14,18
valid,E8MuzHUhUHk$_$16,30
valid,E8MuzHUhUHk$_$2,26
valid,E8MuzHUhUHk$_$9,25
valid,EEjCkc82oyk$_$7,22
valid,EEjCkc82oyk$_$9,21
valid,EQxkXiWAm08$_$8,13
valid,ET1cU5_A2YM$_$1,24
valid,ET1cU5_A2YM$_$3,13
valid,ET1cU5_A2YM$_$6,20
valid,EmmuWoCUgXs$_$22,15
valid,EmmuWoCUgXs$_$7,34
valid,Es9MkKsMsjU$_$10,19
valid,Es9MkKsMsjU$_$12,36
valid,Es9MkKsMsjU$_$2,43
valid,Es9MkKsMsjU$_$7,36
valid,Ezn3p5FWF_U$_$4,45
valid,F1U26PLiXjM$_$1,21
valid,F6JV-K840EY$_$2,20
valid,FB_b1dm0SRY$_$10,26
valid,FB_b1dm0SRY$_$0,26
valid,FB_b1dm0SRY$_$6,13
valid,FB_b1dm0SRY$_$9,28
valid,FB_b1dm0SRY$_$8,20
valid,FxxJB8hBpyQ$_$1,21
valid,Fy0Uid9afM8$_$0,18
valid,Fy0Uid9afM8$_$3,19
valid,Fy0Uid9afM8$_$5,21
valid,Fy0Uid9afM8$_$4,9
valid,H1DpVwktfDQ$_$0,13
valid,HGicRLwgtkM$_$1,35
valid,HGicRLwgtkM$_$3,26
valid,HGicRLwgtkM$_$2,23
valid,HGicRLwgtkM$_$6,21
valid,HmXXW45eZL4$_$1,46
valid,HmXXW45eZL4$_$4,18
valid,IM6HW1HwHhM$_$11,25
valid,IM6HW1HwHhM$_$15,19
valid,IM6HW1HwHhM$_$17,25
valid,IUmxJNs2zaY$_$3,32
valid,IUmxJNs2zaY$_$2,19
valid,JAnRCQ9A0vI$_$1,48
valid,JAnRCQ9A0vI$_$0,10
valid,JAnRCQ9A0vI$_$3,45
valid,JAnRCQ9A0vI$_$2,48
valid,JAnRCQ9A0vI$_$5,25
valid,JAnRCQ9A0vI$_$4,14
valid,JAnRCQ9A0vI$_$8,48
valid,JOK1SSmPtFw$_$10,17
valid,JOK1SSmPtFw$_$13,18
valid,JOK1SSmPtFw$_$14,15
valid,JOK1SSmPtFw$_$16,15
valid,JOK1SSmPtFw$_$0,48
valid,JOK1SSmPtFw$_$5,26
valid,JOK1SSmPtFw$_$4,12
valid,JOK1SSmPtFw$_$8,14
valid,JPT38CA3sGI$_$1,18
valid,JPT38CA3sGI$_$0,16
valid,JPT38CA3sGI$_$5,16
valid,JVpF99zuQhA$_$0,22
valid,JVpF99zuQhA$_$2,27
valid,JVpF99zuQhA$_$4,15
valid,K0m1tO3Ybyc$_$15,14
valid,K0m1tO3Ybyc$_$8,32
valid,K8gp7ncdUl8$_$5,35
valid,KDjl2exStlI$_$10,15
valid,KDjl2exStlI$_$13,14
valid,KDjl2exStlI$_$5,16
valid,KDjl2exStlI$_$4,23
valid,KkKWFZZmmCM$_$1,28
valid,KpMCvUyQCXg$_$1,24
valid,KpMCvUyQCXg$_$3,13
valid,KpMCvUyQCXg$_$5,20
valid,L1eFHRQGFeg$_$2,42
valid,MCsvw5-7lVE$_$1,38
valid,MCsvw5-7lVE$_$2,23
valid,MCsvw5-7lVE$_$4,14
valid,MMpo2bDk-DU$_$10,18
valid,MMpo2bDk-DU$_$17,32
valid,MMpo2bDk-DU$_$16,20
valid,MMpo2bDk-DU$_$19,25
valid,MjaaudUc5-4$_$1,17
valid,MjaaudUc5-4$_$0,6
valid,MjaaudUc5-4$_$3,16
valid,MjaaudUc5-4$_$6,10
valid,MoQmPA7Q07Q$_$1,26
valid,MoQmPA7Q07Q$_$2,30
valid,N1X63d_jgmw$_$5,44
valid,N5xfBtD6rLY$_$7,9
valid,NoZsdSGnNpI$_$7,38
valid,Nrurc5sMUOE$_$5,47
valid,Nrurc5sMUOE$_$7,15
valid,Nrurc5sMUOE$_$8,37
valid,NzvNW7vP-Co$_$5,47
valid,NzvNW7vP-Co$_$4,16
valid,NzvNW7vP-Co$_$7,38
valid,OLP0nCKwU6k$_$6,47
valid,OrYBtyO0aPI$_$1,17
valid,OrYBtyO0aPI$_$4,6
valid,PboaYD5hlG8$_$10,18
valid,PboaYD5hlG8$_$3,17
valid,PboaYD5hlG8$_$2,16
valid,PboaYD5hlG8$_$7,35
valid,PboaYD5hlG8$_$9,32
valid,PboaYD5hlG8$_$8,33
valid,Pt-D0LUHDSc$_$2,25
valid,PwapK9d8IGk$_$4,45
valid,PyQrAYl1bFs$_$0,9
valid,PyQrAYl1bFs$_$3,14
valid,PyQrAYl1bFs$_$4,19
valid,Q4WzApjaCNI$_$0,13
valid,Q7S0tX4FUNA$_$4,18
valid,Q7S0tX4FUNA$_$7,10
valid,Q7S0tX4FUNA$_$8,15
valid,Qa6Yz62V-Yc$_$0,32
valid,QjcQx8_PQfw$_$10,24
valid,QjcQx8_PQfw$_$7,22
valid,QpchvHpGFc8$_$3,23
valid,RArhIHk4Qs4$_$13,12
valid,RArhIHk4Qs4$_$17,6
valid,RArhIHk4Qs4$_$16,20
valid,RArhIHk4Qs4$_$19,10
valid,RArhIHk4Qs4$_$1,36
valid,RArhIHk4Qs4$_$2,30
valid,RArhIHk4Qs4$_$7,14
valid,RArhIHk4Qs4$_$6,26
valid,RArhIHk4Qs4$_$8,8
valid,RArhIHk4Qs4$_$21,7
valid,ROcTx5VEn7o$_$11,35
valid,ROcTx5VEn7o$_$1,12
valid,ROcTx5VEn7o$_$5,24
valid,ROcTx5VEn7o$_$9,15
valid,RrGpzInAwCg$_$0,17
valid,RzOFxDk26p0$_$1,46
valid,RzOFxDk26p0$_$0,24
valid,SHa756SwGJQ$_$0,16
valid,SHa756SwGJQ$_$2,30
valid,SHa756SwGJQ$_$4,15
valid,SHa756SwGJQ$_$7,16
valid,SHa756SwGJQ$_$6,13
valid,TH32jop4FiI$_$15,22
valid,TH32jop4FiI$_$17,29
valid,TWszOxkOV0w$_$1,38
valid,TXCXFYIc3Yo$_$16,26
valid,TXCXFYIc3Yo$_$2,20
valid,TXCXFYIc3Yo$_$7,41
valid,TXCXFYIc3Yo$_$6,21
valid,TYJzg5IJN8o$_$11,48
valid,TYJzg5IJN8o$_$10,28
valid,TYJzg5IJN8o$_$14,29
valid,TYJzg5IJN8o$_$0,30
valid,TYJzg5IJN8o$_$4,33
valid,TYJzg5IJN8o$_$7,24
valid,Uc_6d-fkZEc$_$3,15
valid,UlTJmndbGHM$_$1,16
valid,UlTJmndbGHM$_$4,19
valid,VbV9S4svrTg$_$13,8
valid,VbV9S4svrTg$_$3,15
valid,VbV9S4svrTg$_$7,8
valid,VbV9S4svrTg$_$8,13
valid,VinxKpWioTo$_$1,48
valid,VinxKpWioTo$_$0,10
valid,VinxKpWioTo$_$3,28
valid,VinxKpWioTo$_$5,20
valid,ViyQVpGW05w$_$1,17
valid,ViyQVpGW05w$_$4,13
valid,ViyQVpGW05w$_$6,25
valid,Vuay0mVKkik$_$3,26
valid,WmQF5RmbsVQ$_$6,48
valid,Wrcf2xtqbkQ$_$9,28
valid,Wrcf2xtqbkQ$_$8,18
valid,WxajvjGKz7Y$_$0,11
valid,WxajvjGKz7Y$_$3,22
valid,WxajvjGKz7Y$_$6,32
valid,XIGpuL-Kkyk$_$12,28
valid,XIGpuL-Kkyk$_$0,13
valid,XIGpuL-Kkyk$_$4,21
valid,XIGpuL-Kkyk$_$7,7
valid,XaVYxIW0FDg$_$2,34
valid,XyP8bVmGX6M$_$4,18
valid,XzVapdEr_GY$_$3,33
valid,XzVapdEr_GY$_$4,37
valid,Y7h-S3cJ52o$_$0,11
valid,Y7qkyMyanjU$_$2,11
valid,Y7qkyMyanjU$_$4,13
valid,YbuG8xyUO-o$_$3,13
valid,YbuG8xyUO-o$_$2,15
valid,Z7L3V5bwzI0$_$2,27
valid,ZaoFHcbRM9g$_$3,29
valid,ZaoFHcbRM9g$_$2,9
valid,ZaoFHcbRM9g$_$5,14
valid,ZaoFHcbRM9g$_$9,6
valid,ZaoFHcbRM9g$_$8,8
valid,Zvisaa77Cng$_$1,18
valid,Zvisaa77Cng$_$5,16
valid,_7HVhnSYX1Y$_$26,16
valid,_7HVhnSYX1Y$_$12,19
valid,_7HVhnSYX1Y$_$14,10
valid,_7HVhnSYX1Y$_$19,13
valid,_7HVhnSYX1Y$_$31,13
valid,_7HVhnSYX1Y$_$3,23
valid,_BvNNdEkhZA$_$14,15
valid,_BvNNdEkhZA$_$19,32
valid,_BvNNdEkhZA$_$7,23
valid,_BvNNdEkhZA$_$6,28
valid,_BvNNdEkhZA$_$9,16
valid,_aZDaIfGfPo$_$1,45
valid,_aZDaIfGfPo$_$0,21
valid,_gr7o5ynhnw$_$13,34
valid,_gr7o5ynhnw$_$12,14
valid,_gr7o5ynhnw$_$15,48
valid,_gzYkdjNvPc$_$12,9
valid,_gzYkdjNvPc$_$17,17
valid,_gzYkdjNvPc$_$1,26
valid,_gzYkdjNvPc$_$3,16
valid,_gzYkdjNvPc$_$2,6
valid,_gzYkdjNvPc$_$5,16
valid,_gzYkdjNvPc$_$4,22
valid,_gzYkdjNvPc$_$6,18
valid,_gzYkdjNvPc$_$9,15
valid,a-WihYDk6vc$_$8,32
valid,a-WihYDk6vc$_$0,15
valid,aFhc2ddipoM$_$14,32
valid,aK5tRCXjUvU$_$0,16
valid,b-FX9NOVQOM$_$1,27
valid,b-FX9NOVQOM$_$4,30
valid,b1LEcg6z66g$_$0,24
valid,b1LEcg6z66g$_$4,30
valid,b1LEcg6z66g$_$8,24
valid,bAkUEnPoucg$_$3,33
valid,bNQkb4K5DX0$_$3,26
valid,bNQkb4K5DX0$_$7,21
valid,bWunvAd96zI$_$1,18
valid,bWunvAd96zI$_$2,33
valid,bWunvAd96zI$_$5,7
valid,bWunvAd96zI$_$4,17
valid,bj9e8w4vNxo$_$12,42
valid,bpvYdXVlgvc$_$1,10
valid,bpvYdXVlgvc$_$3,21
valid,bpvYdXVlgvc$_$4,14
valid,bpvYdXVlgvc$_$6,29
valid,c1a1y9ytHH0$_$0,27
valid,c1a1y9ytHH0$_$3,29
valid,c1a1y9ytHH0$_$7,22
valid,c5cB7AfVgcE$_$12,31
valid,c5cB7AfVgcE$_$5,37
valid,d8BR6hsvzoY$_$1,24
valid,d8BR6hsvzoY$_$0,7
valid,d8BR6hsvzoY$_$2,17
valid,d8BR6hsvzoY$_$5,10
valid,d8BR6hsvzoY$_$6,9
valid,d8BR6hsvzoY$_$9,17
valid,d8BR6hsvzoY$_$8,29
valid,dBWvtPeHpWM$_$4,5
valid,dEDbm2ubVRQ$_$0,12
valid,dEDbm2ubVRQ$_$3,33
valid,dEDbm2ubVRQ$_$8,16
valid,dt641WxonBI$_$1,10
valid,dt641WxonBI$_$3,24
valid,eOiC1kb17P4$_$0,48
valid,erNDEjQeox8$_$12,46
valid,ewBrNsyY82Q$_$4,32
valid,fWOIAxzBQFY$_$12,24
valid,fWOIAxzBQFY$_$5,16
valid,fWOIAxzBQFY$_$7,19
valid,f_ZJ7L14oYQ$_$11,40
valid,f_ZJ7L14oYQ$_$27,26
valid,f_ZJ7L14oYQ$_$21,22
valid,f_ZJ7L14oYQ$_$17,21
valid,f_ZJ7L14oYQ$_$9,29
valid,f_ZJ7L14oYQ$_$8,21
valid,ffrJ91swyq0$_$1,43
valid,g8Cl74tS3oY$_$2,33
valid,g8Cl74tS3oY$_$6,41
valid,gR4gM_WXesQ$_$10,24
valid,gR4gM_WXesQ$_$26,19
valid,gR4gM_WXesQ$_$20,38
valid,gR4gM_WXesQ$_$24,12
valid,gR4gM_WXesQ$_$18,31
valid,gR4gM_WXesQ$_$3,27
valid,gR4gM_WXesQ$_$4,20
valid,gR4gM_WXesQ$_$8,23
valid,gVqs4TzqySw$_$1,44
valid,gVqs4TzqySw$_$3,25
valid,gVqs4TzqySw$_$2,27
valid,gVqs4TzqySw$_$4,8
valid,goMtnNHQ_z4$_$1,16
valid,goMtnNHQ_z4$_$2,19
valid,goMtnNHQ_z4$_$13,21
valid,goMtnNHQ_z4$_$12,19
valid,hqzF4IDaIYE$_$0,25
valid,hqzF4IDaIYE$_$3,40
valid,hqzF4IDaIYE$_$2,29
valid,hqzF4IDaIYE$_$4,13
valid,hqzF4IDaIYE$_$6,9
valid,hvfaYsv7p8E$_$0,20
valid,iUXqlrui25c$_$10,32
valid,iUXqlrui25c$_$21,20
valid,iUXqlrui25c$_$23,25
valid,icbUzboLcDQ$_$0,21
valid,ioupaiAuRr0$_$5,29
valid,ioupaiAuRr0$_$4,40
valid,jICmfLeFymA$_$16,19
valid,jPrEKz1rAno$_$11,14
valid,jPrEKz1rAno$_$7,35
valid,jPrEKz1rAno$_$6,27
valid,k5ZOshC2LP4$_$1,31
valid,kbGhEJ4W44o$_$0,39
valid,kfsO4c0Ekes$_$7,27
valid,kvUb78Rdzdc$_$3,48
valid,lO87-4Kf0cQ$_$2,14
valid,lO87-4Kf0cQ$_$5,18
valid,lWf5hHRHIDs$_$11,13
valid,lawHYX5eB20$_$1,12
valid,lawHYX5eB20$_$2,23
valid,mHGaQ_nv9UY$_$13,48
valid,mHGaQ_nv9UY$_$14,26
valid,mHGaQ_nv9UY$_$17,29
valid,mHGaQ_nv9UY$_$22,48
valid,mHGaQ_nv9UY$_$5,33
valid,mHGaQ_nv9UY$_$4,27
valid,mLW-jn67gRE$_$20,40
valid,mLW-jn67gRE$_$17,41
valid,mLW-jn67gRE$_$1,14
valid,mLW-jn67gRE$_$3,21
valid,mLW-jn67gRE$_$5,23
valid,mLW-jn67gRE$_$6,35
valid,mLW-jn67gRE$_$9,13
valid,mjpCK2Edsv8$_$0,48
valid,nUZYqTRSGDw$_$4,25
valid,nyzIL6YAonY$_$5,14
valid,nyzIL6YAonY$_$6,37
valid,ooAF6I-fmTg$_$3,19
valid,ooAF6I-fmTg$_$5,16
valid,ooAF6I-fmTg$_$7,22
valid,pOrk7fl1AYo$_$1,22
valid,pOrk7fl1AYo$_$3,26
valid,pOrk7fl1AYo$_$2,10
valid,pOrk7fl1AYo$_$4,19
valid,q9yDL81QppI$_$1,23
valid,q9yDL81QppI$_$0,24
valid,q9yDL81QppI$_$2,25
valid,qK77ZmbqmOM$_$9,21
valid,qK77ZmbqmOM$_$0,32
valid,qY1sXq-YCHs$_$8,15
valid,qmMSumMloAs$_$1,30
valid,qmMSumMloAs$_$3,15
valid,qmMSumMloAs$_$2,41
valid,r13W4H8ZhqI$_$12,20
valid,r13W4H8ZhqI$_$1,42
valid,r13W4H8ZhqI$_$5,15
valid,r13W4H8ZhqI$_$8,27
valid,r5ijC2W9ddk$_$8,33
valid,r5ijC2W9ddk$_$0,15
valid,r9tgDqXEcuc$_$4,22
valid,rf0yDSeVEUA$_$1,48
valid,rf0yDSeVEUA$_$0,26
valid,rf0yDSeVEUA$_$3,48
valid,rojyUp4FPSg$_$26,48
valid,rojyUp4FPSg$_$20,32
valid,rojyUp4FPSg$_$21,13
valid,rojyUp4FPSg$_$23,7
valid,rojyUp4FPSg$_$5,27
valid,rojyUp4FPSg$_$7,45
valid,rojyUp4FPSg$_$9,26
valid,rojyUp4FPSg$_$10,14
valid,rojyUp4FPSg$_$12,7
valid,rojyUp4FPSg$_$16,12
valid,rojyUp4FPSg$_$18,17
valid,rojyUp4FPSg$_$37,21
valid,rojyUp4FPSg$_$36,6
valid,rojyUp4FPSg$_$34,34
valid,rojyUp4FPSg$_$32,7
valid,rwNlqh0k1j4$_$15,43
valid,rwNlqh0k1j4$_$3,17
valid,rwNlqh0k1j4$_$2,22
valid,rwNlqh0k1j4$_$7,32
valid,sC16n1k66io$_$2,32
valid,sC16n1k66io$_$16,12
valid,sPremsknoLM$_$1,6
valid,ssqiwP19JhM$_$10,39
valid,ssqiwP19JhM$_$2,22
valid,szic2IB9HB4$_$5,13
valid,tQ-CIfgj-Js$_$3,48
valid,tXQpm-nKxNA$_$5,19
valid,tXQpm-nKxNA$_$7,29
valid,uacdDoBtT1k$_$0,48
valid,uacdDoBtT1k$_$6,28
valid,unNY4zIk8MM$_$1,30
valid,unNY4zIk8MM$_$3,17
valid,unNY4zIk8MM$_$5,21
valid,unNY4zIk8MM$_$8,12
valid,uooIiW6dEyg$_$1,8
valid,uooIiW6dEyg$_$5,35
valid,v2Rr-EsJda8$_$0,10
valid,v2Rr-EsJda8$_$6,12
valid,v9gjg7TDlTA$_$0,16
valid,v9gjg7TDlTA$_$4,20
valid,vHzbn_YW76s$_$3,19
valid,vU0a4F36Ksw$_$13,31
valid,vU0a4F36Ksw$_$12,22
valid,vU0a4F36Ksw$_$17,16
valid,vU0a4F36Ksw$_$0,48
valid,vU0a4F36Ksw$_$3,6
valid,vU0a4F36Ksw$_$5,28
valid,vU0a4F36Ksw$_$7,19
valid,vU0a4F36Ksw$_$20,4
valid,vbr3EA8cJTI$_$0,19
valid,vbr3EA8cJTI$_$2,25
valid,vbr3EA8cJTI$_$7,22
valid,vbr3EA8cJTI$_$6,28
valid,wF8980oGklk$_$24,22
valid,wF8980oGklk$_$25,10
valid,wF8980oGklk$_$1,7
valid,wF8980oGklk$_$0,18
valid,wF8980oGklk$_$3,17
valid,wF8980oGklk$_$2,5
valid,wF8980oGklk$_$6,24
valid,wF8980oGklk$_$17,23
valid,wosolsrH3sM$_$6,48
valid,x-zGBp7axao$_$3,48
valid,x2lOwQaAn4g$_$4,18
valid,xUgAP84vsg4$_$15,21
valid,xUgAP84vsg4$_$4,22
valid,xUgAP84vsg4$_$8,10
valid,xivYoEUQ5sk$_$5,45
valid,xivYoEUQ5sk$_$4,26
valid,xjsaS-LeZ14$_$20,19
valid,xjsaS-LeZ14$_$14,19
valid,xjsaS-LeZ14$_$6,48
valid,y8HXGm1-Ecw$_$7,23
valid,y9FyTEyGy5Y$_$1,13
valid,zhE_68GMJIk$_$8,23
valid,zhE_68GMJIk$_$5,29
valid,zjYEBwXGD8I$_$13,38
valid,zjYEBwXGD8I$_$15,20
valid,zjYEBwXGD8I$_$0,11
valid,zjYEBwXGD8I$_$2,13
valid,zjYEBwXGD8I$_$4,40
valid,zjYEBwXGD8I$_$9,26
valid,zk2jTlAtvSU$_$3,32
