sample_id,true_class,prediction,confidence,true_class_probability,correct
-UacrmKiTn4$_$7,2,2,0.7466681599617004,0.7466681599617004,True
-qDkUB0GgYY$_$5,2,2,0.5737422108650208,0.5737422108650208,True
0utROiKxejc$_$1,1,2,0.8040918707847595,0.10482005029916763,False
0utROiKxejc$_$4,1,0,0.7449635863304138,0.10261017829179764,False
0y022OlZ3W0$_$3,2,2,0.6725813746452332,0.6725813746452332,True
0y022OlZ3W0$_$5,0,0,0.7878041863441467,0.7878041863441467,True
0y022OlZ3W0$_$8,0,2,0.45925435423851013,0.1690249890089035,False
101787$_$11,1,1,0.4599827527999878,0.4599827527999878,True
101787$_$13,0,0,0.6380925178527832,0.6380925178527832,True
101787$_$1,0,0,0.4780410826206207,0.4780410826206207,True
101787$_$5,0,0,0.8553497195243835,0.8553497195243835,True
101787$_$7,2,0,0.49970516562461853,0.31550195813179016,False
101787$_$9,0,1,0.5866400599479675,0.33189520239830017,False
102408$_$2,0,1,0.6017336845397949,0.2478601485490799,False
102408$_$5,0,0,0.4686938226222992,0.4686938226222992,True
102408$_$9,0,0,0.6553129553794861,0.6553129553794861,True
102858$_$20,2,0,0.5767948627471924,0.1931988149881363,False
102858$_$21,2,0,0.6018425822257996,0.08197996765375137,False
102858$_$1,2,1,0.6008219122886658,0.20675627887248993,False
102858$_$0,2,2,0.7386788725852966,0.7386788725852966,True
102858$_$4,2,0,0.5997374653816223,0.20213937759399414,False
102858$_$6,2,0,0.4560750722885132,0.1780615597963333,False
102858$_$10,2,1,0.5105442404747009,0.31100597977638245,False
102858$_$17,2,1,0.35609209537506104,0.3416593074798584,False
102858$_$19,1,0,0.6310147643089294,0.09057088941335678,False
112433$_$10,1,1,0.6823497414588928,0.6823497414588928,True
112433$_$3,0,0,0.540183961391449,0.540183961391449,True
112433$_$7,0,0,0.7295584678649902,0.7295584678649902,True
112433$_$6,0,0,0.864088237285614,0.864088237285614,True
117tQqLjza4$_$6,2,2,0.7358928322792053,0.7358928322792053,True
11j7EfglCAs$_$2,2,1,0.42842331528663635,0.22855305671691895,False
121128$_$10,2,0,0.5689471364021301,0.22845762968063354,False
121128$_$1,1,1,0.44697701930999756,0.44697701930999756,True
121128$_$0,1,1,0.5302788615226746,0.5302788615226746,True
121128$_$5,2,0,0.5225589871406555,0.17865361273288727,False
125344$_$0,2,0,0.4621875286102295,0.3694891929626465,False
125676$_$0,0,2,0.41444912552833557,0.17234915494918823,False
125676$_$4,2,2,0.7018263936042786,0.7018263936042786,True
128059$_$11,0,0,0.8573377728462219,0.8573377728462219,True
128059$_$12,2,0,0.509376049041748,0.1329094022512436,False
128059$_$2,0,0,0.8298000693321228,0.8298000693321228,True
128059$_$7,1,0,0.39647746086120605,0.3491433560848236,False
128059$_$6,2,0,0.5145592093467712,0.2806565463542938,False
128059$_$9,2,0,0.8558661341667175,0.04885051026940346,False
128763$_$12,0,0,0.5063843131065369,0.5063843131065369,True
128763$_$3,0,0,0.8589110374450684,0.8589110374450684,True
128763$_$2,1,0,0.5147188305854797,0.4163103997707367,False
128763$_$5,1,1,0.6088634133338928,0.6088634133338928,True
128763$_$7,0,0,0.9070586562156677,0.9070586562156677,True
128763$_$8,1,0,0.7172658443450928,0.23334260284900665,False
130456$_$11,2,0,0.6866326332092285,0.16307459771633148,False
130456$_$3,2,0,0.4226168394088745,0.3806300461292267,False
130456$_$5,0,1,0.5810468196868896,0.12180600315332413,False
130456$_$4,1,1,0.7497283816337585,0.7497283816337585,True
130456$_$7,0,1,0.46901920437812805,0.43574532866477966,False
130456$_$6,2,0,0.6225914359092712,0.06115058436989784,False
188343$_$13,2,0,0.9181516766548157,0.026837071403861046,False
188343$_$12,0,0,0.9042475819587708,0.9042475819587708,True
188343$_$5,1,0,0.7253434062004089,0.234754279255867,False
188343$_$9,2,0,0.7782990336418152,0.10543549060821533,False
188343$_$8,0,0,0.8266242146492004,0.8266242146492004,True
1HK7Nea0PFo$_$1,1,0,0.5402184128761292,0.12978745996952057,False
216097$_$1,0,0,0.7503024935722351,0.7503024935722351,True
216097$_$2,1,0,0.48379698395729065,0.4021272361278534,False
216097$_$5,0,0,0.37880828976631165,0.37880828976631165,True
216097$_$4,1,0,0.3727782070636749,0.2927078604698181,False
216097$_$7,0,2,0.6916677355766296,0.15039242804050446,False
216097$_$8,0,0,0.5138106942176819,0.5138106942176819,True
223431$_$11,0,0,0.7871384620666504,0.7871384620666504,True
223431$_$10,0,1,0.42099401354789734,0.38771018385887146,False
223431$_$13,0,0,0.5459135174751282,0.5459135174751282,True
223431$_$0,2,2,0.5010761618614197,0.5010761618614197,True
223431$_$5,1,1,0.5051319003105164,0.5051319003105164,True
225770$_$3,0,1,0.3903580904006958,0.2719387710094452,False
225770$_$5,0,1,0.7294309735298157,0.10923221707344055,False
225770$_$4,1,1,0.6071690917015076,0.6071690917015076,True
225770$_$6,1,1,0.49467775225639343,0.49467775225639343,True
236021$_$12,2,2,0.4679514467716217,0.4679514467716217,True
236021$_$1,2,1,0.4343019425868988,0.3859182894229889,False
236021$_$3,1,0,0.7501402497291565,0.10712870210409164,False
236021$_$2,1,2,0.5209371447563171,0.1978309005498886,False
236021$_$5,0,0,0.7208690643310547,0.7208690643310547,True
236021$_$4,2,2,0.5459880232810974,0.5459880232810974,True
237009$_$11,0,0,0.5823073387145996,0.5823073387145996,True
237009$_$12,0,0,0.9054797291755676,0.9054797291755676,True
237009$_$4,2,2,0.5188727378845215,0.5188727378845215,True
237009$_$7,0,0,0.8707554936408997,0.8707554936408997,True
237009$_$9,1,0,0.7831174731254578,0.16424787044525146,False
241629$_$10,0,0,0.7751366496086121,0.7751366496086121,True
241629$_$0,2,2,0.7180704474449158,0.7180704474449158,True
241629$_$3,2,0,0.6827818751335144,0.11953356862068176,False
241629$_$5,0,2,0.38944220542907715,0.35024920105934143,False
241629$_$8,0,0,0.898860514163971,0.898860514163971,True
243646$_$11,0,0,0.8854679465293884,0.8854679465293884,True
243646$_$12,0,0,0.8344602584838867,0.8344602584838867,True
243646$_$9,1,1,0.7676703333854675,0.7676703333854675,True
243646$_$8,1,0,0.44883617758750916,0.44249463081359863,False
247318$_$12,0,0,0.9131665825843811,0.9131665825843811,True
247318$_$1,1,1,0.5026804208755493,0.5026804208755493,True
247318$_$3,0,1,0.5850667357444763,0.35405540466308594,False
247318$_$2,0,1,0.4122144281864166,0.3777601718902588,False
247318$_$5,0,0,0.7999179363250732,0.7999179363250732,True
247318$_$7,0,0,0.9228410720825195,0.9228410720825195,True
247318$_$6,0,1,0.5095326900482178,0.24169476330280304,False
252998$_$1,1,1,0.4848480224609375,0.4848480224609375,True
252998$_$0,1,1,0.44082990288734436,0.44082990288734436,True
252998$_$5,0,0,0.8057146072387695,0.8057146072387695,True
252998$_$4,0,0,0.6797787547111511,0.6797787547111511,True
252998$_$7,2,0,0.6543174386024475,0.14620299637317657,False
252998$_$8,0,1,0.629966676235199,0.12381189316511154,False
257247$_$10,0,0,0.765963077545166,0.765963077545166,True
257247$_$12,0,0,0.8776219487190247,0.8776219487190247,True
257247$_$2,1,1,0.5464993119239807,0.5464993119239807,True
258654$_$1,0,0,0.7275474071502686,0.7275474071502686,True
258654$_$3,0,0,0.775965690612793,0.775965690612793,True
258654$_$4,1,2,0.651245653629303,0.2999063730239868,False
266791$_$24,0,0,0.7624132633209229,0.7624132633209229,True
266791$_$20,2,0,0.4120897948741913,0.17653250694274902,False
266791$_$21,0,0,0.8652850985527039,0.8652850985527039,True
266791$_$23,0,0,0.40882909297943115,0.40882909297943115,True
266791$_$29,0,1,0.6008488535881042,0.1621524840593338,False
266791$_$3,2,0,0.5778934955596924,0.18751494586467743,False
266791$_$5,0,0,0.6840866208076477,0.6840866208076477,True
266791$_$4,0,0,0.4430186450481415,0.4430186450481415,True
266791$_$6,1,1,0.5560041069984436,0.5560041069984436,True
266791$_$8,0,0,0.5775251984596252,0.5775251984596252,True
266791$_$11,2,0,0.5826901793479919,0.23320935666561127,False
266791$_$14,0,0,0.7159059643745422,0.7159059643745422,True
270254$_$23,0,0,0.7169065475463867,0.7169065475463867,True
270254$_$0,1,2,0.5702533721923828,0.19592487812042236,False
270254$_$6,2,2,0.44200029969215393,0.44200029969215393,True
270254$_$8,0,0,0.7416083216667175,0.7416083216667175,True
270254$_$11,1,2,0.5544405579566956,0.3510376214981079,False
270254$_$14,0,2,0.38594985008239746,0.31474804878234863,False
270254$_$16,0,0,0.5710723996162415,0.5710723996162415,True
272624$_$10,0,0,0.5955941677093506,0.5955941677093506,True
272624$_$13,2,0,0.592473566532135,0.24974501132965088,False
272624$_$12,0,0,0.4749014675617218,0.4749014675617218,True
272624$_$16,1,0,0.7118194103240967,0.1644333004951477,False
272624$_$18,2,1,0.4932197630405426,0.21522647142410278,False
272624$_$2,1,1,0.6446564197540283,0.6446564197540283,True
272624$_$6,0,0,0.7037655711174011,0.7037655711174011,True
272624$_$9,0,0,0.4609798192977905,0.4609798192977905,True
272624$_$8,0,0,0.7997506260871887,0.7997506260871887,True
273539$_$3,0,0,0.5941786766052246,0.5941786766052246,True
273539$_$2,1,1,0.4375605881214142,0.4375605881214142,True
273539$_$9,0,0,0.8133504390716553,0.8133504390716553,True
290546$_$3,1,0,0.592118501663208,0.12778280675411224,False
290546$_$5,0,0,0.7360737323760986,0.7360737323760986,True
290546$_$7,0,0,0.6333943009376526,0.6333943009376526,True
290546$_$6,1,2,0.46509137749671936,0.408488392829895,False
2S00zYaVrtc$_$10,0,0,0.4446357190608978,0.4446357190608978,True
2S00zYaVrtc$_$12,2,2,0.7164919376373291,0.7164919376373291,True
2S00zYaVrtc$_$20,2,2,0.7825352549552917,0.7825352549552917,True
2S00zYaVrtc$_$17,0,2,0.5069029927253723,0.12076699733734131,False
2S00zYaVrtc$_$5,2,2,0.6543541550636292,0.6543541550636292,True
2S00zYaVrtc$_$4,2,2,0.6299070715904236,0.6299070715904236,True
2Xt31_d0XEE$_$2,2,2,0.889231264591217,0.889231264591217,True
31474$_$11,0,0,0.35158205032348633,0.35158205032348633,True
31474$_$14,1,0,0.8542582392692566,0.09710594266653061,False
31474$_$0,2,2,0.561748743057251,0.561748743057251,True
31474$_$3,1,1,0.39318859577178955,0.39318859577178955,True
31474$_$6,0,0,0.8434644341468811,0.8434644341468811,True
31474$_$9,0,0,0.7901884913444519,0.7901884913444519,True
31474$_$8,1,0,0.7100160717964172,0.2548109292984009,False
32681$_$1,1,0,0.7390734553337097,0.17079128324985504,False
32681$_$3,0,0,0.4742490351200104,0.4742490351200104,True
32681$_$5,2,0,0.8486183285713196,0.07343505322933197,False
32681$_$6,0,0,0.6506384015083313,0.6506384015083313,True
33170$_$1,2,0,0.4908200204372406,0.09015835076570511,False
33170$_$3,0,0,0.7864413261413574,0.7864413261413574,True
33170$_$4,0,0,0.6234362721443176,0.6234362721443176,True
3MFNIag0wNE$_$12,0,0,0.5365651845932007,0.5365651845932007,True
3MFNIag0wNE$_$14,0,0,0.869513988494873,0.869513988494873,True
3MFNIag0wNE$_$16,0,2,0.4415419101715088,0.2871544659137726,False
3MFNIag0wNE$_$7,0,0,0.7345125079154968,0.7345125079154968,True
3V2qm0rw920$_$11,2,2,0.6171281933784485,0.6171281933784485,True
3V2qm0rw920$_$13,2,2,0.9005604386329651,0.9005604386329651,True
3V2qm0rw920$_$3,2,2,0.679551362991333,0.679551362991333,True
3j94B0pzSVs$_$12,2,2,0.7641521096229553,0.7641521096229553,True
3j94B0pzSVs$_$17,0,0,0.5592912435531616,0.5592912435531616,True
3j94B0pzSVs$_$1,1,1,0.3653682768344879,0.3653682768344879,True
3j94B0pzSVs$_$0,1,2,0.4915045201778412,0.4326614439487457,False
4cFeG2ydm9A$_$8,2,2,0.9018041491508484,0.9018041491508484,True
4dV3slGSc60$_$10,2,2,0.7627207636833191,0.7627207636833191,True
4dV3slGSc60$_$12,2,2,0.8516795039176941,0.8516795039176941,True
4dV3slGSc60$_$22,2,2,0.6843140721321106,0.6843140721321106,True
4dV3slGSc60$_$9,2,2,0.5471116304397583,0.5471116304397583,True
4dV3slGSc60$_$8,2,0,0.4764290153980255,0.43890801072120667,False
50103$_$3,0,0,0.9167559742927551,0.9167559742927551,True
5B0PQx3Ep3k$_$5,2,2,0.8166367411613464,0.8166367411613464,True
5O1W39o56gg$_$1,1,2,0.6816962361335754,0.2684269845485687,False
5O1W39o56gg$_$2,2,1,0.47747576236724854,0.32074984908103943,False
5O1W39o56gg$_$9,2,1,0.44479799270629883,0.43951019644737244,False
5i6AgQSjXO4$_$3,2,2,0.7830399870872498,0.7830399870872498,True
5i6AgQSjXO4$_$2,1,2,0.6540839076042175,0.24951718747615814,False
5i6AgQSjXO4$_$6,1,1,0.5723384022712708,0.5723384022712708,True
5kaCGzjYukM$_$0,0,0,0.5640512108802795,0.5640512108802795,True
5kaCGzjYukM$_$3,0,0,0.7992634177207947,0.7992634177207947,True
5kaCGzjYukM$_$2,0,0,0.7495906352996826,0.7495906352996826,True
5kaCGzjYukM$_$5,0,0,0.6837503910064697,0.6837503910064697,True
5kaCGzjYukM$_$7,0,0,0.7278450131416321,0.7278450131416321,True
6KvG5VbLalY$_$9,1,2,0.5346331000328064,0.2159556746482849,False
6ZA8I83x-oY$_$0,1,2,0.5542096495628357,0.3924127519130707,False
6ZA8I83x-oY$_$2,2,2,0.7126272320747375,0.7126272320747375,True
6hFiTU77Sm0$_$1,1,2,0.45164644718170166,0.39337071776390076,False
6hFiTU77Sm0$_$2,1,2,0.5290481448173523,0.27803972363471985,False
6uPGcKTpC4I$_$1,1,2,0.5680930018424988,0.1810155063867569,False
6uPGcKTpC4I$_$2,1,2,0.44997939467430115,0.19533737003803253,False
6uPGcKTpC4I$_$6,2,2,0.6392545104026794,0.6392545104026794,True
70280$_$11,0,0,0.46760591864585876,0.46760591864585876,True
70280$_$3,0,0,0.669935405254364,0.669935405254364,True
70280$_$4,1,0,0.4348984956741333,0.3018611967563629,False
70280$_$6,0,0,0.5784685611724854,0.5784685611724854,True
75RGHaxmUK8$_$3,2,2,0.7729632258415222,0.7729632258415222,True
75RGHaxmUK8$_$5,2,1,0.7138900756835938,0.23609144985675812,False
7_K3F-lAv1k$_$2,1,2,0.5997558236122131,0.18225650489330292,False
7r4vRxKLFCA$_$6,0,2,0.7942593693733215,0.08122291415929794,False
80566$_$1,1,2,0.5036295652389526,0.25889530777931213,False
80566$_$0,1,1,0.5625941157341003,0.5625941157341003,True
80566$_$3,2,1,0.37577715516090393,0.3349834382534027,False
80566$_$2,2,2,0.7647139430046082,0.7647139430046082,True
80566$_$4,2,2,0.5250681042671204,0.5250681042671204,True
80566$_$6,1,0,0.7457189559936523,0.13174505531787872,False
80855$_$11,1,1,0.6290974617004395,0.6290974617004395,True
80855$_$10,2,1,0.6769208908081055,0.14535772800445557,False
80855$_$12,1,1,0.47850993275642395,0.47850993275642395,True
80855$_$15,2,2,0.6368198990821838,0.6368198990821838,True
80855$_$17,1,0,0.8127391934394836,0.14091461896896362,False
80855$_$0,1,1,0.6459911465644836,0.6459911465644836,True
80855$_$3,1,1,0.6219750642776489,0.6219750642776489,True
80855$_$2,2,2,0.5253176093101501,0.5253176093101501,True
80855$_$7,1,0,0.6295475363731384,0.19000576436519623,False
80855$_$20,2,1,0.4971756637096405,0.24455422163009644,False
830KzUc6CbU$_$0,1,1,0.6741825938224792,0.6741825938224792,True
830KzUc6CbU$_$13,2,0,0.7001485824584961,0.0749364048242569,False
84140$_$0,2,0,0.4505048990249634,0.3729974329471588,False
84140$_$5,0,0,0.6808247566223145,0.6808247566223145,True
89835$_$1,2,2,0.6876437067985535,0.6876437067985535,True
89835$_$0,1,1,0.44826868176460266,0.44826868176460266,True
89835$_$4,0,0,0.730313777923584,0.730313777923584,True
89835$_$7,0,0,0.8548772931098938,0.8548772931098938,True
8eaYvALnJ0o$_$1,2,2,0.5881805419921875,0.5881805419921875,True
8eaYvALnJ0o$_$0,2,2,0.7988631129264832,0.7988631129264832,True
8x_nCOh6Wmc$_$6,2,2,0.6105405688285828,0.6105405688285828,True
96642$_$1,1,0,0.4330747127532959,0.3913370370864868,False
96642$_$3,2,2,0.4472300112247467,0.4472300112247467,True
96642$_$2,1,2,0.4626995027065277,0.3803848922252655,False
96642$_$4,0,0,0.8343212008476257,0.8343212008476257,True
99501$_$10,0,0,0.4696763753890991,0.4696763753890991,True
99501$_$13,0,0,0.858776867389679,0.858776867389679,True
99501$_$1,1,1,0.506121814250946,0.506121814250946,True
99501$_$0,2,1,0.767508327960968,0.1906711310148239,False
99501$_$5,0,0,0.515880286693573,0.515880286693573,True
99501$_$7,0,0,0.5914934277534485,0.5914934277534485,True
9QI-9w_VdB4$_$0,2,2,0.7113056182861328,0.7113056182861328,True
AG5EY8ZaFj4$_$3,2,2,0.5603725910186768,0.5603725910186768,True
AG5EY8ZaFj4$_$15,2,2,0.5496867299079895,0.5496867299079895,True
Arh2TKRi_mg$_$15,2,2,0.7312368750572205,0.7312368750572205,True
Arh2TKRi_mg$_$14,2,2,0.7382760047912598,0.7382760047912598,True
Arh2TKRi_mg$_$16,2,2,0.6969569325447083,0.6969569325447083,True
Arh2TKRi_mg$_$19,2,2,0.4828437268733978,0.4828437268733978,True
Arh2TKRi_mg$_$32,2,2,0.8998975157737732,0.8998975157737732,True
Arh2TKRi_mg$_$28,0,0,0.43366870284080505,0.43366870284080505,True
Arh2TKRi_mg$_$3,2,2,0.5643966794013977,0.5643966794013977,True
AxNy9TeTLq8$_$0,2,2,0.8029568195343018,0.8029568195343018,True
BSKAHXFYF_I$_$1,2,1,0.46899139881134033,0.3858579695224762,False
BSKAHXFYF_I$_$3,2,1,0.4504760205745697,0.44318464398384094,False
BSKAHXFYF_I$_$7,2,1,0.5242874026298523,0.406520277261734,False
BSKAHXFYF_I$_$8,2,1,0.4602833092212677,0.4469620883464813,False
Baz0VVQ-E9E$_$10,0,2,0.3821525275707245,0.33474960923194885,False
Baz0VVQ-E9E$_$1,1,2,0.4900952875614166,0.33153393864631653,False
Baz0VVQ-E9E$_$5,0,0,0.7144999504089355,0.7144999504089355,True
Baz0VVQ-E9E$_$7,2,2,0.7483300566673279,0.7483300566673279,True
CJGuudyvA0Y$_$4,0,2,0.5168477892875671,0.21666128933429718,False
CPjbogfLHR4$_$2,1,0,0.5393845438957214,0.23811431229114532,False
CPjbogfLHR4$_$5,2,2,0.5802896618843079,0.5802896618843079,True
DdUJojoFU_c$_$11,2,2,0.7084311842918396,0.7084311842918396,True
DdUJojoFU_c$_$15,2,2,0.7032732963562012,0.7032732963562012,True
DdUJojoFU_c$_$14,1,2,0.7331133484840393,0.22677366435527802,False
DdUJojoFU_c$_$17,2,2,0.5633387565612793,0.5633387565612793,True
DdUJojoFU_c$_$16,2,2,0.8828103542327881,0.8828103542327881,True
DdUJojoFU_c$_$2,2,2,0.800511360168457,0.800511360168457,True
DdUJojoFU_c$_$6,2,1,0.4337631165981293,0.4002563953399658,False
DdUJojoFU_c$_$8,2,2,0.5025503039360046,0.5025503039360046,True
DlbYiwOnTyk$_$1,0,2,0.6583548784255981,0.044527556747198105,False
E8MuzHUhUHk$_$15,2,2,0.8993473649024963,0.8993473649024963,True
E8MuzHUhUHk$_$14,2,2,0.8803367614746094,0.8803367614746094,True
E8MuzHUhUHk$_$16,2,2,0.8810865879058838,0.8810865879058838,True
E8MuzHUhUHk$_$2,1,2,0.6365156173706055,0.20205079019069672,False
E8MuzHUhUHk$_$9,2,2,0.7206609845161438,0.7206609845161438,True
EEjCkc82oyk$_$7,0,0,0.581514835357666,0.581514835357666,True
EEjCkc82oyk$_$9,1,2,0.4173208475112915,0.3994115889072418,False
EQxkXiWAm08$_$8,2,1,0.5442468523979187,0.3368801772594452,False
ET1cU5_A2YM$_$1,0,0,0.7258599400520325,0.7258599400520325,True
ET1cU5_A2YM$_$3,1,0,0.4776283800601959,0.35183414816856384,False
ET1cU5_A2YM$_$6,0,0,0.7114860415458679,0.7114860415458679,True
EmmuWoCUgXs$_$22,0,2,0.70011305809021,0.1438564658164978,False
EmmuWoCUgXs$_$7,0,0,0.5450888276100159,0.5450888276100159,True
Es9MkKsMsjU$_$10,0,0,0.45606836676597595,0.45606836676597595,True
Es9MkKsMsjU$_$12,0,0,0.7049448490142822,0.7049448490142822,True
Es9MkKsMsjU$_$2,0,0,0.6085690259933472,0.6085690259933472,True
Es9MkKsMsjU$_$7,0,0,0.8481276631355286,0.8481276631355286,True
Ezn3p5FWF_U$_$4,2,2,0.8551082611083984,0.8551082611083984,True
F1U26PLiXjM$_$1,2,1,0.4412757456302643,0.3890329897403717,False
F6JV-K840EY$_$2,1,0,0.40993210673332214,0.31692150235176086,False
FB_b1dm0SRY$_$10,1,0,0.5151622295379639,0.3010725677013397,False
FB_b1dm0SRY$_$0,2,1,0.5764231085777283,0.23919884860515594,False
FB_b1dm0SRY$_$6,2,2,0.7115779519081116,0.7115779519081116,True
FB_b1dm0SRY$_$9,1,2,0.4080893099308014,0.23646865785121918,False
FB_b1dm0SRY$_$8,2,2,0.7748007774353027,0.7748007774353027,True
FxxJB8hBpyQ$_$1,0,2,0.5786715149879456,0.24052254855632782,False
Fy0Uid9afM8$_$0,0,1,0.36035189032554626,0.28526484966278076,False
Fy0Uid9afM8$_$3,0,1,0.37765800952911377,0.2599121034145355,False
Fy0Uid9afM8$_$5,0,0,0.40695109963417053,0.40695109963417053,True
Fy0Uid9afM8$_$4,0,1,0.45197415351867676,0.29166024923324585,False
H1DpVwktfDQ$_$0,2,2,0.5362946391105652,0.5362946391105652,True
HGicRLwgtkM$_$1,2,2,0.5036705136299133,0.5036705136299133,True
HGicRLwgtkM$_$3,2,2,0.5012378096580505,0.5012378096580505,True
HGicRLwgtkM$_$2,2,2,0.7049810290336609,0.7049810290336609,True
HGicRLwgtkM$_$6,2,2,0.6989548802375793,0.6989548802375793,True
HmXXW45eZL4$_$1,0,0,0.4714621305465698,0.4714621305465698,True
HmXXW45eZL4$_$4,1,0,0.9214951395988464,0.061075374484062195,False
IM6HW1HwHhM$_$11,2,0,0.6188015341758728,0.15746141970157623,False
IM6HW1HwHhM$_$15,2,2,0.7799386382102966,0.7799386382102966,True
IM6HW1HwHhM$_$17,1,2,0.6287176012992859,0.30856332182884216,False
IUmxJNs2zaY$_$3,2,2,0.5868431925773621,0.5868431925773621,True
IUmxJNs2zaY$_$2,2,1,0.5795417428016663,0.27142420411109924,False
JAnRCQ9A0vI$_$1,1,2,0.6940982937812805,0.26333045959472656,False
JAnRCQ9A0vI$_$0,1,2,0.5878767967224121,0.19924314320087433,False
JAnRCQ9A0vI$_$3,2,2,0.822448194026947,0.822448194026947,True
JAnRCQ9A0vI$_$2,2,2,0.8634772300720215,0.8634772300720215,True
JAnRCQ9A0vI$_$5,1,2,0.6054680347442627,0.3379809558391571,False
JAnRCQ9A0vI$_$4,1,1,0.48455682396888733,0.48455682396888733,True
JAnRCQ9A0vI$_$8,2,2,0.7757077813148499,0.7757077813148499,True
JOK1SSmPtFw$_$10,1,2,0.4916257858276367,0.4000072777271271,False
JOK1SSmPtFw$_$13,0,2,0.6521410346031189,0.1287543922662735,False
JOK1SSmPtFw$_$14,1,1,0.4988027513027191,0.4988027513027191,True
JOK1SSmPtFw$_$16,1,1,0.46985697746276855,0.46985697746276855,True
JOK1SSmPtFw$_$0,2,2,0.8784353137016296,0.8784353137016296,True
JOK1SSmPtFw$_$5,1,2,0.49140968918800354,0.24572688341140747,False
JOK1SSmPtFw$_$4,1,2,0.46888017654418945,0.372607558965683,False
JOK1SSmPtFw$_$8,1,1,0.4591256380081177,0.4591256380081177,True
JPT38CA3sGI$_$1,2,0,0.4924311935901642,0.39883100986480713,False
JPT38CA3sGI$_$0,2,0,0.4802391827106476,0.4103226959705353,False
JPT38CA3sGI$_$5,2,0,0.5909843444824219,0.18694454431533813,False
JVpF99zuQhA$_$0,2,2,0.5631107687950134,0.5631107687950134,True
JVpF99zuQhA$_$2,1,1,0.5037550926208496,0.5037550926208496,True
JVpF99zuQhA$_$4,1,1,0.5324546694755554,0.5324546694755554,True
K0m1tO3Ybyc$_$15,1,2,0.7567699551582336,0.17600373923778534,False
K0m1tO3Ybyc$_$8,0,2,0.5981132388114929,0.19432933628559113,False
K8gp7ncdUl8$_$5,2,2,0.4239007234573364,0.4239007234573364,True
KDjl2exStlI$_$10,1,1,0.6036764979362488,0.6036764979362488,True
KDjl2exStlI$_$13,1,1,0.6012360453605652,0.6012360453605652,True
KDjl2exStlI$_$5,2,1,0.42678794264793396,0.3888084888458252,False
KDjl2exStlI$_$4,1,1,0.5455622673034668,0.5455622673034668,True
KkKWFZZmmCM$_$1,1,2,0.6784860491752625,0.17843089997768402,False
KpMCvUyQCXg$_$1,1,2,0.5537665486335754,0.36123645305633545,False
KpMCvUyQCXg$_$3,0,2,0.4582986831665039,0.15637274086475372,False
KpMCvUyQCXg$_$5,2,2,0.7294800281524658,0.7294800281524658,True
L1eFHRQGFeg$_$2,2,0,0.5741114616394043,0.3036682903766632,False
MCsvw5-7lVE$_$1,2,2,0.7198781967163086,0.7198781967163086,True
MCsvw5-7lVE$_$2,2,2,0.8097955584526062,0.8097955584526062,True
MCsvw5-7lVE$_$4,1,2,0.6724634766578674,0.17207889258861542,False
MMpo2bDk-DU$_$10,0,2,0.5846788287162781,0.209541916847229,False
MMpo2bDk-DU$_$17,0,1,0.38202688097953796,0.32924529910087585,False
MMpo2bDk-DU$_$16,0,0,0.41707146167755127,0.41707146167755127,True
MMpo2bDk-DU$_$19,2,2,0.8242265582084656,0.8242265582084656,True
MjaaudUc5-4$_$1,1,0,0.41161251068115234,0.3255370855331421,False
MjaaudUc5-4$_$0,0,2,0.5191572308540344,0.15274539589881897,False
MjaaudUc5-4$_$3,2,2,0.8053300976753235,0.8053300976753235,True
MjaaudUc5-4$_$6,2,0,0.7076654434204102,0.151129350066185,False
MoQmPA7Q07Q$_$1,2,2,0.6584124565124512,0.6584124565124512,True
MoQmPA7Q07Q$_$2,2,2,0.8512976765632629,0.8512976765632629,True
N1X63d_jgmw$_$5,2,2,0.44399380683898926,0.44399380683898926,True
N5xfBtD6rLY$_$7,2,2,0.6539602279663086,0.6539602279663086,True
NoZsdSGnNpI$_$7,1,2,0.535737931728363,0.15544112026691437,False
Nrurc5sMUOE$_$5,0,0,0.3941360414028168,0.3941360414028168,True
Nrurc5sMUOE$_$7,1,0,0.423500657081604,0.40935635566711426,False
Nrurc5sMUOE$_$8,1,0,0.40807950496673584,0.3656074106693268,False
NzvNW7vP-Co$_$5,2,2,0.7282288670539856,0.7282288670539856,True
NzvNW7vP-Co$_$4,1,0,0.4605637490749359,0.43697085976600647,False
NzvNW7vP-Co$_$7,1,0,0.5213295817375183,0.1818845421075821,False
OLP0nCKwU6k$_$6,0,1,0.46430298686027527,0.3428685665130615,False
OrYBtyO0aPI$_$1,2,1,0.4866119921207428,0.3432243764400482,False
OrYBtyO0aPI$_$4,2,2,0.49272286891937256,0.49272286891937256,True
PboaYD5hlG8$_$10,2,2,0.6676168441772461,0.6676168441772461,True
PboaYD5hlG8$_$3,2,0,0.3946280777454376,0.3344646990299225,False
PboaYD5hlG8$_$2,0,2,0.6711134910583496,0.06927851587533951,False
PboaYD5hlG8$_$7,1,2,0.49908578395843506,0.367458701133728,False
PboaYD5hlG8$_$9,1,0,0.38094010949134827,0.2742209732532501,False
PboaYD5hlG8$_$8,0,0,0.40567079186439514,0.40567079186439514,True
Pt-D0LUHDSc$_$2,2,2,0.7839335799217224,0.7839335799217224,True
PwapK9d8IGk$_$4,1,2,0.400052547454834,0.36408793926239014,False
PyQrAYl1bFs$_$0,2,2,0.7994092106819153,0.7994092106819153,True
PyQrAYl1bFs$_$3,2,2,0.6532568335533142,0.6532568335533142,True
PyQrAYl1bFs$_$4,2,2,0.4511929750442505,0.4511929750442505,True
Q4WzApjaCNI$_$0,2,2,0.5304493308067322,0.5304493308067322,True
Q7S0tX4FUNA$_$4,2,2,0.6190823912620544,0.6190823912620544,True
Q7S0tX4FUNA$_$7,2,2,0.6188157796859741,0.6188157796859741,True
Q7S0tX4FUNA$_$8,0,2,0.6545429825782776,0.16548402607440948,False
Qa6Yz62V-Yc$_$0,2,2,0.7103877663612366,0.7103877663612366,True
QjcQx8_PQfw$_$10,2,2,0.7737787365913391,0.7737787365913391,True
QjcQx8_PQfw$_$7,0,2,0.4615717828273773,0.2783539593219757,False
QpchvHpGFc8$_$3,2,0,0.5770361423492432,0.19098787009716034,False
RArhIHk4Qs4$_$13,2,1,0.505168080329895,0.2253609448671341,False
RArhIHk4Qs4$_$17,1,0,0.663637638092041,0.1949721723794937,False
RArhIHk4Qs4$_$16,2,1,0.5119467377662659,0.318840354681015,False
RArhIHk4Qs4$_$19,2,1,0.6604806780815125,0.21504013240337372,False
RArhIHk4Qs4$_$1,1,2,0.4510396420955658,0.38258132338523865,False
RArhIHk4Qs4$_$2,2,2,0.5410519242286682,0.5410519242286682,True
RArhIHk4Qs4$_$7,2,1,0.46382030844688416,0.4445286691188812,False
RArhIHk4Qs4$_$6,2,0,0.4026254117488861,0.32956141233444214,False
RArhIHk4Qs4$_$8,1,0,0.44167473912239075,0.3608572483062744,False
RArhIHk4Qs4$_$21,1,2,0.6696054339408875,0.26956120133399963,False
ROcTx5VEn7o$_$11,1,2,0.5488889813423157,0.3175898492336273,False
ROcTx5VEn7o$_$1,2,2,0.466607004404068,0.466607004404068,True
ROcTx5VEn7o$_$5,0,1,0.5375168919563293,0.26672086119651794,False
ROcTx5VEn7o$_$9,1,2,0.4699751138687134,0.42226219177246094,False
RrGpzInAwCg$_$0,2,2,0.6809235215187073,0.6809235215187073,True
RzOFxDk26p0$_$1,2,2,0.8817513585090637,0.8817513585090637,True
RzOFxDk26p0$_$0,2,2,0.6660400032997131,0.6660400032997131,True
SHa756SwGJQ$_$0,2,1,0.4746039807796478,0.4441070854663849,False
SHa756SwGJQ$_$2,1,2,0.5435319542884827,0.25595036149024963,False
SHa756SwGJQ$_$4,0,2,0.4837910234928131,0.15574371814727783,False
SHa756SwGJQ$_$7,2,0,0.5180131793022156,0.1505245715379715,False
SHa756SwGJQ$_$6,1,1,0.45534107089042664,0.45534107089042664,True
TH32jop4FiI$_$15,2,1,0.4963076114654541,0.20178787410259247,False
TH32jop4FiI$_$17,2,2,0.6275649070739746,0.6275649070739746,True
TWszOxkOV0w$_$1,0,2,0.6323487758636475,0.1981346756219864,False
TXCXFYIc3Yo$_$16,2,2,0.48531708121299744,0.48531708121299744,True
TXCXFYIc3Yo$_$2,2,2,0.5522446036338806,0.5522446036338806,True
TXCXFYIc3Yo$_$7,2,0,0.5993910431861877,0.28185200691223145,False
TXCXFYIc3Yo$_$6,2,0,0.7005259990692139,0.0696730688214302,False
TYJzg5IJN8o$_$11,0,2,0.4899052679538727,0.20242150127887726,False
TYJzg5IJN8o$_$10,0,2,0.4675142765045166,0.11922263354063034,False
TYJzg5IJN8o$_$14,2,2,0.7662361264228821,0.7662361264228821,True
TYJzg5IJN8o$_$0,2,2,0.8554601073265076,0.8554601073265076,True
TYJzg5IJN8o$_$4,2,2,0.7729142308235168,0.7729142308235168,True
TYJzg5IJN8o$_$7,1,2,0.4851404130458832,0.2575259804725647,False
Uc_6d-fkZEc$_$3,1,2,0.8829550743103027,0.08650875836610794,False
UlTJmndbGHM$_$1,2,2,0.8527324795722961,0.8527324795722961,True
UlTJmndbGHM$_$4,0,0,0.4410170614719391,0.4410170614719391,True
VbV9S4svrTg$_$13,1,2,0.7867085337638855,0.15579821169376373,False
VbV9S4svrTg$_$3,2,2,0.44325247406959534,0.44325247406959534,True
VbV9S4svrTg$_$7,2,2,0.8426632881164551,0.8426632881164551,True
VbV9S4svrTg$_$8,2,2,0.6521966457366943,0.6521966457366943,True
VinxKpWioTo$_$1,2,2,0.8815889358520508,0.8815889358520508,True
VinxKpWioTo$_$0,1,2,0.6478260159492493,0.3300008475780487,False
VinxKpWioTo$_$3,2,2,0.7031763195991516,0.7031763195991516,True
VinxKpWioTo$_$5,2,2,0.8672571778297424,0.8672571778297424,True
ViyQVpGW05w$_$1,2,2,0.7969472408294678,0.7969472408294678,True
ViyQVpGW05w$_$4,1,2,0.5357288718223572,0.3029780387878418,False
ViyQVpGW05w$_$6,0,2,0.47633394598960876,0.12730644643306732,False
Vuay0mVKkik$_$3,0,2,0.6183504462242126,0.16287602484226227,False
WmQF5RmbsVQ$_$6,1,2,0.7155794501304626,0.19791118800640106,False
Wrcf2xtqbkQ$_$9,1,1,0.4965188503265381,0.4965188503265381,True
Wrcf2xtqbkQ$_$8,0,2,0.4432810842990875,0.24821139872074127,False
WxajvjGKz7Y$_$0,2,1,0.5063887238502502,0.44471850991249084,False
WxajvjGKz7Y$_$3,1,1,0.4305458068847656,0.4305458068847656,True
WxajvjGKz7Y$_$6,1,2,0.5553512573242188,0.2802888751029968,False
XIGpuL-Kkyk$_$12,2,2,0.45813098549842834,0.45813098549842834,True
XIGpuL-Kkyk$_$0,1,2,0.5906020998954773,0.34398889541625977,False
XIGpuL-Kkyk$_$4,2,2,0.8935953974723816,0.8935953974723816,True
XIGpuL-Kkyk$_$7,1,2,0.6631830334663391,0.26712867617607117,False
XaVYxIW0FDg$_$2,2,2,0.549782931804657,0.549782931804657,True
XyP8bVmGX6M$_$4,2,2,0.8715035319328308,0.8715035319328308,True
XzVapdEr_GY$_$3,2,2,0.7198511958122253,0.7198511958122253,True
XzVapdEr_GY$_$4,2,2,0.8819136619567871,0.8819136619567871,True
Y7h-S3cJ52o$_$0,1,1,0.5447691082954407,0.5447691082954407,True
Y7qkyMyanjU$_$2,1,1,0.5912882685661316,0.5912882685661316,True
Y7qkyMyanjU$_$4,2,2,0.6097080111503601,0.6097080111503601,True
YbuG8xyUO-o$_$3,1,1,0.5072895288467407,0.5072895288467407,True
YbuG8xyUO-o$_$2,2,2,0.581559956073761,0.581559956073761,True
Z7L3V5bwzI0$_$2,2,2,0.7548503875732422,0.7548503875732422,True
ZaoFHcbRM9g$_$3,2,0,0.5316199064254761,0.37411555647850037,False
ZaoFHcbRM9g$_$2,1,0,0.4386928975582123,0.401166170835495,False
ZaoFHcbRM9g$_$5,2,2,0.45335331559181213,0.45335331559181213,True
ZaoFHcbRM9g$_$9,0,2,0.4506702423095703,0.2762751877307892,False
ZaoFHcbRM9g$_$8,0,0,0.766900360584259,0.766900360584259,True
Zvisaa77Cng$_$1,0,2,0.5745127201080322,0.20147691667079926,False
Zvisaa77Cng$_$5,2,0,0.6090170741081238,0.28460583090782166,False
_7HVhnSYX1Y$_$26,1,2,0.748962938785553,0.2227776050567627,False
_7HVhnSYX1Y$_$12,1,2,0.7346796989440918,0.23475097119808197,False
_7HVhnSYX1Y$_$14,2,1,0.46715569496154785,0.46434804797172546,False
_7HVhnSYX1Y$_$19,2,2,0.4288947880268097,0.4288947880268097,True
_7HVhnSYX1Y$_$31,2,2,0.7768523693084717,0.7768523693084717,True
_7HVhnSYX1Y$_$3,2,2,0.5734723210334778,0.5734723210334778,True
_BvNNdEkhZA$_$14,0,2,0.5887212157249451,0.2588287889957428,False
_BvNNdEkhZA$_$19,2,2,0.5994177460670471,0.5994177460670471,True
_BvNNdEkhZA$_$7,2,2,0.6087480187416077,0.6087480187416077,True
_BvNNdEkhZA$_$6,1,2,0.5604801774024963,0.18993954360485077,False
_BvNNdEkhZA$_$9,2,2,0.5272538065910339,0.5272538065910339,True
_aZDaIfGfPo$_$1,2,2,0.5991175770759583,0.5991175770759583,True
_aZDaIfGfPo$_$0,2,2,0.8137879371643066,0.8137879371643066,True
_gr7o5ynhnw$_$13,2,2,0.7348718643188477,0.7348718643188477,True
_gr7o5ynhnw$_$12,2,2,0.6758143305778503,0.6758143305778503,True
_gr7o5ynhnw$_$15,2,2,0.8139953017234802,0.8139953017234802,True
_gzYkdjNvPc$_$12,2,2,0.4986071288585663,0.4986071288585663,True
_gzYkdjNvPc$_$17,0,0,0.7641414999961853,0.7641414999961853,True
_gzYkdjNvPc$_$1,0,2,0.46006807684898376,0.12174820154905319,False
_gzYkdjNvPc$_$3,1,1,0.5949001312255859,0.5949001312255859,True
_gzYkdjNvPc$_$2,0,0,0.47054317593574524,0.47054317593574524,True
_gzYkdjNvPc$_$5,2,1,0.5006828904151917,0.3584441840648651,False
_gzYkdjNvPc$_$4,1,2,0.48843488097190857,0.35610249638557434,False
_gzYkdjNvPc$_$6,0,0,0.45757856965065,0.45757856965065,True
_gzYkdjNvPc$_$9,2,1,0.47449585795402527,0.25612708926200867,False
a-WihYDk6vc$_$8,2,2,0.7801817059516907,0.7801817059516907,True
a-WihYDk6vc$_$0,2,2,0.7335214614868164,0.7335214614868164,True
aFhc2ddipoM$_$14,2,2,0.6726091504096985,0.6726091504096985,True
aK5tRCXjUvU$_$0,2,2,0.8659395575523376,0.8659395575523376,True
b-FX9NOVQOM$_$1,0,2,0.4124588966369629,0.2362433224916458,False
b-FX9NOVQOM$_$4,0,0,0.3902888000011444,0.3902888000011444,True
b1LEcg6z66g$_$0,0,2,0.7103886604309082,0.11096929758787155,False
b1LEcg6z66g$_$4,2,2,0.6571455001831055,0.6571455001831055,True
b1LEcg6z66g$_$8,0,2,0.4032902419567108,0.26592889428138733,False
bAkUEnPoucg$_$3,2,2,0.6921067833900452,0.6921067833900452,True
bNQkb4K5DX0$_$3,2,1,0.48403486609458923,0.25207415223121643,False
bNQkb4K5DX0$_$7,2,2,0.8479607701301575,0.8479607701301575,True
bWunvAd96zI$_$1,0,2,0.47710123658180237,0.1984795331954956,False
bWunvAd96zI$_$2,2,0,0.420625239610672,0.2498205453157425,False
bWunvAd96zI$_$5,1,1,0.35408201813697815,0.35408201813697815,True
bWunvAd96zI$_$4,1,2,0.6802363395690918,0.1776864379644394,False
bj9e8w4vNxo$_$12,1,2,0.414160817861557,0.18197576701641083,False
bpvYdXVlgvc$_$1,1,2,0.4179607331752777,0.396172434091568,False
bpvYdXVlgvc$_$3,0,0,0.35121282935142517,0.35121282935142517,True
bpvYdXVlgvc$_$4,0,0,0.7046467661857605,0.7046467661857605,True
bpvYdXVlgvc$_$6,0,0,0.6582542061805725,0.6582542061805725,True
c1a1y9ytHH0$_$0,2,2,0.4795529842376709,0.4795529842376709,True
c1a1y9ytHH0$_$3,1,1,0.49981629848480225,0.49981629848480225,True
c1a1y9ytHH0$_$7,1,2,0.6891028881072998,0.24900108575820923,False
c5cB7AfVgcE$_$12,2,2,0.5597773194313049,0.5597773194313049,True
c5cB7AfVgcE$_$5,0,0,0.37917590141296387,0.37917590141296387,True
d8BR6hsvzoY$_$1,2,2,0.39642032980918884,0.39642032980918884,True
d8BR6hsvzoY$_$0,1,1,0.4707232415676117,0.4707232415676117,True
d8BR6hsvzoY$_$2,1,1,0.46997007727622986,0.46997007727622986,True
d8BR6hsvzoY$_$5,1,2,0.4503321647644043,0.38124215602874756,False
d8BR6hsvzoY$_$6,2,1,0.5236313939094543,0.3451106548309326,False
d8BR6hsvzoY$_$9,1,2,0.47418197989463806,0.36865708231925964,False
d8BR6hsvzoY$_$8,2,0,0.4319678843021393,0.29383453726768494,False
dBWvtPeHpWM$_$4,2,2,0.6235639452934265,0.6235639452934265,True
dEDbm2ubVRQ$_$0,0,2,0.4979449212551117,0.13473446667194366,False
dEDbm2ubVRQ$_$3,2,2,0.6434628963470459,0.6434628963470459,True
dEDbm2ubVRQ$_$8,2,2,0.678584635257721,0.678584635257721,True
dt641WxonBI$_$1,2,2,0.6877759099006653,0.6877759099006653,True
dt641WxonBI$_$3,2,2,0.5160861611366272,0.5160861611366272,True
eOiC1kb17P4$_$0,2,2,0.4628628194332123,0.4628628194332123,True
erNDEjQeox8$_$12,2,2,0.47692158818244934,0.47692158818244934,True
ewBrNsyY82Q$_$4,1,2,0.552428662776947,0.34104427695274353,False
fWOIAxzBQFY$_$12,1,2,0.8190250396728516,0.14344032108783722,False
fWOIAxzBQFY$_$5,2,2,0.7603687644004822,0.7603687644004822,True
fWOIAxzBQFY$_$7,1,2,0.7125255465507507,0.24105477333068848,False
f_ZJ7L14oYQ$_$11,2,2,0.5792355537414551,0.5792355537414551,True
f_ZJ7L14oYQ$_$27,2,0,0.828541100025177,0.0830177441239357,False
f_ZJ7L14oYQ$_$21,2,0,0.7876164317131042,0.13691376149654388,False
f_ZJ7L14oYQ$_$17,0,2,0.38721323013305664,0.33139219880104065,False
f_ZJ7L14oYQ$_$9,1,0,0.4170520603656769,0.17896926403045654,False
f_ZJ7L14oYQ$_$8,2,2,0.45209524035453796,0.45209524035453796,True
ffrJ91swyq0$_$1,2,2,0.6700303554534912,0.6700303554534912,True
g8Cl74tS3oY$_$2,0,0,0.7073507308959961,0.7073507308959961,True
g8Cl74tS3oY$_$6,2,2,0.6706488728523254,0.6706488728523254,True
gR4gM_WXesQ$_$10,2,2,0.46247339248657227,0.46247339248657227,True
gR4gM_WXesQ$_$26,1,2,0.39106616377830505,0.34640607237815857,False
gR4gM_WXesQ$_$20,0,0,0.4618285000324249,0.4618285000324249,True
gR4gM_WXesQ$_$24,0,1,0.6075409054756165,0.15775229036808014,False
gR4gM_WXesQ$_$18,2,0,0.6075746417045593,0.20742268860340118,False
gR4gM_WXesQ$_$3,2,1,0.3876294195652008,0.3578323423862457,False
gR4gM_WXesQ$_$4,2,2,0.7759737968444824,0.7759737968444824,True
gR4gM_WXesQ$_$8,2,2,0.5174874067306519,0.5174874067306519,True
gVqs4TzqySw$_$1,2,2,0.5656811594963074,0.5656811594963074,True
gVqs4TzqySw$_$3,1,2,0.5271579623222351,0.36461004614830017,False
gVqs4TzqySw$_$2,1,2,0.5647116303443909,0.2480131834745407,False
gVqs4TzqySw$_$4,1,1,0.4444211423397064,0.4444211423397064,True
goMtnNHQ_z4$_$1,1,2,0.6525894999504089,0.16496355831623077,False
goMtnNHQ_z4$_$2,2,2,0.8997136950492859,0.8997136950492859,True
goMtnNHQ_z4$_$13,2,2,0.832320511341095,0.832320511341095,True
goMtnNHQ_z4$_$12,0,2,0.7529144883155823,0.0450119823217392,False
hqzF4IDaIYE$_$0,0,2,0.4657740592956543,0.3769397735595703,False
hqzF4IDaIYE$_$3,2,2,0.5683206915855408,0.5683206915855408,True
hqzF4IDaIYE$_$2,2,2,0.6542396545410156,0.6542396545410156,True
hqzF4IDaIYE$_$4,2,2,0.4490462839603424,0.4490462839603424,True
hqzF4IDaIYE$_$6,0,2,0.570609986782074,0.286676287651062,False
hvfaYsv7p8E$_$0,0,0,0.5216196179389954,0.5216196179389954,True
iUXqlrui25c$_$10,0,2,0.5722035765647888,0.13761550188064575,False
iUXqlrui25c$_$21,0,1,0.43422022461891174,0.18102853000164032,False
iUXqlrui25c$_$23,1,1,0.43719860911369324,0.43719860911369324,True
icbUzboLcDQ$_$0,0,2,0.7664243578910828,0.06709316372871399,False
ioupaiAuRr0$_$5,1,1,0.45570218563079834,0.45570218563079834,True
ioupaiAuRr0$_$4,1,0,0.338283896446228,0.33544865250587463,False
jICmfLeFymA$_$16,2,2,0.9066118597984314,0.9066118597984314,True
jPrEKz1rAno$_$11,2,2,0.5565128922462463,0.5565128922462463,True
jPrEKz1rAno$_$7,1,2,0.4604320526123047,0.31523457169532776,False
jPrEKz1rAno$_$6,2,1,0.45206621289253235,0.34499821066856384,False
k5ZOshC2LP4$_$1,0,2,0.5849053263664246,0.3120482861995697,False
kbGhEJ4W44o$_$0,2,2,0.6583523154258728,0.6583523154258728,True
kfsO4c0Ekes$_$7,2,2,0.7812827229499817,0.7812827229499817,True
kvUb78Rdzdc$_$3,2,2,0.6717179417610168,0.6717179417610168,True
lO87-4Kf0cQ$_$2,1,2,0.48409131169319153,0.3938641846179962,False
lO87-4Kf0cQ$_$5,2,2,0.4450429379940033,0.4450429379940033,True
lWf5hHRHIDs$_$11,2,2,0.7764921188354492,0.7764921188354492,True
lawHYX5eB20$_$1,0,1,0.435393363237381,0.28448957204818726,False
lawHYX5eB20$_$2,2,2,0.7007918953895569,0.7007918953895569,True
mHGaQ_nv9UY$_$13,2,1,0.4927635192871094,0.21177367866039276,False
mHGaQ_nv9UY$_$14,0,1,0.49318793416023254,0.17713786661624908,False
mHGaQ_nv9UY$_$17,1,2,0.48564401268959045,0.4248812198638916,False
mHGaQ_nv9UY$_$22,0,0,0.811420202255249,0.811420202255249,True
mHGaQ_nv9UY$_$5,1,2,0.5559320449829102,0.2348894625902176,False
mHGaQ_nv9UY$_$4,0,2,0.4714438021183014,0.15718607604503632,False
mLW-jn67gRE$_$20,2,2,0.7966363430023193,0.7966363430023193,True
mLW-jn67gRE$_$17,2,2,0.8231043815612793,0.8231043815612793,True
mLW-jn67gRE$_$1,0,0,0.3674403429031372,0.3674403429031372,True
mLW-jn67gRE$_$3,1,1,0.5832977890968323,0.5832977890968323,True
mLW-jn67gRE$_$5,1,2,0.7274625301361084,0.1709461212158203,False
mLW-jn67gRE$_$6,0,0,0.36045321822166443,0.36045321822166443,True
mLW-jn67gRE$_$9,1,2,0.4766194820404053,0.35618528723716736,False
mjpCK2Edsv8$_$0,2,2,0.7158271670341492,0.7158271670341492,True
nUZYqTRSGDw$_$4,0,2,0.6009893417358398,0.17174232006072998,False
nyzIL6YAonY$_$5,2,2,0.7039356827735901,0.7039356827735901,True
nyzIL6YAonY$_$6,2,2,0.818394124507904,0.818394124507904,True
ooAF6I-fmTg$_$3,1,0,0.7849612832069397,0.1354130208492279,False
ooAF6I-fmTg$_$5,0,1,0.4624629020690918,0.2521878778934479,False
ooAF6I-fmTg$_$7,0,0,0.6403447985649109,0.6403447985649109,True
pOrk7fl1AYo$_$1,1,1,0.39729857444763184,0.39729857444763184,True
pOrk7fl1AYo$_$3,2,2,0.6000786423683167,0.6000786423683167,True
pOrk7fl1AYo$_$2,1,0,0.4756273329257965,0.3760732114315033,False
pOrk7fl1AYo$_$4,0,1,0.454474538564682,0.21130876243114471,False
q9yDL81QppI$_$1,2,2,0.5800390839576721,0.5800390839576721,True
q9yDL81QppI$_$0,0,2,0.5616735816001892,0.06914355605840683,False
q9yDL81QppI$_$2,1,2,0.5853139758110046,0.36019614338874817,False
qK77ZmbqmOM$_$9,0,2,0.3705512285232544,0.2960224747657776,False
qK77ZmbqmOM$_$0,0,2,0.4667416512966156,0.15588407218456268,False
qY1sXq-YCHs$_$8,0,2,0.38809385895729065,0.34275826811790466,False
qmMSumMloAs$_$1,2,2,0.46675825119018555,0.46675825119018555,True
qmMSumMloAs$_$3,2,2,0.788504421710968,0.788504421710968,True
qmMSumMloAs$_$2,2,0,0.438436359167099,0.43682193756103516,False
r13W4H8ZhqI$_$12,2,2,0.6625487208366394,0.6625487208366394,True
r13W4H8ZhqI$_$1,1,2,0.43232420086860657,0.2015407681465149,False
r13W4H8ZhqI$_$5,2,2,0.4027073085308075,0.4027073085308075,True
r13W4H8ZhqI$_$8,2,2,0.5241134762763977,0.5241134762763977,True
r5ijC2W9ddk$_$8,2,2,0.7183851599693298,0.7183851599693298,True
r5ijC2W9ddk$_$0,1,1,0.5303071141242981,0.5303071141242981,True
r9tgDqXEcuc$_$4,2,2,0.46473583579063416,0.46473583579063416,True
rf0yDSeVEUA$_$1,2,2,0.8699976801872253,0.8699976801872253,True
rf0yDSeVEUA$_$0,2,2,0.9086239337921143,0.9086239337921143,True
rf0yDSeVEUA$_$3,2,2,0.787133514881134,0.787133514881134,True
rojyUp4FPSg$_$26,2,2,0.7832605242729187,0.7832605242729187,True
rojyUp4FPSg$_$20,2,2,0.47309303283691406,0.47309303283691406,True
rojyUp4FPSg$_$21,2,2,0.8557868599891663,0.8557868599891663,True
rojyUp4FPSg$_$23,2,2,0.6703401207923889,0.6703401207923889,True
rojyUp4FPSg$_$5,2,2,0.7168252468109131,0.7168252468109131,True
rojyUp4FPSg$_$7,2,2,0.7378380298614502,0.7378380298614502,True
rojyUp4FPSg$_$9,2,2,0.6098491549491882,0.6098491549491882,True
rojyUp4FPSg$_$10,2,2,0.8191927075386047,0.8191927075386047,True
rojyUp4FPSg$_$12,2,2,0.6635150909423828,0.6635150909423828,True
rojyUp4FPSg$_$16,2,0,0.5527488589286804,0.3072170615196228,False
rojyUp4FPSg$_$18,2,2,0.7729727625846863,0.7729727625846863,True
rojyUp4FPSg$_$37,2,2,0.7624318599700928,0.7624318599700928,True
rojyUp4FPSg$_$36,2,2,0.7516582608222961,0.7516582608222961,True
rojyUp4FPSg$_$34,2,2,0.737729549407959,0.737729549407959,True
rojyUp4FPSg$_$32,2,2,0.7861049175262451,0.7861049175262451,True
rwNlqh0k1j4$_$15,0,2,0.6583806276321411,0.17824406921863556,False
rwNlqh0k1j4$_$3,0,0,0.5897809863090515,0.5897809863090515,True
rwNlqh0k1j4$_$2,1,0,0.4193638265132904,0.2720619738101959,False
rwNlqh0k1j4$_$7,0,0,0.4908663034439087,0.4908663034439087,True
sC16n1k66io$_$2,2,0,0.44170284271240234,0.4378734529018402,False
sC16n1k66io$_$16,2,2,0.4551362097263336,0.4551362097263336,True
sPremsknoLM$_$1,0,1,0.5142527222633362,0.22556544840335846,False
ssqiwP19JhM$_$10,1,2,0.45441460609436035,0.31816190481185913,False
ssqiwP19JhM$_$2,2,2,0.7424928545951843,0.7424928545951843,True
szic2IB9HB4$_$5,2,0,0.3689800202846527,0.3622002601623535,False
tQ-CIfgj-Js$_$3,1,2,0.3952903747558594,0.2689080238342285,False
tXQpm-nKxNA$_$5,2,2,0.9066777229309082,0.9066777229309082,True
tXQpm-nKxNA$_$7,2,2,0.8865898251533508,0.8865898251533508,True
uacdDoBtT1k$_$0,0,0,0.6442674994468689,0.6442674994468689,True
uacdDoBtT1k$_$6,0,0,0.5253921151161194,0.5253921151161194,True
unNY4zIk8MM$_$1,2,2,0.8723654747009277,0.8723654747009277,True
unNY4zIk8MM$_$3,2,2,0.5265031456947327,0.5265031456947327,True
unNY4zIk8MM$_$5,2,2,0.8072189688682556,0.8072189688682556,True
unNY4zIk8MM$_$8,1,2,0.4551650583744049,0.3177332580089569,False
uooIiW6dEyg$_$1,0,2,0.5663672089576721,0.24528874456882477,False
uooIiW6dEyg$_$5,1,2,0.6789328455924988,0.2251640409231186,False
v2Rr-EsJda8$_$0,0,1,0.5710152983665466,0.14482001960277557,False
v2Rr-EsJda8$_$6,2,2,0.4872868061065674,0.4872868061065674,True
v9gjg7TDlTA$_$0,2,0,0.38343319296836853,0.2883853614330292,False
v9gjg7TDlTA$_$4,0,0,0.7802777886390686,0.7802777886390686,True
vHzbn_YW76s$_$3,0,0,0.49449753761291504,0.49449753761291504,True
vU0a4F36Ksw$_$13,2,2,0.8751454949378967,0.8751454949378967,True
vU0a4F36Ksw$_$12,2,2,0.8916285634040833,0.8916285634040833,True
vU0a4F36Ksw$_$17,2,2,0.5855754017829895,0.5855754017829895,True
vU0a4F36Ksw$_$0,2,2,0.8082988858222961,0.8082988858222961,True
vU0a4F36Ksw$_$3,2,2,0.7742259502410889,0.7742259502410889,True
vU0a4F36Ksw$_$5,2,2,0.7392532229423523,0.7392532229423523,True
vU0a4F36Ksw$_$7,2,2,0.4561586081981659,0.4561586081981659,True
vU0a4F36Ksw$_$20,2,1,0.45100831985473633,0.44276925921440125,False
vbr3EA8cJTI$_$0,2,2,0.9115331172943115,0.9115331172943115,True
vbr3EA8cJTI$_$2,2,2,0.7966122627258301,0.7966122627258301,True
vbr3EA8cJTI$_$7,1,2,0.6483529210090637,0.15829046070575714,False
vbr3EA8cJTI$_$6,2,2,0.9065764546394348,0.9065764546394348,True
wF8980oGklk$_$24,2,2,0.42522844672203064,0.42522844672203064,True
wF8980oGklk$_$25,2,2,0.5595358610153198,0.5595358610153198,True
wF8980oGklk$_$1,1,2,0.8350806832313538,0.09792876243591309,False
wF8980oGklk$_$0,1,2,0.6217814087867737,0.33380651473999023,False
wF8980oGklk$_$3,0,2,0.5613159537315369,0.24389435350894928,False
wF8980oGklk$_$2,0,0,0.6788617968559265,0.6788617968559265,True
wF8980oGklk$_$6,1,2,0.49039021134376526,0.2238023281097412,False
wF8980oGklk$_$17,2,2,0.6944671273231506,0.6944671273231506,True
wosolsrH3sM$_$6,2,0,0.5311154723167419,0.3552287518978119,False
x-zGBp7axao$_$3,2,2,0.5804049968719482,0.5804049968719482,True
x2lOwQaAn4g$_$4,1,2,0.8847963809967041,0.08689987659454346,False
xUgAP84vsg4$_$15,2,2,0.8551892638206482,0.8551892638206482,True
xUgAP84vsg4$_$4,2,2,0.8888121247291565,0.8888121247291565,True
xUgAP84vsg4$_$8,2,2,0.6916903853416443,0.6916903853416443,True
xivYoEUQ5sk$_$5,2,2,0.6590697169303894,0.6590697169303894,True
xivYoEUQ5sk$_$4,2,2,0.7508352398872375,0.7508352398872375,True
xjsaS-LeZ14$_$20,2,2,0.6166532039642334,0.6166532039642334,True
xjsaS-LeZ14$_$14,2,2,0.6785721182823181,0.6785721182823181,True
xjsaS-LeZ14$_$6,2,2,0.5796764492988586,0.5796764492988586,True
y8HXGm1-Ecw$_$7,0,2,0.545042097568512,0.2141450196504593,False
y9FyTEyGy5Y$_$1,2,2,0.7773208618164062,0.7773208618164062,True
zhE_68GMJIk$_$8,1,2,0.48732635378837585,0.15218989551067352,False
zhE_68GMJIk$_$5,2,0,0.5625192523002625,0.23386473953723907,False
zjYEBwXGD8I$_$13,0,2,0.4238069951534271,0.37972310185432434,False
zjYEBwXGD8I$_$15,2,1,0.4553717374801636,0.2335776835680008,False
zjYEBwXGD8I$_$0,1,2,0.7498409748077393,0.20392431318759918,False
zjYEBwXGD8I$_$2,2,2,0.5968018174171448,0.5968018174171448,True
zjYEBwXGD8I$_$4,1,1,0.47245684266090393,0.47245684266090393,True
zjYEBwXGD8I$_$9,2,2,0.6439889073371887,0.6439889073371887,True
zk2jTlAtvSU$_$3,1,2,0.4784775674343109,0.3205740749835968,False
