polarity,false_positive_rate,true_positive_rate
0,0.0,0.0
0,0.0,0.0048543689320388345
0,0.0038314176245210726,0.0048543689320388345
0,0.0038314176245210726,0.07766990291262135
0,0.005747126436781609,0.07766990291262135
0,0.005747126436781609,0.08737864077669903
0,0.009578544061302681,0.08737864077669903
0,0.009578544061302681,0.11165048543689321
0,0.011494252873563218,0.11165048543689321
0,0.011494252873563218,0.12135922330097088
0,0.013409961685823755,0.12135922330097088
0,0.013409961685823755,0.1553398058252427
0,0.01532567049808429,0.1553398058252427
0,0.01532567049808429,0.1650485436893204
0,0.019157088122605363,0.1650485436893204
0,0.019157088122605363,0.16990291262135923
0,0.0210727969348659,0.16990291262135923
0,0.0210727969348659,0.20388349514563106
0,0.022988505747126436,0.20388349514563106
0,0.022988505747126436,0.2087378640776699
0,0.02681992337164751,0.2087378640776699
0,0.02681992337164751,0.21359223300970873
0,0.028735632183908046,0.21359223300970873
0,0.028735632183908046,0.24757281553398058
0,0.03065134099616858,0.24757281553398058
0,0.03065134099616858,0.2524271844660194
0,0.032567049808429116,0.2524271844660194
0,0.032567049808429116,0.2669902912621359
0,0.034482758620689655,0.2669902912621359
0,0.034482758620689655,0.27184466019417475
0,0.038314176245210725,0.27184466019417475
0,0.038314176245210725,0.2912621359223301
0,0.044061302681992334,0.2912621359223301
0,0.044061302681992334,0.30097087378640774
0,0.04597701149425287,0.30097087378640774
0,0.04597701149425287,0.32038834951456313
0,0.04789272030651341,0.32038834951456313
0,0.04789272030651341,0.3300970873786408
0,0.04980842911877394,0.3300970873786408
0,0.04980842911877394,0.35436893203883496
0,0.05363984674329502,0.35436893203883496
0,0.05363984674329502,0.3592233009708738
0,0.05938697318007663,0.3592233009708738
0,0.05938697318007663,0.3640776699029126
0,0.06704980842911877,0.3640776699029126
0,0.06704980842911877,0.3737864077669903
0,0.07088122605363985,0.3737864077669903
0,0.07088122605363985,0.3786407766990291
0,0.07279693486590039,0.3786407766990291
0,0.07279693486590039,0.38349514563106796
0,0.07471264367816093,0.38349514563106796
0,0.07471264367816093,0.39805825242718446
0,0.07662835249042145,0.39805825242718446
0,0.07662835249042145,0.4029126213592233
0,0.08237547892720307,0.4029126213592233
0,0.08237547892720307,0.4077669902912621
0,0.0842911877394636,0.4077669902912621
0,0.0842911877394636,0.41262135922330095
0,0.08620689655172414,0.41262135922330095
0,0.08620689655172414,0.4174757281553398
0,0.08812260536398467,0.4174757281553398
0,0.08812260536398467,0.42718446601941745
0,0.09003831417624521,0.42718446601941745
0,0.09003831417624521,0.4320388349514563
0,0.09195402298850575,0.4320388349514563
0,0.09195402298850575,0.4368932038834951
0,0.09578544061302682,0.4368932038834951
0,0.09578544061302682,0.441747572815534
0,0.09770114942528736,0.441747572815534
0,0.09770114942528736,0.44660194174757284
0,0.10153256704980843,0.44660194174757284
0,0.10153256704980843,0.45145631067961167
0,0.10727969348659004,0.45145631067961167
0,0.10727969348659004,0.4563106796116505
0,0.10919540229885058,0.4563106796116505
0,0.10919540229885058,0.46116504854368934
0,0.1111111111111111,0.46116504854368934
0,0.1111111111111111,0.46601941747572817
0,0.11302681992337164,0.46601941747572817
0,0.11302681992337164,0.470873786407767
0,0.11877394636015326,0.470873786407767
0,0.11877394636015326,0.47572815533980584
0,0.12452107279693486,0.47572815533980584
0,0.12452107279693486,0.5097087378640777
0,0.12643678160919541,0.5097087378640777
0,0.12643678160919541,0.5194174757281553
0,0.13026819923371646,0.5194174757281553
0,0.13026819923371646,0.5242718446601942
0,0.13218390804597702,0.5242718446601942
0,0.13218390804597702,0.529126213592233
0,0.1360153256704981,0.529126213592233
0,0.1360153256704981,0.5388349514563107
0,0.13984674329501914,0.5388349514563107
0,0.13984674329501914,0.5436893203883495
0,0.14367816091954022,0.5436893203883495
0,0.14367816091954022,0.5485436893203883
0,0.14559386973180077,0.5485436893203883
0,0.14559386973180077,0.5533980582524272
0,0.15900383141762453,0.5533980582524272
0,0.15900383141762453,0.558252427184466
0,0.16666666666666666,0.558252427184466
0,0.16666666666666666,0.5631067961165048
0,0.1685823754789272,0.5631067961165048
0,0.1685823754789272,0.5728155339805825
0,0.1781609195402299,0.5728155339805825
0,0.1781609195402299,0.587378640776699
0,0.18199233716475097,0.587378640776699
0,0.18199233716475097,0.5970873786407767
0,0.1839080459770115,0.5970873786407767
0,0.1839080459770115,0.6116504854368932
0,0.18773946360153257,0.6116504854368932
0,0.18773946360153257,0.616504854368932
0,0.19348659003831417,0.616504854368932
0,0.19348659003831417,0.6213592233009708
0,0.19923371647509577,0.6213592233009708
0,0.19923371647509577,0.6407766990291263
0,0.2049808429118774,0.6407766990291263
0,0.2049808429118774,0.6504854368932039
0,0.21264367816091953,0.6504854368932039
0,0.21264367816091953,0.6553398058252428
0,0.21455938697318008,0.6553398058252428
0,0.21455938697318008,0.6699029126213593
0,0.22413793103448276,0.6699029126213593
0,0.22413793103448276,0.6747572815533981
0,0.22796934865900384,0.6747572815533981
0,0.22796934865900384,0.6796116504854369
0,0.24329501915708812,0.6796116504854369
0,0.24329501915708812,0.6844660194174758
0,0.2471264367816092,0.6844660194174758
0,0.2471264367816092,0.6893203883495146
0,0.2509578544061303,0.6893203883495146
0,0.2509578544061303,0.6990291262135923
0,0.2547892720306513,0.6990291262135923
0,0.2547892720306513,0.7087378640776699
0,0.2567049808429119,0.7087378640776699
0,0.2567049808429119,0.7184466019417476
0,0.26053639846743293,0.7184466019417476
0,0.26053639846743293,0.7233009708737864
0,0.27011494252873564,0.7233009708737864
0,0.27011494252873564,0.7330097087378641
0,0.28160919540229884,0.7330097087378641
0,0.28160919540229884,0.7427184466019418
0,0.29693486590038315,0.7427184466019418
0,0.29693486590038315,0.7475728155339806
0,0.3065134099616858,0.7475728155339806
0,0.3065134099616858,0.7572815533980582
0,0.3103448275862069,0.7572815533980582
0,0.3103448275862069,0.7621359223300971
0,0.31417624521072796,0.7621359223300971
0,0.31417624521072796,0.7718446601941747
0,0.3160919540229885,0.7718446601941747
0,0.3160919540229885,0.7766990291262136
0,0.31992337164750956,0.7766990291262136
0,0.31992337164750956,0.7815533980582524
0,0.3371647509578544,0.7815533980582524
0,0.3371647509578544,0.7864077669902912
0,0.34674329501915707,0.7864077669902912
0,0.34674329501915707,0.7912621359223301
0,0.3505747126436782,0.7912621359223301
0,0.3505747126436782,0.7961165048543689
0,0.3544061302681992,0.7961165048543689
0,0.3544061302681992,0.8058252427184466
0,0.36590038314176243,0.8058252427184466
0,0.36590038314176243,0.8106796116504854
0,0.36973180076628354,0.8106796116504854
0,0.36973180076628354,0.8155339805825242
0,0.37547892720306514,0.8155339805825242
0,0.37547892720306514,0.8252427184466019
0,0.3850574712643678,0.8252427184466019
0,0.3850574712643678,0.8300970873786407
0,0.421455938697318,0.8300970873786407
0,0.421455938697318,0.8349514563106796
0,0.4272030651340996,0.8349514563106796
0,0.4272030651340996,0.8398058252427184
0,0.42911877394636017,0.8398058252427184
0,0.42911877394636017,0.8446601941747572
0,0.43486590038314177,0.8446601941747572
0,0.43486590038314177,0.8495145631067961
0,0.4367816091954023,0.8495145631067961
0,0.4367816091954023,0.8543689320388349
0,0.446360153256705,0.8543689320388349
0,0.446360153256705,0.8592233009708737
0,0.45977011494252873,0.8592233009708737
0,0.45977011494252873,0.8640776699029126
0,0.4674329501915709,0.8640776699029126
0,0.4674329501915709,0.8737864077669902
0,0.47701149425287354,0.8737864077669902
0,0.47701149425287354,0.883495145631068
0,0.48084291187739464,0.883495145631068
0,0.48084291187739464,0.8980582524271845
0,0.4904214559386973,0.8980582524271845
0,0.4904214559386973,0.9029126213592233
0,0.49808429118773945,0.9029126213592233
0,0.49808429118773945,0.9077669902912622
0,0.5134099616858238,0.9077669902912622
0,0.5134099616858238,0.9174757281553398
0,0.5268199233716475,0.9174757281553398
0,0.5268199233716475,0.9223300970873787
0,0.5344827586206896,0.9223300970873787
0,0.5344827586206896,0.9271844660194175
0,0.5574712643678161,0.9271844660194175
0,0.5574712643678161,0.9368932038834952
0,0.5708812260536399,0.9368932038834952
0,0.5708812260536399,0.941747572815534
0,0.5747126436781609,0.941747572815534
0,0.5747126436781609,0.9563106796116505
0,0.578544061302682,0.9563106796116505
0,0.578544061302682,0.9611650485436893
0,0.6091954022988506,0.9611650485436893
0,0.6091954022988506,0.9660194174757282
0,0.6111111111111112,0.9660194174757282
0,0.6111111111111112,0.970873786407767
0,0.7030651340996169,0.970873786407767
0,0.7030651340996169,0.9757281553398058
0,0.7413793103448276,0.9757281553398058
0,0.7413793103448276,0.9805825242718447
0,0.7432950191570882,0.9805825242718447
0,0.7432950191570882,0.9854368932038835
0,0.7586206896551724,0.9854368932038835
0,0.7586206896551724,0.9902912621359223
0,0.8659003831417624,0.9902912621359223
0,0.8659003831417624,1.0
0,1.0,1.0
1,0.0,0.0
1,0.0,0.005434782608695652
1,0.001838235294117647,0.005434782608695652
1,0.001838235294117647,0.010869565217391304
1,0.0055147058823529415,0.010869565217391304
1,0.0055147058823529415,0.016304347826086956
1,0.007352941176470588,0.016304347826086956
1,0.007352941176470588,0.021739130434782608
1,0.009191176470588236,0.021739130434782608
1,0.009191176470588236,0.03260869565217391
1,0.011029411764705883,0.03260869565217391
1,0.011029411764705883,0.04891304347826087
1,0.012867647058823529,0.04891304347826087
1,0.012867647058823529,0.059782608695652176
1,0.014705882352941176,0.059782608695652176
1,0.014705882352941176,0.06521739130434782
1,0.01838235294117647,0.06521739130434782
1,0.01838235294117647,0.07608695652173914
1,0.022058823529411766,0.07608695652173914
1,0.022058823529411766,0.08152173913043478
1,0.027573529411764705,0.08152173913043478
1,0.027573529411764705,0.08695652173913043
1,0.029411764705882353,0.08695652173913043
1,0.029411764705882353,0.11413043478260869
1,0.03308823529411765,0.11413043478260869
1,0.03308823529411765,0.13043478260869565
1,0.04411764705882353,0.13043478260869565
1,0.04411764705882353,0.1358695652173913
1,0.04595588235294118,0.1358695652173913
1,0.04595588235294118,0.14130434782608695
1,0.04779411764705882,0.14130434782608695
1,0.04779411764705882,0.15760869565217392
1,0.04963235294117647,0.15760869565217392
1,0.04963235294117647,0.16847826086956522
1,0.051470588235294115,0.16847826086956522
1,0.051470588235294115,0.17391304347826086
1,0.05330882352941176,0.17391304347826086
1,0.05330882352941176,0.1793478260869565
1,0.06066176470588235,0.1793478260869565
1,0.06066176470588235,0.19021739130434784
1,0.0625,0.19021739130434784
1,0.0625,0.1956521739130435
1,0.06801470588235294,0.1956521739130435
1,0.06801470588235294,0.21739130434782608
1,0.08455882352941177,0.21739130434782608
1,0.08455882352941177,0.22826086956521738
1,0.08639705882352941,0.22826086956521738
1,0.08639705882352941,0.23369565217391305
1,0.08823529411764706,0.23369565217391305
1,0.08823529411764706,0.2391304347826087
1,0.0974264705882353,0.2391304347826087
1,0.0974264705882353,0.25
1,0.09926470588235294,0.25
1,0.09926470588235294,0.2608695652173913
1,0.10110294117647059,0.2608695652173913
1,0.10110294117647059,0.2826086956521739
1,0.10845588235294118,0.2826086956521739
1,0.10845588235294118,0.28804347826086957
1,0.11029411764705882,0.28804347826086957
1,0.11029411764705882,0.29347826086956524
1,0.11580882352941177,0.29347826086956524
1,0.11580882352941177,0.29891304347826086
1,0.11764705882352941,0.29891304347826086
1,0.11764705882352941,0.30434782608695654
1,0.12316176470588236,0.30434782608695654
1,0.12316176470588236,0.30978260869565216
1,0.1323529411764706,0.30978260869565216
1,0.1323529411764706,0.32065217391304346
1,0.13602941176470587,0.32065217391304346
1,0.13602941176470587,0.3423913043478261
1,0.13786764705882354,0.3423913043478261
1,0.13786764705882354,0.34782608695652173
1,0.14154411764705882,0.34782608695652173
1,0.14154411764705882,0.3532608695652174
1,0.14522058823529413,0.3532608695652174
1,0.14522058823529413,0.3804347826086957
1,0.15441176470588236,0.3804347826086957
1,0.15441176470588236,0.3858695652173913
1,0.15992647058823528,0.3858695652173913
1,0.15992647058823528,0.391304347826087
1,0.1636029411764706,0.391304347826087
1,0.1636029411764706,0.3967391304347826
1,0.17095588235294118,0.3967391304347826
1,0.17095588235294118,0.40217391304347827
1,0.17463235294117646,0.40217391304347827
1,0.17463235294117646,0.4076086956521739
1,0.18566176470588236,0.4076086956521739
1,0.18566176470588236,0.41304347826086957
1,0.1875,0.41304347826086957
1,0.1875,0.41847826086956524
1,0.19669117647058823,0.41847826086956524
1,0.19669117647058823,0.44021739130434784
1,0.19852941176470587,0.44021739130434784
1,0.19852941176470587,0.45108695652173914
1,0.20220588235294118,0.45108695652173914
1,0.20220588235294118,0.45652173913043476
1,0.20588235294117646,0.45652173913043476
1,0.20588235294117646,0.4673913043478261
1,0.20772058823529413,0.4673913043478261
1,0.20772058823529413,0.4782608695652174
1,0.2113970588235294,0.4782608695652174
1,0.2113970588235294,0.4891304347826087
1,0.21323529411764705,0.4891304347826087
1,0.21323529411764705,0.4945652173913043
1,0.21507352941176472,0.4945652173913043
1,0.21507352941176472,0.5
1,0.21691176470588236,0.5
1,0.21691176470588236,0.5054347826086957
1,0.22242647058823528,0.5054347826086957
1,0.22242647058823528,0.5108695652173914
1,0.22977941176470587,0.5108695652173914
1,0.22977941176470587,0.5217391304347826
1,0.23345588235294118,0.5217391304347826
1,0.23345588235294118,0.5271739130434783
1,0.24080882352941177,0.5271739130434783
1,0.24080882352941177,0.532608695652174
1,0.25,0.532608695652174
1,0.25,0.5380434782608695
1,0.25919117647058826,0.5380434782608695
1,0.25919117647058826,0.5434782608695652
1,0.26286764705882354,0.5434782608695652
1,0.26286764705882354,0.5597826086956522
1,0.2647058823529412,0.5597826086956522
1,0.2647058823529412,0.5652173913043478
1,0.2702205882352941,0.5652173913043478
1,0.2702205882352941,0.5706521739130435
1,0.2867647058823529,0.5706521739130435
1,0.2867647058823529,0.5760869565217391
1,0.3014705882352941,0.5760869565217391
1,0.3014705882352941,0.5869565217391305
1,0.30330882352941174,0.5869565217391305
1,0.30330882352941174,0.5978260869565217
1,0.31433823529411764,0.5978260869565217
1,0.31433823529411764,0.6032608695652174
1,0.34191176470588236,0.6032608695652174
1,0.34191176470588236,0.6086956521739131
1,0.34558823529411764,0.6086956521739131
1,0.34558823529411764,0.6141304347826086
1,0.3474264705882353,0.6141304347826086
1,0.3474264705882353,0.6195652173913043
1,0.3547794117647059,0.6195652173913043
1,0.3547794117647059,0.625
1,0.3602941176470588,0.625
1,0.3602941176470588,0.6304347826086957
1,0.3639705882352941,0.6304347826086957
1,0.3639705882352941,0.6358695652173914
1,0.36580882352941174,0.6358695652173914
1,0.36580882352941174,0.6413043478260869
1,0.36764705882352944,0.6413043478260869
1,0.36764705882352944,0.6467391304347826
1,0.375,0.6467391304347826
1,0.375,0.6521739130434783
1,0.38786764705882354,0.6521739130434783
1,0.38786764705882354,0.657608695652174
1,0.3897058823529412,0.657608695652174
1,0.3897058823529412,0.6630434782608695
1,0.3915441176470588,0.6630434782608695
1,0.3915441176470588,0.6684782608695652
1,0.39705882352941174,0.6684782608695652
1,0.39705882352941174,0.6739130434782609
1,0.40625,0.6739130434782609
1,0.40625,0.6793478260869565
1,0.40808823529411764,0.6793478260869565
1,0.40808823529411764,0.6847826086956522
1,0.4117647058823529,0.6847826086956522
1,0.4117647058823529,0.6902173913043478
1,0.41544117647058826,0.6902173913043478
1,0.41544117647058826,0.6956521739130435
1,0.4227941176470588,0.6956521739130435
1,0.4227941176470588,0.7010869565217391
1,0.4264705882352941,0.7010869565217391
1,0.4264705882352941,0.7065217391304348
1,0.4319852941176471,0.7065217391304348
1,0.4319852941176471,0.7119565217391305
1,0.4338235294117647,0.7119565217391305
1,0.4338235294117647,0.7282608695652174
1,0.4411764705882353,0.7282608695652174
1,0.4411764705882353,0.7336956521739131
1,0.47058823529411764,0.7336956521739131
1,0.47058823529411764,0.7391304347826086
1,0.4742647058823529,0.7391304347826086
1,0.4742647058823529,0.7445652173913043
1,0.48161764705882354,0.7445652173913043
1,0.48161764705882354,0.75
1,0.48713235294117646,0.75
1,0.48713235294117646,0.7554347826086957
1,0.5018382352941176,0.7554347826086957
1,0.5018382352941176,0.7608695652173914
1,0.5275735294117647,0.7608695652173914
1,0.5275735294117647,0.7663043478260869
1,0.5386029411764706,0.7663043478260869
1,0.5386029411764706,0.7717391304347826
1,0.5422794117647058,0.7717391304347826
1,0.5422794117647058,0.7771739130434783
1,0.5459558823529411,0.7771739130434783
1,0.5459558823529411,0.782608695652174
1,0.5496323529411765,0.782608695652174
1,0.5496323529411765,0.7934782608695652
1,0.5606617647058824,0.7934782608695652
1,0.5606617647058824,0.8043478260869565
1,0.5625,0.8043478260869565
1,0.5625,0.8097826086956522
1,0.5698529411764706,0.8097826086956522
1,0.5698529411764706,0.8206521739130435
1,0.5992647058823529,0.8206521739130435
1,0.5992647058823529,0.8369565217391305
1,0.6029411764705882,0.8369565217391305
1,0.6029411764705882,0.842391304347826
1,0.6121323529411765,0.842391304347826
1,0.6121323529411765,0.8478260869565217
1,0.6139705882352942,0.8478260869565217
1,0.6139705882352942,0.8532608695652174
1,0.6176470588235294,0.8532608695652174
1,0.6176470588235294,0.8586956521739131
1,0.6231617647058824,0.8586956521739131
1,0.6231617647058824,0.8641304347826086
1,0.6341911764705882,0.8641304347826086
1,0.6341911764705882,0.8695652173913043
1,0.6378676470588235,0.8695652173913043
1,0.6378676470588235,0.8804347826086957
1,0.6654411764705882,0.8804347826086957
1,0.6654411764705882,0.8858695652173914
1,0.6672794117647058,0.8858695652173914
1,0.6672794117647058,0.8967391304347826
1,0.6893382352941176,0.8967391304347826
1,0.6893382352941176,0.9021739130434783
1,0.7003676470588235,0.9021739130434783
1,0.7003676470588235,0.9130434782608695
1,0.7095588235294118,0.9130434782608695
1,0.7095588235294118,0.9184782608695652
1,0.7316176470588235,0.9184782608695652
1,0.7316176470588235,0.9239130434782609
1,0.7408088235294118,0.9239130434782609
1,0.7408088235294118,0.9293478260869565
1,0.7518382352941176,0.9293478260869565
1,0.7518382352941176,0.9347826086956522
1,0.7610294117647058,0.9347826086956522
1,0.7610294117647058,0.9456521739130435
1,0.7628676470588235,0.9456521739130435
1,0.7628676470588235,0.9510869565217391
1,0.8400735294117647,0.9510869565217391
1,0.8400735294117647,0.9565217391304348
1,0.84375,0.9565217391304348
1,0.84375,0.9619565217391305
1,0.8492647058823529,0.9619565217391305
1,0.8492647058823529,0.967391304347826
1,0.8639705882352942,0.967391304347826
1,0.8639705882352942,0.9782608695652174
1,0.8878676470588235,0.9782608695652174
1,0.8878676470588235,0.9836956521739131
1,0.9007352941176471,0.9836956521739131
1,0.9007352941176471,0.9945652173913043
1,0.9797794117647058,0.9945652173913043
1,0.9797794117647058,1.0
1,1.0,1.0
2,0.0,0.0
2,0.0,0.0029585798816568047
2,0.0,0.04437869822485207
2,0.005128205128205128,0.04437869822485207
2,0.005128205128205128,0.11242603550295859
2,0.007692307692307693,0.11242603550295859
2,0.007692307692307693,0.12721893491124261
2,0.010256410256410256,0.12721893491124261
2,0.010256410256410256,0.15088757396449703
2,0.01282051282051282,0.15088757396449703
2,0.01282051282051282,0.17159763313609466
2,0.015384615384615385,0.17159763313609466
2,0.015384615384615385,0.17751479289940827
2,0.017948717948717947,0.17751479289940827
2,0.017948717948717947,0.23372781065088757
2,0.020512820512820513,0.23372781065088757
2,0.020512820512820513,0.2514792899408284
2,0.023076923076923078,0.2514792899408284
2,0.023076923076923078,0.25443786982248523
2,0.02564102564102564,0.25443786982248523
2,0.02564102564102564,0.2603550295857988
2,0.03076923076923077,0.2603550295857988
2,0.03076923076923077,0.28994082840236685
2,0.03333333333333333,0.28994082840236685
2,0.03333333333333333,0.29289940828402367
2,0.035897435897435895,0.29289940828402367
2,0.035897435897435895,0.30177514792899407
2,0.038461538461538464,0.30177514792899407
2,0.038461538461538464,0.3254437869822485
2,0.041025641025641026,0.3254437869822485
2,0.041025641025641026,0.32840236686390534
2,0.04358974358974359,0.32840236686390534
2,0.04358974358974359,0.3343195266272189
2,0.046153846153846156,0.3343195266272189
2,0.046153846153846156,0.35798816568047337
2,0.04871794871794872,0.35798816568047337
2,0.04871794871794872,0.3668639053254438
2,0.05128205128205128,0.3668639053254438
2,0.05128205128205128,0.3727810650887574
2,0.05641025641025641,0.3727810650887574
2,0.05641025641025641,0.3816568047337278
2,0.05897435897435897,0.3816568047337278
2,0.05897435897435897,0.38461538461538464
2,0.06153846153846154,0.38461538461538464
2,0.06153846153846154,0.3875739644970414
2,0.0641025641025641,0.3875739644970414
2,0.0641025641025641,0.39349112426035504
2,0.06666666666666667,0.39349112426035504
2,0.06666666666666667,0.40236686390532544
2,0.06923076923076923,0.40236686390532544
2,0.06923076923076923,0.40532544378698226
2,0.07179487179487179,0.40532544378698226
2,0.07179487179487179,0.41420118343195267
2,0.07435897435897436,0.41420118343195267
2,0.07435897435897436,0.4230769230769231
2,0.07692307692307693,0.4230769230769231
2,0.07692307692307693,0.4319526627218935
2,0.08205128205128205,0.4319526627218935
2,0.08205128205128205,0.4378698224852071
2,0.08461538461538462,0.4378698224852071
2,0.08461538461538462,0.4437869822485207
2,0.08717948717948718,0.4437869822485207
2,0.08717948717948718,0.44970414201183434
2,0.08974358974358974,0.44970414201183434
2,0.08974358974358974,0.4526627218934911
2,0.1,0.4526627218934911
2,0.1,0.46449704142011833
2,0.10512820512820513,0.46449704142011833
2,0.10512820512820513,0.46745562130177515
2,0.1076923076923077,0.46745562130177515
2,0.1076923076923077,0.47337278106508873
2,0.11025641025641025,0.47337278106508873
2,0.11025641025641025,0.47928994082840237
2,0.11282051282051282,0.47928994082840237
2,0.11282051282051282,0.4970414201183432
2,0.11794871794871795,0.4970414201183432
2,0.11794871794871795,0.5
2,0.12051282051282051,0.5
2,0.12051282051282051,0.5059171597633136
2,0.12307692307692308,0.5059171597633136
2,0.12307692307692308,0.5088757396449705
2,0.1282051282051282,0.5088757396449705
2,0.1282051282051282,0.5118343195266272
2,0.13076923076923078,0.5118343195266272
2,0.13076923076923078,0.5177514792899408
2,0.13846153846153847,0.5177514792899408
2,0.13846153846153847,0.5355029585798816
2,0.14358974358974358,0.5355029585798816
2,0.14358974358974358,0.5414201183431953
2,0.15128205128205127,0.5414201183431953
2,0.15128205128205127,0.5443786982248521
2,0.1564102564102564,0.5443786982248521
2,0.1564102564102564,0.5473372781065089
2,0.15897435897435896,0.5473372781065089
2,0.15897435897435896,0.5591715976331361
2,0.16666666666666666,0.5591715976331361
2,0.16666666666666666,0.5710059171597633
2,0.18205128205128204,0.5710059171597633
2,0.18205128205128204,0.5798816568047337
2,0.18461538461538463,0.5798816568047337
2,0.18461538461538463,0.5857988165680473
2,0.18974358974358974,0.5857988165680473
2,0.18974358974358974,0.591715976331361
2,0.19743589743589743,0.591715976331361
2,0.19743589743589743,0.5946745562130178
2,0.2,0.5946745562130178
2,0.2,0.5976331360946746
2,0.20256410256410257,0.5976331360946746
2,0.20256410256410257,0.6094674556213018
2,0.2076923076923077,0.6094674556213018
2,0.2076923076923077,0.6153846153846154
2,0.21025641025641026,0.6153846153846154
2,0.21025641025641026,0.6183431952662722
2,0.2128205128205128,0.6183431952662722
2,0.2128205128205128,0.621301775147929
2,0.2153846153846154,0.621301775147929
2,0.2153846153846154,0.6301775147928994
2,0.21794871794871795,0.6301775147928994
2,0.21794871794871795,0.6331360946745562
2,0.2205128205128205,0.6331360946745562
2,0.2205128205128205,0.636094674556213
2,0.24102564102564103,0.636094674556213
2,0.24102564102564103,0.6390532544378699
2,0.24358974358974358,0.6390532544378699
2,0.24358974358974358,0.6420118343195266
2,0.2512820512820513,0.6420118343195266
2,0.2512820512820513,0.6479289940828402
2,0.2564102564102564,0.6479289940828402
2,0.2564102564102564,0.650887573964497
2,0.2641025641025641,0.650887573964497
2,0.2641025641025641,0.6538461538461539
2,0.2717948717948718,0.6538461538461539
2,0.2717948717948718,0.6568047337278107
2,0.2743589743589744,0.6568047337278107
2,0.2743589743589744,0.6597633136094675
2,0.27692307692307694,0.6597633136094675
2,0.27692307692307694,0.6627218934911243
2,0.28205128205128205,0.6627218934911243
2,0.28205128205128205,0.6715976331360947
2,0.2846153846153846,0.6715976331360947
2,0.2846153846153846,0.6745562130177515
2,0.3,0.6745562130177515
2,0.3,0.6804733727810651
2,0.30256410256410254,0.6804733727810651
2,0.30256410256410254,0.6834319526627219
2,0.30512820512820515,0.6834319526627219
2,0.30512820512820515,0.6893491124260355
2,0.3076923076923077,0.6893491124260355
2,0.3076923076923077,0.6923076923076923
2,0.31794871794871793,0.6923076923076923
2,0.31794871794871793,0.7159763313609467
2,0.32051282051282054,0.7159763313609467
2,0.32051282051282054,0.727810650887574
2,0.32564102564102565,0.727810650887574
2,0.32564102564102565,0.7396449704142012
2,0.3282051282051282,0.7396449704142012
2,0.3282051282051282,0.742603550295858
2,0.33076923076923076,0.742603550295858
2,0.33076923076923076,0.7485207100591716
2,0.3564102564102564,0.7485207100591716
2,0.3564102564102564,0.7514792899408284
2,0.358974358974359,0.7514792899408284
2,0.358974358974359,0.7544378698224852
2,0.36923076923076925,0.7544378698224852
2,0.36923076923076925,0.7603550295857988
2,0.37435897435897436,0.7603550295857988
2,0.37435897435897436,0.7633136094674556
2,0.3769230769230769,0.7633136094674556
2,0.3769230769230769,0.7662721893491125
2,0.3871794871794872,0.7662721893491125
2,0.3871794871794872,0.772189349112426
2,0.4,0.772189349112426
2,0.4,0.7781065088757396
2,0.40512820512820513,0.7781065088757396
2,0.40512820512820513,0.7810650887573964
2,0.4076923076923077,0.7810650887573964
2,0.4076923076923077,0.7840236686390533
2,0.41025641025641024,0.7840236686390533
2,0.41025641025641024,0.7869822485207101
2,0.41794871794871796,0.7869822485207101
2,0.41794871794871796,0.7899408284023669
2,0.4205128205128205,0.7899408284023669
2,0.4205128205128205,0.7928994082840237
2,0.4256410256410256,0.7928994082840237
2,0.4256410256410256,0.8017751479289941
2,0.441025641025641,0.8017751479289941
2,0.441025641025641,0.8076923076923077
2,0.4461538461538462,0.8076923076923077
2,0.4461538461538462,0.8106508875739645
2,0.44871794871794873,0.8106508875739645
2,0.44871794871794873,0.8136094674556213
2,0.46153846153846156,0.8136094674556213
2,0.46153846153846156,0.8165680473372781
2,0.4641025641025641,0.8165680473372781
2,0.4641025641025641,0.8195266272189349
2,0.4666666666666667,0.8195266272189349
2,0.4666666666666667,0.8224852071005917
2,0.4794871794871795,0.8224852071005917
2,0.4794871794871795,0.8254437869822485
2,0.49230769230769234,0.8254437869822485
2,0.49230769230769234,0.8313609467455622
2,0.49743589743589745,0.8313609467455622
2,0.49743589743589745,0.834319526627219
2,0.5,0.834319526627219
2,0.5,0.8372781065088757
2,0.5076923076923077,0.8372781065088757
2,0.5076923076923077,0.8402366863905325
2,0.5128205128205128,0.8402366863905325
2,0.5128205128205128,0.8431952662721893
2,0.5282051282051282,0.8431952662721893
2,0.5282051282051282,0.8461538461538461
2,0.5384615384615384,0.8461538461538461
2,0.5384615384615384,0.849112426035503
2,0.5461538461538461,0.849112426035503
2,0.5461538461538461,0.8520710059171598
2,0.5538461538461539,0.8520710059171598
2,0.5538461538461539,0.8550295857988166
2,0.5564102564102564,0.8550295857988166
2,0.5564102564102564,0.8579881656804734
2,0.5717948717948718,0.8579881656804734
2,0.5717948717948718,0.8609467455621301
2,0.5897435897435898,0.8609467455621301
2,0.5897435897435898,0.863905325443787
2,0.5948717948717949,0.863905325443787
2,0.5948717948717949,0.8668639053254438
2,0.6,0.8668639053254438
2,0.6,0.8727810650887574
2,0.6051282051282051,0.8727810650887574
2,0.6051282051282051,0.8757396449704142
2,0.6102564102564103,0.8757396449704142
2,0.6102564102564103,0.878698224852071
2,0.617948717948718,0.878698224852071
2,0.617948717948718,0.8816568047337278
2,0.6205128205128205,0.8816568047337278
2,0.6205128205128205,0.8964497041420119
2,0.6256410256410256,0.8964497041420119
2,0.6256410256410256,0.8994082840236687
2,0.6333333333333333,0.8994082840236687
2,0.6333333333333333,0.9053254437869822
2,0.6384615384615384,0.9053254437869822
2,0.6384615384615384,0.908284023668639
2,0.6435897435897436,0.908284023668639
2,0.6435897435897436,0.9142011834319527
2,0.6512820512820513,0.9142011834319527
2,0.6512820512820513,0.9201183431952663
2,0.658974358974359,0.9201183431952663
2,0.658974358974359,0.9230769230769231
2,0.6641025641025641,0.9230769230769231
2,0.6641025641025641,0.9349112426035503
2,0.6794871794871795,0.9349112426035503
2,0.6794871794871795,0.9408284023668639
2,0.6820512820512821,0.9408284023668639
2,0.6820512820512821,0.9437869822485208
2,0.7076923076923077,0.9437869822485208
2,0.7076923076923077,0.9467455621301775
2,0.7230769230769231,0.9467455621301775
2,0.7230769230769231,0.9497041420118343
2,0.735897435897436,0.9497041420118343
2,0.735897435897436,0.9526627218934911
2,0.7384615384615385,0.9526627218934911
2,0.7384615384615385,0.9556213017751479
2,0.7487179487179487,0.9556213017751479
2,0.7487179487179487,0.9585798816568047
2,0.7512820512820513,0.9585798816568047
2,0.7512820512820513,0.9615384615384616
2,0.7666666666666667,0.9615384615384616
2,0.7666666666666667,0.9644970414201184
2,0.7769230769230769,0.9644970414201184
2,0.7769230769230769,0.9674556213017751
2,0.7974358974358975,0.9674556213017751
2,0.7974358974358975,0.9704142011834319
2,0.8256410256410256,0.9704142011834319
2,0.8256410256410256,0.9733727810650887
2,0.8487179487179487,0.9733727810650887
2,0.8487179487179487,0.9763313609467456
2,0.8615384615384616,0.9763313609467456
2,0.8615384615384616,0.9792899408284024
2,0.8666666666666667,0.9792899408284024
2,0.8666666666666667,0.9822485207100592
2,0.882051282051282,0.9822485207100592
2,0.882051282051282,0.9881656804733728
2,0.8846153846153846,0.9881656804733728
2,0.8846153846153846,0.9911242603550295
2,0.9179487179487179,0.9911242603550295
2,0.9179487179487179,0.9940828402366864
2,0.9487179487179487,0.9940828402366864
2,0.9487179487179487,0.9970414201183432
2,0.9897435897435898,0.9970414201183432
2,0.9897435897435898,1.0
2,1.0,1.0
