polarity,recall,precision
0,1.0,0.28296703296703296
0,1.0,0.2833562585969739
0,1.0,0.2837465564738292
0,1.0,0.28413793103448276
0,1.0,0.2845303867403315
0,1.0,0.28492392807745504
0,1.0,0.2853185595567867
0,1.0,0.2857142857142857
0,1.0,0.2861111111111111
0,1.0,0.2865090403337969
0,1.0,0.28690807799442897
0,1.0,0.28730822873082285
0,1.0,0.2877094972067039
0,1.0,0.2881118881118881
0,1.0,0.28851540616246496
0,1.0,0.28892005610098176
0,1.0,0.2893258426966292
0,1.0,0.28973277074542897
0,1.0,0.29014084507042254
0,1.0,0.29055007052186177
0,1.0,0.2909604519774011
0,1.0,0.2913719943422914
0,1.0,0.29178470254957506
0,1.0,0.29219858156028367
0,1.0,0.29261363636363635
0,1.0,0.2930298719772404
0,1.0,0.2934472934472934
0,1.0,0.29386590584878747
0,1.0,0.29428571428571426
0,1.0,0.2947067238912732
0,1.0,0.29512893982808025
0,1.0,0.29555236728837875
0,1.0,0.2959770114942529
0,1.0,0.29640287769784174
0,1.0,0.2968299711815562
0,1.0,0.2972582972582973
0,1.0,0.2976878612716763
0,1.0,0.2981186685962373
0,1.0,0.2985507246376812
0,1.0,0.29898403483309144
0,1.0,0.29941860465116277
0,1.0,0.29985443959243085
0,1.0,0.30029154518950435
0,1.0,0.3007299270072993
0,1.0,0.30116959064327486
0,1.0,0.30161054172767204
0,1.0,0.3020527859237537
0,1.0,0.302496328928047
0,1.0,0.3029411764705882
0,1.0,0.30338733431516934
0,1.0,0.30383480825958703
0,1.0,0.30428360413589367
0,1.0,0.3047337278106509
0,1.0,0.30518518518518517
0,1.0,0.3056379821958457
0,1.0,0.3060921248142645
0,1.0,0.30654761904761907
0,1.0,0.30700447093889716
0,1.0,0.3074626865671642
0,1.0,0.30792227204783257
0,1.0,0.3083832335329341
0,1.0,0.30884557721139433
0,1.0,0.30930930930930933
0,1.0,0.3097744360902256
0,1.0,0.3102409638554217
0,1.0,0.31070889894419307
0,1.0,0.311178247734139
0,1.0,0.31164901664145234
0,1.0,0.31212121212121213
0,1.0,0.3125948406676783
0,1.0,0.3130699088145897
0,0.9951456310679612,0.3120243531202435
0,0.9902912621359223,0.31097560975609756
0,0.9902912621359223,0.3114503816793893
0,0.9902912621359223,0.3119266055045872
0,0.9902912621359223,0.3124042879019908
0,0.9902912621359223,0.3128834355828221
0,0.9902912621359223,0.31336405529953915
0,0.9902912621359223,0.31384615384615383
0,0.9902912621359223,0.31432973805855163
0,0.9902912621359223,0.3148148148148148
0,0.9902912621359223,0.31530139103554866
0,0.9902912621359223,0.3157894736842105
0,0.9902912621359223,0.31627906976744186
0,0.9902912621359223,0.3167701863354037
0,0.9902912621359223,0.31726283048211507
0,0.9902912621359223,0.3177570093457944
0,0.9902912621359223,0.31825273010920435
0,0.9902912621359223,0.31875
0,0.9902912621359223,0.3192488262910798
0,0.9902912621359223,0.31974921630094044
0,0.9902912621359223,0.3202511773940345
0,0.9902912621359223,0.32075471698113206
0,0.9902912621359223,0.32125984251968503
0,0.9902912621359223,0.3217665615141956
0,0.9902912621359223,0.3222748815165877
0,0.9902912621359223,0.3227848101265823
0,0.9902912621359223,0.3232963549920761
0,0.9902912621359223,0.3238095238095238
0,0.9902912621359223,0.32432432432432434
0,0.9902912621359223,0.3248407643312102
0,0.9902912621359223,0.3253588516746411
0,0.9902912621359223,0.3258785942492013
0,0.9902912621359223,0.3264
0,0.9902912621359223,0.3269230769230769
0,0.9902912621359223,0.3274478330658106
0,0.9902912621359223,0.3279742765273312
0,0.9902912621359223,0.3285024154589372
0,0.9902912621359223,0.32903225806451614
0,0.9902912621359223,0.3295638126009693
0,0.9902912621359223,0.3300970873786408
0,0.9902912621359223,0.33063209076175043
0,0.9902912621359223,0.33116883116883117
0,0.9902912621359223,0.33170731707317075
0,0.9902912621359223,0.3322475570032573
0,0.9902912621359223,0.33278955954323003
0,0.9902912621359223,0.3333333333333333
0,0.9902912621359223,0.33387888707037644
0,0.9902912621359223,0.3344262295081967
0,0.9902912621359223,0.33497536945812806
0,0.9902912621359223,0.3355263157894737
0,0.9902912621359223,0.33607907742998355
0,0.9902912621359223,0.33663366336633666
0,0.9902912621359223,0.3371900826446281
0,0.9902912621359223,0.33774834437086093
0,0.9902912621359223,0.3383084577114428
0,0.9902912621359223,0.3388704318936877
0,0.9902912621359223,0.33943427620632277
0,0.9902912621359223,0.34
0,0.9854368932038835,0.33889816360601
0,0.9854368932038835,0.3394648829431438
0,0.9854368932038835,0.34003350083752093
0,0.9854368932038835,0.34060402684563756
0,0.9854368932038835,0.3411764705882353
0,0.9854368932038835,0.34175084175084175
0,0.9854368932038835,0.342327150084317
0,0.9854368932038835,0.34290540540540543
0,0.9854368932038835,0.34348561759729274
0,0.9805825242718447,0.3423728813559322
0,0.9805825242718447,0.34295415959252973
0,0.9757281553398058,0.34183673469387754
0,0.9757281553398058,0.3424190800681431
0,0.9757281553398058,0.3430034129692833
0,0.9757281553398058,0.3435897435897436
0,0.9757281553398058,0.3441780821917808
0,0.9757281553398058,0.34476843910806176
0,0.9757281553398058,0.34536082474226804
0,0.9757281553398058,0.3459552495697074
0,0.9757281553398058,0.34655172413793106
0,0.9757281553398058,0.3471502590673575
0,0.9757281553398058,0.3477508650519031
0,0.9757281553398058,0.3483535528596187
0,0.9757281553398058,0.3489583333333333
0,0.9757281553398058,0.34956521739130436
0,0.9757281553398058,0.3501742160278746
0,0.9757281553398058,0.3507853403141361
0,0.9757281553398058,0.3513986013986014
0,0.9757281553398058,0.3520140105078809
0,0.9757281553398058,0.3526315789473684
0,0.9757281553398058,0.3532513181019332
0,0.9757281553398058,0.3538732394366197
0,0.970873786407767,0.3527336860670194
0,0.970873786407767,0.35335689045936397
0,0.970873786407767,0.35398230088495575
0,0.970873786407767,0.3546099290780142
0,0.970873786407767,0.3552397868561279
0,0.970873786407767,0.35587188612099646
0,0.970873786407767,0.35650623885918004
0,0.970873786407767,0.35714285714285715
0,0.970873786407767,0.35778175313059035
0,0.970873786407767,0.35842293906810035
0,0.970873786407767,0.3590664272890485
0,0.970873786407767,0.3597122302158273
0,0.970873786407767,0.36036036036036034
0,0.970873786407767,0.36101083032490977
0,0.970873786407767,0.3616636528028933
0,0.970873786407767,0.36231884057971014
0,0.970873786407767,0.3629764065335753
0,0.970873786407767,0.36363636363636365
0,0.970873786407767,0.36429872495446264
0,0.970873786407767,0.36496350364963503
0,0.970873786407767,0.3656307129798903
0,0.970873786407767,0.3663003663003663
0,0.970873786407767,0.3669724770642202
0,0.970873786407767,0.36764705882352944
0,0.970873786407767,0.3683241252302026
0,0.970873786407767,0.36900369003690037
0,0.970873786407767,0.36968576709796674
0,0.970873786407767,0.37037037037037035
0,0.970873786407767,0.37105751391465674
0,0.970873786407767,0.37174721189591076
0,0.970873786407767,0.37243947858473
0,0.970873786407767,0.373134328358209
0,0.970873786407767,0.37383177570093457
0,0.970873786407767,0.37453183520599254
0,0.970873786407767,0.37523452157598497
0,0.970873786407767,0.37593984962406013
0,0.970873786407767,0.3766478342749529
0,0.970873786407767,0.37735849056603776
0,0.970873786407767,0.3780718336483932
0,0.970873786407767,0.3787878787878788
0,0.970873786407767,0.3795066413662239
0,0.970873786407767,0.38022813688212925
0,0.970873786407767,0.38095238095238093
0,0.970873786407767,0.3816793893129771
0,0.970873786407767,0.3824091778202677
0,0.970873786407767,0.3831417624521073
0,0.970873786407767,0.3838771593090211
0,0.970873786407767,0.38461538461538464
0,0.970873786407767,0.3853564547206166
0,0.9660194174757282,0.3841698841698842
0,0.9660194174757282,0.3849129593810445
0,0.9611650485436893,0.38372093023255816
0,0.9611650485436893,0.3844660194174757
0,0.9611650485436893,0.3852140077821012
0,0.9611650485436893,0.38596491228070173
0,0.9611650485436893,0.38671875
0,0.9611650485436893,0.38747553816046965
0,0.9611650485436893,0.38823529411764707
0,0.9611650485436893,0.3889980353634578
0,0.9611650485436893,0.38976377952755903
0,0.9611650485436893,0.3905325443786982
0,0.9611650485436893,0.391304347826087
0,0.9611650485436893,0.3920792079207921
0,0.9611650485436893,0.39285714285714285
0,0.9611650485436893,0.39363817097415504
0,0.9611650485436893,0.3944223107569721
0,0.9611650485436893,0.39520958083832336
0,0.9611650485436893,0.396
0,0.9563106796116505,0.39478957915831664
0,0.9563106796116505,0.39558232931726905
0,0.9563106796116505,0.3963782696177062
0,0.9514563106796117,0.3951612903225806
0,0.9466019417475728,0.3939393939393939
0,0.941747572815534,0.39271255060728744
0,0.941747572815534,0.3935091277890467
0,0.941747572815534,0.3943089430894309
0,0.9368932038834952,0.39307535641547864
0,0.9368932038834952,0.39387755102040817
0,0.9368932038834952,0.3946830265848671
0,0.9368932038834952,0.39549180327868855
0,0.9368932038834952,0.39630390143737165
0,0.9368932038834952,0.39711934156378603
0,0.9368932038834952,0.3979381443298969
0,0.9368932038834952,0.3987603305785124
0,0.9320388349514563,0.39751552795031053
0,0.9271844660194175,0.3962655601659751
0,0.9271844660194175,0.3970893970893971
0,0.9271844660194175,0.39791666666666664
0,0.9271844660194175,0.3987473903966597
0,0.9271844660194175,0.399581589958159
0,0.9271844660194175,0.40041928721174
0,0.9271844660194175,0.4012605042016807
0,0.9271844660194175,0.40210526315789474
0,0.9271844660194175,0.4029535864978903
0,0.9271844660194175,0.40380549682875266
0,0.9271844660194175,0.4046610169491525
0,0.9271844660194175,0.40552016985138006
0,0.9271844660194175,0.40638297872340423
0,0.9223300970873787,0.4051172707889126
0,0.9223300970873787,0.405982905982906
0,0.9223300970873787,0.4068522483940043
0,0.9223300970873787,0.40772532188841204
0,0.9223300970873787,0.40860215053763443
0,0.9174757281553398,0.4073275862068966
0,0.9174757281553398,0.408207343412527
0,0.9174757281553398,0.4090909090909091
0,0.9174757281553398,0.40997830802603036
0,0.9174757281553398,0.4108695652173913
0,0.9174757281553398,0.4117647058823529
0,0.9174757281553398,0.4126637554585153
0,0.9174757281553398,0.4135667396061269
0,0.912621359223301,0.41228070175438597
0,0.9077669902912622,0.41098901098901097
0,0.9077669902912622,0.4118942731277533
0,0.9077669902912622,0.41280353200883
0,0.9077669902912622,0.413716814159292
0,0.9077669902912622,0.4146341463414634
0,0.9077669902912622,0.41555555555555557
0,0.9077669902912622,0.41648106904231624
0,0.9077669902912622,0.4174107142857143
0,0.9077669902912622,0.41834451901565994
0,0.9029126213592233,0.4170403587443946
0,0.9029126213592233,0.41797752808988764
0,0.9029126213592233,0.4189189189189189
0,0.9029126213592233,0.4198645598194131
0,0.9029126213592233,0.42081447963800905
0,0.8980582524271845,0.41950113378684806
0,0.8980582524271845,0.42045454545454547
0,0.8980582524271845,0.4214123006833713
0,0.8980582524271845,0.4223744292237443
0,0.8980582524271845,0.4233409610983982
0,0.8980582524271845,0.4243119266055046
0,0.8932038834951457,0.42298850574712643
0,0.8883495145631068,0.4216589861751152
0,0.883495145631068,0.42032332563510394
0,0.883495145631068,0.4212962962962963
0,0.883495145631068,0.4222737819025522
0,0.8786407766990292,0.42093023255813955
0,0.8737864077669902,0.4195804195804196
0,0.8737864077669902,0.4205607476635514
0,0.8737864077669902,0.4215456674473068
0,0.8737864077669902,0.4225352112676056
0,0.8737864077669902,0.4235294117647059
0,0.8737864077669902,0.42452830188679247
0,0.8689320388349514,0.4231678486997636
0,0.8640776699029126,0.4218009478672986
0,0.8640776699029126,0.42280285035629456
0,0.8640776699029126,0.4238095238095238
0,0.8640776699029126,0.42482100238663484
0,0.8640776699029126,0.4258373205741627
0,0.8592233009708737,0.4244604316546763
0,0.8592233009708737,0.4254807692307692
0,0.8592233009708737,0.42650602409638555
0,0.8592233009708737,0.427536231884058
0,0.8592233009708737,0.42857142857142855
0,0.8592233009708737,0.42961165048543687
0,0.8592233009708737,0.4306569343065693
0,0.8592233009708737,0.4317073170731707
0,0.8543689320388349,0.43031784841075793
0,0.8543689320388349,0.43137254901960786
0,0.8543689320388349,0.43243243243243246
0,0.8543689320388349,0.43349753694581283
0,0.8543689320388349,0.4345679012345679
0,0.8543689320388349,0.43564356435643564
0,0.8495145631067961,0.43424317617866004
0,0.8495145631067961,0.43532338308457713
0,0.8446601941747572,0.4339152119700748
0,0.8446601941747572,0.435
0,0.8446601941747572,0.43609022556390975
0,0.8446601941747572,0.4371859296482412
0,0.8398058252427184,0.4357682619647355
0,0.8398058252427184,0.43686868686868685
0,0.8349514563106796,0.43544303797468353
0,0.8349514563106796,0.4365482233502538
0,0.8349514563106796,0.43765903307888043
0,0.8349514563106796,0.4387755102040816
0,0.8300970873786407,0.4373401534526854
0,0.8300970873786407,0.43846153846153846
0,0.8300970873786407,0.43958868894601544
0,0.8300970873786407,0.44072164948453607
0,0.8300970873786407,0.4418604651162791
0,0.8300970873786407,0.4430051813471503
0,0.8300970873786407,0.44415584415584414
0,0.8300970873786407,0.4453125
0,0.8300970873786407,0.4464751958224543
0,0.8300970873786407,0.4476439790575916
0,0.8300970873786407,0.44881889763779526
0,0.8300970873786407,0.45
0,0.8300970873786407,0.45118733509234826
0,0.8300970873786407,0.4523809523809524
0,0.8300970873786407,0.4535809018567639
0,0.8300970873786407,0.45478723404255317
0,0.8300970873786407,0.456
0,0.8300970873786407,0.4572192513368984
0,0.8300970873786407,0.4584450402144772
0,0.8300970873786407,0.4596774193548387
0,0.8252427184466019,0.4582210242587601
0,0.8252427184466019,0.4594594594594595
0,0.8252427184466019,0.46070460704607047
0,0.8252427184466019,0.46195652173913043
0,0.8252427184466019,0.46321525885558584
0,0.8252427184466019,0.4644808743169399
0,0.8203883495145631,0.46301369863013697
0,0.8155339805825242,0.46153846153846156
0,0.8155339805825242,0.4628099173553719
0,0.8155339805825242,0.46408839779005523
0,0.8155339805825242,0.46537396121883656
0,0.8106796116504854,0.4638888888888889
0,0.8106796116504854,0.46518105849582175
0,0.8106796116504854,0.4664804469273743
0,0.8058252427184466,0.4649859943977591
0,0.8058252427184466,0.46629213483146065
0,0.8058252427184466,0.4676056338028169
0,0.8058252427184466,0.4689265536723164
0,0.8058252427184466,0.4702549575070821
0,0.8058252427184466,0.4715909090909091
0,0.8058252427184466,0.47293447293447294
0,0.8009708737864077,0.4714285714285714
0,0.7961165048543689,0.4699140401146132
0,0.7961165048543689,0.47126436781609193
0,0.7961165048543689,0.47262247838616717
0,0.7912621359223301,0.47109826589595377
0,0.7912621359223301,0.47246376811594204
0,0.7912621359223301,0.4738372093023256
0,0.7864077669902912,0.47230320699708456
0,0.7864077669902912,0.47368421052631576
0,0.7864077669902912,0.4750733137829912
0,0.7864077669902912,0.4764705882352941
0,0.7864077669902912,0.4778761061946903
0,0.7864077669902912,0.47928994082840237
0,0.7815533980582524,0.47774480712166173
0,0.7815533980582524,0.4791666666666667
0,0.7815533980582524,0.48059701492537316
0,0.7815533980582524,0.4820359281437126
0,0.7815533980582524,0.48348348348348347
0,0.7815533980582524,0.48493975903614456
0,0.7815533980582524,0.486404833836858
0,0.7815533980582524,0.48787878787878786
0,0.7815533980582524,0.48936170212765956
0,0.7815533980582524,0.49085365853658536
0,0.7766990291262136,0.4892966360856269
0,0.7766990291262136,0.49079754601226994
0,0.7766990291262136,0.49230769230769234
0,0.7718446601941747,0.49074074074074076
0,0.7718446601941747,0.49226006191950467
0,0.7669902912621359,0.4906832298136646
0,0.7621359223300971,0.48909657320872274
0,0.7621359223300971,0.490625
0,0.7621359223300971,0.49216300940438873
0,0.7572815533980582,0.49056603773584906
0,0.7572815533980582,0.4921135646687697
0,0.7572815533980582,0.4936708860759494
0,0.7524271844660194,0.49206349206349204
0,0.7475728155339806,0.49044585987261147
0,0.7475728155339806,0.49201277955271566
0,0.7475728155339806,0.4935897435897436
0,0.7475728155339806,0.49517684887459806
0,0.7475728155339806,0.4967741935483871
0,0.7475728155339806,0.49838187702265374
0,0.7427184466019418,0.4967532467532468
0,0.7427184466019418,0.498371335504886
0,0.7427184466019418,0.5
0,0.7427184466019418,0.5016393442622951
0,0.7427184466019418,0.5032894736842105
0,0.7427184466019418,0.504950495049505
0,0.7427184466019418,0.5066225165562914
0,0.7427184466019418,0.5083056478405316
0,0.7427184466019418,0.51
0,0.7378640776699029,0.5083612040133779
0,0.7330097087378641,0.5067114093959731
0,0.7330097087378641,0.5084175084175084
0,0.7330097087378641,0.5101351351351351
0,0.7330097087378641,0.511864406779661
0,0.7330097087378641,0.5136054421768708
0,0.7330097087378641,0.515358361774744
0,0.7330097087378641,0.5171232876712328
0,0.7281553398058253,0.5154639175257731
0,0.7233009708737864,0.5137931034482759
0,0.7233009708737864,0.5155709342560554
0,0.7233009708737864,0.5173611111111112
0,0.7233009708737864,0.519163763066202
0,0.7233009708737864,0.5209790209790209
0,0.7233009708737864,0.5228070175438596
0,0.7184466019417476,0.5211267605633803
0,0.7184466019417476,0.5229681978798587
0,0.7184466019417476,0.524822695035461
0,0.7135922330097088,0.5231316725978647
0,0.7087378640776699,0.5214285714285715
0,0.7087378640776699,0.5232974910394266
0,0.7038834951456311,0.5215827338129496
0,0.6990291262135923,0.51985559566787
0,0.6990291262135923,0.5217391304347826
0,0.6990291262135923,0.5236363636363637
0,0.6941747572815534,0.5218978102189781
0,0.6893203883495146,0.5201465201465202
0,0.6893203883495146,0.5220588235294118
0,0.6893203883495146,0.5239852398523985
0,0.6844660194174758,0.5222222222222223
0,0.6844660194174758,0.5241635687732342
0,0.6844660194174758,0.5261194029850746
0,0.6796116504854369,0.5243445692883895
0,0.6796116504854369,0.5263157894736842
0,0.6796116504854369,0.5283018867924528
0,0.6796116504854369,0.5303030303030303
0,0.6796116504854369,0.532319391634981
0,0.6796116504854369,0.5343511450381679
0,0.6796116504854369,0.5363984674329502
0,0.6796116504854369,0.5384615384615384
0,0.6796116504854369,0.5405405405405406
0,0.6747572815533981,0.5387596899224806
0,0.6747572815533981,0.5408560311284046
0,0.6747572815533981,0.54296875
0,0.6699029126213593,0.5411764705882353
0,0.6699029126213593,0.5433070866141733
0,0.6699029126213593,0.5454545454545454
0,0.6699029126213593,0.5476190476190477
0,0.6699029126213593,0.549800796812749
0,0.6699029126213593,0.552
0,0.6650485436893204,0.5502008032128514
0,0.6601941747572816,0.5483870967741935
0,0.6553398058252428,0.5465587044534413
0,0.6553398058252428,0.5487804878048781
0,0.6504854368932039,0.5469387755102041
0,0.6504854368932039,0.5491803278688525
0,0.6504854368932039,0.551440329218107
0,0.6504854368932039,0.5537190082644629
0,0.6504854368932039,0.5560165975103735
0,0.6456310679611651,0.5541666666666667
0,0.6407766990291263,0.5523012552301255
0,0.6407766990291263,0.5546218487394958
0,0.6407766990291263,0.5569620253164557
0,0.6407766990291263,0.559322033898305
0,0.6359223300970874,0.5574468085106383
0,0.6310679611650486,0.5555555555555556
0,0.6262135922330098,0.5536480686695279
0,0.6213592233009708,0.5517241379310345
0,0.6213592233009708,0.5541125541125541
0,0.6213592233009708,0.5565217391304348
0,0.6213592233009708,0.5589519650655022
0,0.616504854368932,0.5570175438596491
0,0.616504854368932,0.5594713656387665
0,0.616504854368932,0.5619469026548672
0,0.616504854368932,0.5644444444444444
0,0.6116504854368932,0.5625
0,0.6116504854368932,0.5650224215246636
0,0.6116504854368932,0.5675675675675675
0,0.6067961165048543,0.5656108597285068
0,0.6019417475728155,0.5636363636363636
0,0.5970873786407767,0.5616438356164384
0,0.5970873786407767,0.5642201834862385
0,0.5922330097087378,0.5622119815668203
0,0.587378640776699,0.5601851851851852
0,0.587378640776699,0.5627906976744186
0,0.587378640776699,0.5654205607476636
0,0.5825242718446602,0.5633802816901409
0,0.5776699029126213,0.5613207547169812
0,0.5728155339805825,0.5592417061611374
0,0.5728155339805825,0.5619047619047619
0,0.5728155339805825,0.5645933014354066
0,0.5728155339805825,0.5673076923076923
0,0.5728155339805825,0.5700483091787439
0,0.5728155339805825,0.5728155339805825
0,0.5679611650485437,0.5707317073170731
0,0.5631067961165048,0.5686274509803921
0,0.5631067961165048,0.5714285714285714
0,0.558252427184466,0.5693069306930693
0,0.558252427184466,0.572139303482587
0,0.558252427184466,0.575
0,0.558252427184466,0.5778894472361809
0,0.558252427184466,0.5808080808080808
0,0.5533980582524272,0.5786802030456852
0,0.5533980582524272,0.5816326530612245
0,0.5533980582524272,0.5846153846153846
0,0.5533980582524272,0.5876288659793815
0,0.5533980582524272,0.5906735751295337
0,0.5533980582524272,0.59375
0,0.5533980582524272,0.5968586387434555
0,0.5533980582524272,0.6
0,0.5485436893203883,0.5978835978835979
0,0.5485436893203883,0.601063829787234
0,0.5436893203883495,0.5989304812834224
0,0.5436893203883495,0.6021505376344086
0,0.5436893203883495,0.6054054054054054
0,0.5388349514563107,0.6032608695652174
0,0.5388349514563107,0.6065573770491803
0,0.5388349514563107,0.6098901098901099
0,0.5339805825242718,0.6077348066298343
0,0.529126213592233,0.6055555555555555
0,0.529126213592233,0.6089385474860335
0,0.529126213592233,0.6123595505617978
0,0.5242718446601942,0.6101694915254238
0,0.5242718446601942,0.6136363636363636
0,0.5194174757281553,0.6114285714285714
0,0.5194174757281553,0.6149425287356322
0,0.5194174757281553,0.6184971098265896
0,0.5145631067961165,0.6162790697674418
0,0.5097087378640777,0.6140350877192983
0,0.5097087378640777,0.6176470588235294
0,0.5048543689320388,0.6153846153846154
0,0.5,0.6130952380952381
0,0.49514563106796117,0.6107784431137725
0,0.49029126213592233,0.608433734939759
0,0.4854368932038835,0.6060606060606061
0,0.48058252427184467,0.6036585365853658
0,0.47572815533980584,0.6012269938650306
0,0.47572815533980584,0.6049382716049383
0,0.47572815533980584,0.6086956521739131
0,0.47572815533980584,0.6125
0,0.470873786407767,0.610062893081761
0,0.470873786407767,0.6139240506329114
0,0.470873786407767,0.6178343949044586
0,0.470873786407767,0.6217948717948718
0,0.46601941747572817,0.6193548387096774
0,0.46601941747572817,0.6233766233766234
0,0.46116504854368934,0.6209150326797386
0,0.46116504854368934,0.625
0,0.4563106796116505,0.6225165562913907
0,0.4563106796116505,0.6266666666666667
0,0.45145631067961167,0.6241610738255033
0,0.45145631067961167,0.6283783783783784
0,0.45145631067961167,0.6326530612244898
0,0.45145631067961167,0.636986301369863
0,0.44660194174757284,0.6344827586206897
0,0.44660194174757284,0.6388888888888888
0,0.44660194174757284,0.6433566433566433
0,0.441747572815534,0.6408450704225352
0,0.441747572815534,0.6453900709219859
0,0.4368932038834951,0.6428571428571429
0,0.4368932038834951,0.6474820143884892
0,0.4368932038834951,0.6521739130434783
0,0.4320388349514563,0.6496350364963503
0,0.4320388349514563,0.6544117647058824
0,0.42718446601941745,0.6518518518518519
0,0.42718446601941745,0.6567164179104478
0,0.4223300970873786,0.6541353383458647
0,0.4174757281553398,0.6515151515151515
0,0.4174757281553398,0.6564885496183206
0,0.41262135922330095,0.6538461538461539
0,0.41262135922330095,0.6589147286821705
0,0.4077669902912621,0.65625
0,0.4077669902912621,0.6614173228346457
0,0.4029126213592233,0.6587301587301587
0,0.4029126213592233,0.664
0,0.4029126213592233,0.6693548387096774
0,0.4029126213592233,0.6747967479674797
0,0.39805825242718446,0.6721311475409836
0,0.39805825242718446,0.6776859504132231
0,0.3932038834951456,0.675
0,0.3883495145631068,0.6722689075630253
0,0.38349514563106796,0.6694915254237288
0,0.38349514563106796,0.6752136752136753
0,0.3786407766990291,0.6724137931034483
0,0.3786407766990291,0.6782608695652174
0,0.3737864077669903,0.6754385964912281
0,0.3737864077669903,0.6814159292035398
0,0.3737864077669903,0.6875
0,0.36893203883495146,0.6846846846846847
0,0.3640776699029126,0.6818181818181818
0,0.3640776699029126,0.6880733944954128
0,0.3640776699029126,0.6944444444444444
0,0.3640776699029126,0.7009345794392523
0,0.3640776699029126,0.7075471698113207
0,0.3592233009708738,0.7047619047619048
0,0.3592233009708738,0.7115384615384616
0,0.3592233009708738,0.7184466019417476
0,0.3592233009708738,0.7254901960784313
0,0.35436893203883496,0.7227722772277227
0,0.35436893203883496,0.73
0,0.35436893203883496,0.7373737373737373
0,0.34951456310679613,0.7346938775510204
0,0.3446601941747573,0.7319587628865979
0,0.33980582524271846,0.7291666666666666
0,0.33495145631067963,0.7263157894736842
0,0.3300970873786408,0.723404255319149
0,0.3300970873786408,0.7311827956989247
0,0.32524271844660196,0.7282608695652174
0,0.32038834951456313,0.7252747252747253
0,0.32038834951456313,0.7333333333333333
0,0.3155339805825243,0.7303370786516854
0,0.3106796116504854,0.7272727272727273
0,0.3058252427184466,0.7241379310344828
0,0.30097087378640774,0.7209302325581395
0,0.30097087378640774,0.7294117647058823
0,0.2961165048543689,0.7261904761904762
0,0.2912621359223301,0.7228915662650602
0,0.2912621359223301,0.7317073170731707
0,0.2912621359223301,0.7407407407407407
0,0.2912621359223301,0.75
0,0.28640776699029125,0.7468354430379747
0,0.2815533980582524,0.7435897435897436
0,0.2766990291262136,0.7402597402597403
0,0.27184466019417475,0.7368421052631579
0,0.27184466019417475,0.7466666666666667
0,0.27184466019417475,0.7567567567567568
0,0.2669902912621359,0.7534246575342466
0,0.2669902912621359,0.7638888888888888
0,0.2621359223300971,0.7605633802816901
0,0.25728155339805825,0.7571428571428571
0,0.2524271844660194,0.7536231884057971
0,0.2524271844660194,0.7647058823529411
0,0.24757281553398058,0.7611940298507462
0,0.24757281553398058,0.7727272727272727
0,0.24271844660194175,0.7692307692307693
0,0.23786407766990292,0.765625
0,0.23300970873786409,0.7619047619047619
0,0.22815533980582525,0.7580645161290323
0,0.22330097087378642,0.7540983606557377
0,0.21844660194174756,0.75
0,0.21359223300970873,0.7457627118644068
0,0.21359223300970873,0.7586206896551724
0,0.2087378640776699,0.7543859649122807
0,0.2087378640776699,0.7678571428571429
0,0.2087378640776699,0.7818181818181819
0,0.20388349514563106,0.7777777777777778
0,0.20388349514563106,0.7924528301886793
0,0.19902912621359223,0.7884615384615384
0,0.1941747572815534,0.7843137254901961
0,0.18932038834951456,0.78
0,0.18446601941747573,0.7755102040816326
0,0.1796116504854369,0.7708333333333334
0,0.17475728155339806,0.7659574468085106
0,0.16990291262135923,0.7608695652173914
0,0.16990291262135923,0.7777777777777778
0,0.1650485436893204,0.7727272727272727
0,0.1650485436893204,0.7906976744186046
0,0.1650485436893204,0.8095238095238095
0,0.16019417475728157,0.8048780487804879
0,0.1553398058252427,0.8
0,0.1553398058252427,0.8205128205128205
0,0.15048543689320387,0.8157894736842105
0,0.14563106796116504,0.8108108108108109
0,0.1407766990291262,0.8055555555555556
0,0.13592233009708737,0.8
0,0.13106796116504854,0.7941176470588235
0,0.1262135922330097,0.7878787878787878
0,0.12135922330097088,0.78125
0,0.12135922330097088,0.8064516129032258
0,0.11650485436893204,0.8
0,0.11165048543689321,0.7931034482758621
0,0.11165048543689321,0.8214285714285714
0,0.10679611650485436,0.8148148148148148
0,0.10194174757281553,0.8076923076923077
0,0.0970873786407767,0.8
0,0.09223300970873786,0.7916666666666666
0,0.08737864077669903,0.782608695652174
0,0.08737864077669903,0.8181818181818182
0,0.08737864077669903,0.8571428571428571
0,0.0825242718446602,0.85
0,0.07766990291262135,0.8421052631578947
0,0.07766990291262135,0.8888888888888888
0,0.07281553398058252,0.8823529411764706
0,0.06796116504854369,0.875
0,0.06310679611650485,0.8666666666666667
0,0.05825242718446602,0.8571428571428571
0,0.05339805825242718,0.8461538461538461
0,0.04854368932038835,0.8333333333333334
0,0.043689320388349516,0.8181818181818182
0,0.038834951456310676,0.8
0,0.03398058252427184,0.7777777777777778
0,0.02912621359223301,0.75
0,0.024271844660194174,0.7142857142857143
0,0.019417475728155338,0.6666666666666666
0,0.014563106796116505,0.6
0,0.009708737864077669,0.5
0,0.0048543689320388345,0.3333333333333333
0,0.0048543689320388345,0.5
0,0.0048543689320388345,1.0
0,0.0,1.0
1,1.0,0.25274725274725274
1,1.0,0.2530949105914718
1,1.0,0.2534435261707989
1,1.0,0.2537931034482759
1,1.0,0.2541436464088398
1,1.0,0.2544951590594744
1,1.0,0.2548476454293629
1,1.0,0.2552011095700416
1,1.0,0.25555555555555554
1,1.0,0.25591098748261476
1,1.0,0.2562674094707521
1,1.0,0.25662482566248257
1,0.9945652173913043,0.25558659217877094
1,0.9945652173913043,0.25594405594405595
1,0.9945652173913043,0.25630252100840334
1,0.9945652173913043,0.25666199158485276
1,0.9945652173913043,0.25702247191011235
1,0.9945652173913043,0.25738396624472576
1,0.9945652173913043,0.2577464788732394
1,0.9945652173913043,0.25811001410437234
1,0.9945652173913043,0.2584745762711864
1,0.9945652173913043,0.25884016973125884
1,0.9945652173913043,0.25920679886685555
1,0.9945652173913043,0.25957446808510637
1,0.9945652173913043,0.2599431818181818
1,0.9945652173913043,0.2603129445234708
1,0.9945652173913043,0.2606837606837607
1,0.9945652173913043,0.26105563480741795
1,0.9945652173913043,0.26142857142857145
1,0.9945652173913043,0.26180257510729615
1,0.9945652173913043,0.2621776504297994
1,0.9945652173913043,0.26255380200860834
1,0.9945652173913043,0.2629310344827586
1,0.9945652173913043,0.2633093525179856
1,0.9945652173913043,0.26368876080691644
1,0.9945652173913043,0.26406926406926406
1,0.9945652173913043,0.26445086705202314
1,0.9945652173913043,0.26483357452966716
1,0.9945652173913043,0.26521739130434785
1,0.9945652173913043,0.2656023222060958
1,0.9945652173913043,0.26598837209302323
1,0.9945652173913043,0.2663755458515284
1,0.9945652173913043,0.26676384839650147
1,0.9945652173913043,0.2671532846715328
1,0.9945652173913043,0.2675438596491228
1,0.9945652173913043,0.2679355783308931
1,0.9945652173913043,0.26832844574780057
1,0.9945652173913043,0.2687224669603524
1,0.9945652173913043,0.2691176470588235
1,0.9945652173913043,0.2695139911634757
1,0.9945652173913043,0.26991150442477874
1,0.9945652173913043,0.27031019202363366
1,0.9945652173913043,0.27071005917159763
1,0.9945652173913043,0.27111111111111114
1,0.9945652173913043,0.271513353115727
1,0.9945652173913043,0.27191679049034173
1,0.9891304347826086,0.2708333333333333
1,0.9836956521739131,0.2697466467958271
1,0.9836956521739131,0.2701492537313433
1,0.9836956521739131,0.2705530642750374
1,0.9836956521739131,0.27095808383233533
1,0.9836956521739131,0.27136431784107945
1,0.9836956521739131,0.27177177177177175
1,0.9836956521739131,0.2721804511278195
1,0.9836956521739131,0.27259036144578314
1,0.9782608695652174,0.27149321266968324
1,0.9782608695652174,0.2719033232628399
1,0.9782608695652174,0.2723146747352496
1,0.9782608695652174,0.2727272727272727
1,0.9782608695652174,0.2731411229135053
1,0.9782608695652174,0.2735562310030395
1,0.9782608695652174,0.273972602739726
1,0.9782608695652174,0.27439024390243905
1,0.9782608695652174,0.2748091603053435
1,0.9782608695652174,0.27522935779816515
1,0.9782608695652174,0.27565084226646247
1,0.9782608695652174,0.27607361963190186
1,0.9782608695652174,0.2764976958525346
1,0.9782608695652174,0.27692307692307694
1,0.9728260869565217,0.275808936825886
1,0.967391304347826,0.27469135802469136
1,0.967391304347826,0.2751159196290572
1,0.967391304347826,0.2755417956656347
1,0.967391304347826,0.27596899224806204
1,0.967391304347826,0.27639751552795033
1,0.967391304347826,0.27682737169517885
1,0.967391304347826,0.2772585669781931
1,0.967391304347826,0.27769110764430577
1,0.967391304347826,0.278125
1,0.9619565217391305,0.27699530516431925
1,0.9619565217391305,0.2774294670846395
1,0.9619565217391305,0.2778649921507064
1,0.9619565217391305,0.2783018867924528
1,0.9565217391304348,0.27716535433070866
1,0.9565217391304348,0.277602523659306
1,0.9565217391304348,0.27804107424960506
1,0.9510869565217391,0.27689873417721517
1,0.9510869565217391,0.277337559429477
1,0.9510869565217391,0.2777777777777778
1,0.9510869565217391,0.27821939586645467
1,0.9510869565217391,0.2786624203821656
1,0.9510869565217391,0.27910685805422647
1,0.9510869565217391,0.2795527156549521
1,0.9510869565217391,0.28
1,0.9510869565217391,0.28044871794871795
1,0.9510869565217391,0.2808988764044944
1,0.9510869565217391,0.28135048231511256
1,0.9510869565217391,0.28180354267310787
1,0.9510869565217391,0.28225806451612906
1,0.9510869565217391,0.2827140549273021
1,0.9510869565217391,0.28317152103559873
1,0.9510869565217391,0.28363047001620745
1,0.9510869565217391,0.2840909090909091
1,0.9510869565217391,0.2845528455284553
1,0.9510869565217391,0.28501628664495116
1,0.9510869565217391,0.28548123980424145
1,0.9510869565217391,0.28594771241830064
1,0.9510869565217391,0.2864157119476268
1,0.9510869565217391,0.28688524590163933
1,0.9510869565217391,0.28735632183908044
1,0.9510869565217391,0.2878289473684211
1,0.9510869565217391,0.2883031301482702
1,0.9510869565217391,0.2887788778877888
1,0.9510869565217391,0.2892561983471074
1,0.9510869565217391,0.2897350993377483
1,0.9510869565217391,0.2902155887230514
1,0.9510869565217391,0.29069767441860467
1,0.9510869565217391,0.2911813643926789
1,0.9510869565217391,0.2916666666666667
1,0.9510869565217391,0.2921535893155259
1,0.9510869565217391,0.29264214046822745
1,0.9510869565217391,0.2931323283082077
1,0.9510869565217391,0.2936241610738255
1,0.9510869565217391,0.29411764705882354
1,0.9510869565217391,0.2946127946127946
1,0.9510869565217391,0.2951096121416526
1,0.9510869565217391,0.2956081081081081
1,0.9510869565217391,0.2961082910321489
1,0.9510869565217391,0.2966101694915254
1,0.9456521739130435,0.29541595925297115
1,0.9456521739130435,0.29591836734693877
1,0.9402173913043478,0.29471890971039183
1,0.9347826086956522,0.2935153583617747
1,0.9347826086956522,0.294017094017094
1,0.9347826086956522,0.2945205479452055
1,0.9347826086956522,0.2950257289879931
1,0.9347826086956522,0.29553264604810997
1,0.9347826086956522,0.29604130808950085
1,0.9293478260869565,0.29482758620689653
1,0.9293478260869565,0.29533678756476683
1,0.9293478260869565,0.2958477508650519
1,0.9293478260869565,0.29636048526863085
1,0.9293478260869565,0.296875
1,0.9293478260869565,0.29739130434782607
1,0.9293478260869565,0.2979094076655052
1,0.9239130434782609,0.29668411867364747
1,0.9239130434782609,0.2972027972027972
1,0.9239130434782609,0.29772329246935203
1,0.9239130434782609,0.2982456140350877
1,0.9239130434782609,0.29876977152899825
1,0.9239130434782609,0.2992957746478873
1,0.9184782608695652,0.2980599647266314
1,0.9184782608695652,0.29858657243816256
1,0.9184782608695652,0.2991150442477876
1,0.9184782608695652,0.299645390070922
1,0.9184782608695652,0.30017761989342806
1,0.9184782608695652,0.30071174377224197
1,0.9184782608695652,0.30124777183600715
1,0.9184782608695652,0.30178571428571427
1,0.9184782608695652,0.3023255813953488
1,0.9184782608695652,0.30286738351254483
1,0.9184782608695652,0.30341113105924594
1,0.9184782608695652,0.3039568345323741
1,0.9184782608695652,0.3045045045045045
1,0.9130434782608695,0.30324909747292417
1,0.9130434782608695,0.3037974683544304
1,0.9130434782608695,0.30434782608695654
1,0.9130434782608695,0.30490018148820325
1,0.9130434782608695,0.3054545454545455
1,0.9130434782608695,0.30601092896174864
1,0.907608695652174,0.30474452554744524
1,0.9021739130434783,0.30347349177330896
1,0.9021739130434783,0.304029304029304
1,0.9021739130434783,0.30458715596330277
1,0.9021739130434783,0.30514705882352944
1,0.9021739130434783,0.30570902394106814
1,0.9021739130434783,0.3062730627306273
1,0.9021739130434783,0.3068391866913124
1,0.8967391304347826,0.3055555555555556
1,0.8967391304347826,0.30612244897959184
1,0.8967391304347826,0.3066914498141264
1,0.8967391304347826,0.30726256983240224
1,0.8967391304347826,0.30783582089552236
1,0.8967391304347826,0.308411214953271
1,0.8967391304347826,0.3089887640449438
1,0.8967391304347826,0.30956848030018763
1,0.8967391304347826,0.3101503759398496
1,0.8967391304347826,0.3107344632768362
1,0.8967391304347826,0.3113207547169811
1,0.8967391304347826,0.31190926275992437
1,0.8967391304347826,0.3125
1,0.8913043478260869,0.3111954459203036
1,0.8858695652173914,0.30988593155893535
1,0.8858695652173914,0.31047619047619046
1,0.8804347826086957,0.30916030534351147
1,0.8804347826086957,0.30975143403441685
1,0.8804347826086957,0.3103448275862069
1,0.8804347826086957,0.31094049904030713
1,0.8804347826086957,0.31153846153846154
1,0.8804347826086957,0.31213872832369943
1,0.8804347826086957,0.3127413127413127
1,0.8804347826086957,0.31334622823984526
1,0.8804347826086957,0.313953488372093
1,0.8804347826086957,0.3145631067961165
1,0.8804347826086957,0.3151750972762646
1,0.8804347826086957,0.3157894736842105
1,0.8804347826086957,0.31640625
1,0.8804347826086957,0.31702544031311153
1,0.8804347826086957,0.3176470588235294
1,0.8804347826086957,0.3182711198428291
1,0.875,0.3169291338582677
1,0.8695652173913043,0.3155818540433925
1,0.8695652173913043,0.31620553359683795
1,0.8695652173913043,0.31683168316831684
1,0.8641304347826086,0.31547619047619047
1,0.8641304347826086,0.31610337972166996
1,0.8641304347826086,0.31673306772908366
1,0.8641304347826086,0.31736526946107785
1,0.8641304347826086,0.318
1,0.8641304347826086,0.3186372745490982
1,0.8641304347826086,0.3192771084337349
1,0.8586956521739131,0.317907444668008
1,0.8586956521739131,0.3185483870967742
1,0.8586956521739131,0.3191919191919192
1,0.8586956521739131,0.31983805668016196
1,0.8532608695652174,0.3184584178498986
1,0.8532608695652174,0.31910569105691056
1,0.8532608695652174,0.319755600814664
1,0.8478260869565217,0.3183673469387755
1,0.8478260869565217,0.31901840490797545
1,0.842391304347826,0.3176229508196721
1,0.842391304347826,0.3182751540041068
1,0.842391304347826,0.31893004115226337
1,0.842391304347826,0.31958762886597936
1,0.842391304347826,0.3202479338842975
1,0.842391304347826,0.32091097308488614
1,0.8369565217391305,0.31950207468879666
1,0.8369565217391305,0.3201663201663202
1,0.8369565217391305,0.32083333333333336
1,0.8315217391304348,0.31941544885177453
1,0.8260869565217391,0.3179916317991632
1,0.8206521739130435,0.3165618448637317
1,0.8206521739130435,0.3172268907563025
1,0.8206521739130435,0.3178947368421053
1,0.8206521739130435,0.31856540084388185
1,0.8206521739130435,0.3192389006342495
1,0.8206521739130435,0.3199152542372881
1,0.8206521739130435,0.3205944798301486
1,0.8206521739130435,0.32127659574468087
1,0.8206521739130435,0.32196162046908317
1,0.8206521739130435,0.32264957264957267
1,0.8206521739130435,0.3233404710920771
1,0.8206521739130435,0.3240343347639485
1,0.8206521739130435,0.3247311827956989
1,0.8206521739130435,0.3254310344827586
1,0.8206521739130435,0.326133909287257
1,0.8206521739130435,0.3268398268398268
1,0.8206521739130435,0.3275488069414317
1,0.8152173913043478,0.32608695652173914
1,0.8097826086956522,0.32461873638344224
1,0.8097826086956522,0.32532751091703055
1,0.8097826086956522,0.32603938730853393
1,0.8097826086956522,0.3267543859649123
1,0.8097826086956522,0.3274725274725275
1,0.8043478260869565,0.32599118942731276
1,0.8043478260869565,0.32671081677704195
1,0.7989130434782609,0.3252212389380531
1,0.7934782608695652,0.3237250554323725
1,0.7934782608695652,0.3244444444444444
1,0.7934782608695652,0.32516703786191536
1,0.7934782608695652,0.32589285714285715
1,0.7934782608695652,0.32662192393736017
1,0.7934782608695652,0.3273542600896861
1,0.7934782608695652,0.32808988764044944
1,0.7880434782608695,0.32657657657657657
1,0.782608695652174,0.32505643340857787
1,0.782608695652174,0.3257918552036199
1,0.782608695652174,0.32653061224489793
1,0.7771739130434783,0.325
1,0.7771739130434783,0.32574031890660593
1,0.7771739130434783,0.3264840182648402
1,0.7717391304347826,0.32494279176201374
1,0.7717391304347826,0.3256880733944954
1,0.7717391304347826,0.3264367816091954
1,0.7663043478260869,0.3248847926267281
1,0.7663043478260869,0.325635103926097
1,0.7663043478260869,0.3263888888888889
1,0.7663043478260869,0.3271461716937355
1,0.7663043478260869,0.32790697674418606
1,0.7663043478260869,0.32867132867132864
1,0.7663043478260869,0.3294392523364486
1,0.7608695652173914,0.32786885245901637
1,0.7608695652173914,0.3286384976525822
1,0.7608695652173914,0.32941176470588235
1,0.7608695652173914,0.330188679245283
1,0.7608695652173914,0.3309692671394799
1,0.7608695652173914,0.33175355450236965
1,0.7608695652173914,0.332541567695962
1,0.7608695652173914,0.3333333333333333
1,0.7608695652173914,0.3341288782816229
1,0.7608695652173914,0.3349282296650718
1,0.7608695652173914,0.33573141486810554
1,0.7608695652173914,0.33653846153846156
1,0.7608695652173914,0.3373493975903614
1,0.7608695652173914,0.33816425120772947
1,0.7608695652173914,0.3389830508474576
1,0.7554347826086957,0.33737864077669905
1,0.7554347826086957,0.3381995133819951
1,0.7554347826086957,0.33902439024390246
1,0.7554347826086957,0.33985330073349634
1,0.7554347826086957,0.34068627450980393
1,0.7554347826086957,0.3415233415233415
1,0.7554347826086957,0.34236453201970446
1,0.7554347826086957,0.3432098765432099
1,0.7554347826086957,0.34405940594059403
1,0.75,0.3424317617866005
1,0.75,0.34328358208955223
1,0.75,0.34413965087281795
1,0.75,0.345
1,0.7445652173913043,0.3433583959899749
1,0.7445652173913043,0.3442211055276382
1,0.7445652173913043,0.345088161209068
1,0.7445652173913043,0.34595959595959597
1,0.7445652173913043,0.3468354430379747
1,0.7391304347826086,0.34517766497461927
1,0.7391304347826086,0.3460559796437659
1,0.7391304347826086,0.3469387755102041
1,0.7336956521739131,0.3452685421994885
1,0.7336956521739131,0.34615384615384615
1,0.7336956521739131,0.34704370179948585
1,0.7336956521739131,0.3479381443298969
1,0.7336956521739131,0.3488372093023256
1,0.7336956521739131,0.34974093264248707
1,0.7336956521739131,0.35064935064935066
1,0.7336956521739131,0.3515625
1,0.7336956521739131,0.3524804177545692
1,0.7336956521739131,0.35340314136125656
1,0.7336956521739131,0.3543307086614173
1,0.7336956521739131,0.35526315789473684
1,0.7336956521739131,0.3562005277044855
1,0.7336956521739131,0.35714285714285715
1,0.7336956521739131,0.35809018567639256
1,0.7336956521739131,0.35904255319148937
1,0.7336956521739131,0.36
1,0.7282608695652174,0.3582887700534759
1,0.7282608695652174,0.35924932975871315
1,0.7282608695652174,0.3602150537634409
1,0.7282608695652174,0.3611859838274933
1,0.7282608695652174,0.3621621621621622
1,0.7228260869565217,0.3604336043360434
1,0.717391304347826,0.358695652173913
1,0.7119565217391305,0.3569482288828338
1,0.7119565217391305,0.35792349726775957
1,0.7065217391304348,0.3561643835616438
1,0.7065217391304348,0.35714285714285715
1,0.7065217391304348,0.3581267217630854
1,0.7065217391304348,0.35911602209944754
1,0.7010869565217391,0.3573407202216066
1,0.7010869565217391,0.35833333333333334
1,0.7010869565217391,0.3593314763231198
1,0.6956521739130435,0.3575418994413408
1,0.6956521739130435,0.3585434173669468
1,0.6956521739130435,0.3595505617977528
1,0.6956521739130435,0.36056338028169016
1,0.6956521739130435,0.3615819209039548
1,0.6902173913043478,0.3597733711048159
1,0.6902173913043478,0.36079545454545453
1,0.6902173913043478,0.36182336182336183
1,0.6847826086956522,0.36
1,0.6847826086956522,0.36103151862464183
1,0.6847826086956522,0.3620689655172414
1,0.6793478260869565,0.36023054755043227
1,0.6793478260869565,0.36127167630057805
1,0.6739130434782609,0.35942028985507246
1,0.6739130434782609,0.36046511627906974
1,0.6739130434782609,0.36151603498542273
1,0.6739130434782609,0.36257309941520466
1,0.6739130434782609,0.36363636363636365
1,0.6739130434782609,0.36470588235294116
1,0.6684782608695652,0.36283185840707965
1,0.6684782608695652,0.363905325443787
1,0.6684782608695652,0.3649851632047478
1,0.6684782608695652,0.36607142857142855
1,0.6630434782608695,0.3641791044776119
1,0.6630434782608695,0.3652694610778443
1,0.657608695652174,0.3633633633633634
1,0.657608695652174,0.3644578313253012
1,0.6521739130434783,0.36253776435045315
1,0.6521739130434783,0.36363636363636365
1,0.6521739130434783,0.364741641337386
1,0.6521739130434783,0.36585365853658536
1,0.6521739130434783,0.3669724770642202
1,0.6521739130434783,0.36809815950920244
1,0.6521739130434783,0.36923076923076925
1,0.6521739130434783,0.37037037037037035
1,0.6467391304347826,0.3684210526315789
1,0.6467391304347826,0.3695652173913043
1,0.6467391304347826,0.3707165109034268
1,0.6467391304347826,0.371875
1,0.6467391304347826,0.3730407523510972
1,0.6413043478260869,0.3710691823899371
1,0.6413043478260869,0.3722397476340694
1,0.6358695652173914,0.370253164556962
1,0.6358695652173914,0.37142857142857144
1,0.6304347826086957,0.36942675159235666
1,0.6304347826086957,0.3706070287539936
1,0.6304347826086957,0.3717948717948718
1,0.625,0.36977491961414793
1,0.625,0.3709677419354839
1,0.625,0.37216828478964403
1,0.625,0.37337662337662336
1,0.6195652173913043,0.3713355048859935
1,0.6195652173913043,0.37254901960784315
1,0.6195652173913043,0.3737704918032787
1,0.6195652173913043,0.375
1,0.6195652173913043,0.37623762376237624
1,0.6141304347826086,0.3741721854304636
1,0.6141304347826086,0.3754152823920266
1,0.6086956521739131,0.37333333333333335
1,0.6086956521739131,0.3745819397993311
1,0.6086956521739131,0.37583892617449666
1,0.6032608695652174,0.37373737373737376
1,0.6032608695652174,0.375
1,0.6032608695652174,0.376271186440678
1,0.6032608695652174,0.37755102040816324
1,0.6032608695652174,0.378839590443686
1,0.6032608695652174,0.3801369863013699
1,0.6032608695652174,0.38144329896907214
1,0.6032608695652174,0.38275862068965516
1,0.6032608695652174,0.38408304498269896
1,0.6032608695652174,0.3854166666666667
1,0.6032608695652174,0.3867595818815331
1,0.6032608695652174,0.3881118881118881
1,0.6032608695652174,0.3894736842105263
1,0.6032608695652174,0.3908450704225352
1,0.6032608695652174,0.392226148409894
1,0.6032608695652174,0.39361702127659576
1,0.5978260869565217,0.3914590747330961
1,0.5978260869565217,0.39285714285714285
1,0.5978260869565217,0.3942652329749104
1,0.5978260869565217,0.39568345323741005
1,0.5978260869565217,0.3971119133574007
1,0.5978260869565217,0.39855072463768115
1,0.5978260869565217,0.4
1,0.592391304347826,0.3978102189781022
1,0.5869565217391305,0.3956043956043956
1,0.5869565217391305,0.39705882352941174
1,0.5815217391304348,0.3948339483394834
1,0.5760869565217391,0.3925925925925926
1,0.5760869565217391,0.3940520446096654
1,0.5760869565217391,0.39552238805970147
1,0.5760869565217391,0.3970037453183521
1,0.5760869565217391,0.39849624060150374
1,0.5760869565217391,0.4
1,0.5760869565217391,0.4015151515151515
1,0.5760869565217391,0.40304182509505704
1,0.5760869565217391,0.40458015267175573
1,0.5706521739130435,0.40229885057471265
1,0.5706521739130435,0.40384615384615385
1,0.5706521739130435,0.40540540540540543
1,0.5706521739130435,0.4069767441860465
1,0.5706521739130435,0.4085603112840467
1,0.5706521739130435,0.41015625
1,0.5706521739130435,0.4117647058823529
1,0.5706521739130435,0.41338582677165353
1,0.5706521739130435,0.4150197628458498
1,0.5706521739130435,0.4166666666666667
1,0.5652173913043478,0.41434262948207173
1,0.5652173913043478,0.416
1,0.5652173913043478,0.41767068273092367
1,0.5652173913043478,0.41935483870967744
1,0.5597826086956522,0.41700404858299595
1,0.5597826086956522,0.4186991869918699
1,0.5543478260869565,0.4163265306122449
1,0.5489130434782609,0.4139344262295082
1,0.5434782608695652,0.411522633744856
1,0.5434782608695652,0.4132231404958678
1,0.5434782608695652,0.4149377593360996
1,0.5380434782608695,0.4125
1,0.5380434782608695,0.41422594142259417
1,0.5380434782608695,0.41596638655462187
1,0.5380434782608695,0.4177215189873418
1,0.5380434782608695,0.4194915254237288
1,0.5380434782608695,0.42127659574468085
1,0.532608695652174,0.4188034188034188
1,0.532608695652174,0.4206008583690987
1,0.532608695652174,0.4224137931034483
1,0.532608695652174,0.42424242424242425
1,0.532608695652174,0.4260869565217391
1,0.532608695652174,0.4279475982532751
1,0.5271739130434783,0.42543859649122806
1,0.5271739130434783,0.42731277533039647
1,0.5271739130434783,0.42920353982300885
1,0.5271739130434783,0.4311111111111111
1,0.5271739130434783,0.4330357142857143
1,0.5217391304347826,0.4304932735426009
1,0.5217391304347826,0.43243243243243246
1,0.5217391304347826,0.4343891402714932
1,0.5163043478260869,0.4318181818181818
1,0.5108695652173914,0.4292237442922374
1,0.5108695652173914,0.43119266055045874
1,0.5108695652173914,0.43317972350230416
1,0.5108695652173914,0.4351851851851852
1,0.5108695652173914,0.4372093023255814
1,0.5054347826086957,0.43457943925233644
1,0.5054347826086957,0.43661971830985913
1,0.5054347826086957,0.4386792452830189
1,0.5054347826086957,0.44075829383886256
1,0.5,0.4380952380952381
1,0.5,0.44019138755980863
1,0.4945652173913043,0.4375
1,0.4945652173913043,0.4396135265700483
1,0.4891304347826087,0.4368932038834951
1,0.4891304347826087,0.43902439024390244
1,0.483695652173913,0.4362745098039216
1,0.4782608695652174,0.43349753694581283
1,0.4782608695652174,0.43564356435643564
1,0.4782608695652174,0.43781094527363185
1,0.47282608695652173,0.435
1,0.4673913043478261,0.4321608040201005
1,0.4673913043478261,0.43434343434343436
1,0.46195652173913043,0.43147208121827413
1,0.45652173913043476,0.42857142857142855
1,0.45652173913043476,0.4307692307692308
1,0.45652173913043476,0.4329896907216495
1,0.45108695652173914,0.43005181347150256
1,0.45108695652173914,0.4322916666666667
1,0.45108695652173914,0.43455497382198954
1,0.44565217391304346,0.43157894736842106
1,0.44021739130434784,0.42857142857142855
1,0.44021739130434784,0.4308510638297872
1,0.43478260869565216,0.42780748663101603
1,0.42934782608695654,0.42473118279569894
1,0.42391304347826086,0.42162162162162165
1,0.41847826086956524,0.41847826086956524
1,0.41847826086956524,0.4207650273224044
1,0.41847826086956524,0.4230769230769231
1,0.41847826086956524,0.425414364640884
1,0.41847826086956524,0.42777777777777776
1,0.41847826086956524,0.4301675977653631
1,0.41304347826086957,0.42696629213483145
1,0.41304347826086957,0.4293785310734463
1,0.4076086956521739,0.42613636363636365
1,0.4076086956521739,0.42857142857142855
1,0.4076086956521739,0.43103448275862066
1,0.4076086956521739,0.43352601156069365
1,0.4076086956521739,0.436046511627907
1,0.4076086956521739,0.43859649122807015
1,0.4076086956521739,0.4411764705882353
1,0.40217391304347827,0.4378698224852071
1,0.40217391304347827,0.44047619047619047
1,0.40217391304347827,0.4431137724550898
1,0.3967391304347826,0.4397590361445783
1,0.3967391304347826,0.44242424242424244
1,0.3967391304347826,0.4451219512195122
1,0.3967391304347826,0.44785276073619634
1,0.3967391304347826,0.4506172839506173
1,0.391304347826087,0.4472049689440994
1,0.391304347826087,0.45
1,0.391304347826087,0.4528301886792453
1,0.3858695652173913,0.44936708860759494
1,0.3858695652173913,0.45222929936305734
1,0.3858695652173913,0.4551282051282051
1,0.3858695652173913,0.45806451612903226
1,0.3804347826086957,0.45454545454545453
1,0.3804347826086957,0.45751633986928103
1,0.3804347826086957,0.4605263157894737
1,0.3804347826086957,0.46357615894039733
1,0.3804347826086957,0.4666666666666667
1,0.3804347826086957,0.4697986577181208
1,0.375,0.46621621621621623
1,0.3695652173913043,0.46258503401360546
1,0.3641304347826087,0.4589041095890411
1,0.358695652173913,0.45517241379310347
1,0.3532608695652174,0.4513888888888889
1,0.3532608695652174,0.45454545454545453
1,0.3532608695652174,0.45774647887323944
1,0.34782608695652173,0.45390070921985815
1,0.34782608695652173,0.45714285714285713
1,0.34782608695652173,0.460431654676259
1,0.3423913043478261,0.45652173913043476
1,0.3423913043478261,0.45985401459854014
1,0.33695652173913043,0.45588235294117646
1,0.33152173913043476,0.45185185185185184
1,0.32608695652173914,0.44776119402985076
1,0.32065217391304346,0.44360902255639095
1,0.32065217391304346,0.44696969696969696
1,0.32065217391304346,0.45038167938931295
1,0.31521739130434784,0.4461538461538462
1,0.30978260869565216,0.4418604651162791
1,0.30978260869565216,0.4453125
1,0.30978260869565216,0.44881889763779526
1,0.30978260869565216,0.4523809523809524
1,0.30978260869565216,0.456
1,0.30978260869565216,0.4596774193548387
1,0.30434782608695654,0.45528455284552843
1,0.30434782608695654,0.45901639344262296
1,0.30434782608695654,0.4628099173553719
1,0.30434782608695654,0.4666666666666667
1,0.29891304347826086,0.46218487394957986
1,0.29891304347826086,0.4661016949152542
1,0.29347826086956524,0.46153846153846156
1,0.29347826086956524,0.46551724137931033
1,0.29347826086956524,0.46956521739130436
1,0.29347826086956524,0.47368421052631576
1,0.28804347826086957,0.4690265486725664
1,0.28804347826086957,0.4732142857142857
1,0.2826086956521739,0.46846846846846846
1,0.2826086956521739,0.4727272727272727
1,0.2826086956521739,0.47706422018348627
1,0.2826086956521739,0.48148148148148145
1,0.2826086956521739,0.48598130841121495
1,0.27717391304347827,0.4811320754716981
1,0.2717391304347826,0.47619047619047616
1,0.266304347826087,0.47115384615384615
1,0.2608695652173913,0.46601941747572817
1,0.2608695652173913,0.47058823529411764
1,0.2554347826086957,0.46534653465346537
1,0.25,0.46
1,0.25,0.46464646464646464
1,0.24456521739130435,0.45918367346938777
1,0.2391304347826087,0.4536082474226804
1,0.2391304347826087,0.4583333333333333
1,0.2391304347826087,0.4631578947368421
1,0.2391304347826087,0.46808510638297873
1,0.2391304347826087,0.4731182795698925
1,0.2391304347826087,0.4782608695652174
1,0.23369565217391305,0.4725274725274725
1,0.23369565217391305,0.4777777777777778
1,0.22826086956521738,0.47191011235955055
1,0.22826086956521738,0.4772727272727273
1,0.22282608695652173,0.47126436781609193
1,0.21739130434782608,0.46511627906976744
1,0.21739130434782608,0.47058823529411764
1,0.21739130434782608,0.47619047619047616
1,0.21739130434782608,0.4819277108433735
1,0.21739130434782608,0.4878048780487805
1,0.21739130434782608,0.49382716049382713
1,0.21739130434782608,0.5
1,0.21739130434782608,0.5063291139240507
1,0.21739130434782608,0.5128205128205128
1,0.21739130434782608,0.5194805194805194
1,0.21195652173913043,0.5131578947368421
1,0.20652173913043478,0.5066666666666667
1,0.20108695652173914,0.5
1,0.1956521739130435,0.4931506849315068
1,0.1956521739130435,0.5
1,0.1956521739130435,0.5070422535211268
1,0.1956521739130435,0.5142857142857142
1,0.19021739130434784,0.5072463768115942
1,0.19021739130434784,0.5147058823529411
1,0.18478260869565216,0.5074626865671642
1,0.1793478260869565,0.5
1,0.1793478260869565,0.5076923076923077
1,0.1793478260869565,0.515625
1,0.1793478260869565,0.5238095238095238
1,0.1793478260869565,0.532258064516129
1,0.17391304347826086,0.5245901639344263
1,0.17391304347826086,0.5333333333333333
1,0.16847826086956522,0.5254237288135594
1,0.16847826086956522,0.5344827586206896
1,0.16304347826086957,0.5263157894736842
1,0.15760869565217392,0.5178571428571429
1,0.15760869565217392,0.5272727272727272
1,0.15217391304347827,0.5185185185185185
1,0.14673913043478262,0.5094339622641509
1,0.14130434782608695,0.5
1,0.14130434782608695,0.5098039215686274
1,0.1358695652173913,0.5
1,0.1358695652173913,0.5102040816326531
1,0.13043478260869565,0.5
1,0.13043478260869565,0.5106382978723404
1,0.13043478260869565,0.5217391304347826
1,0.13043478260869565,0.5333333333333333
1,0.13043478260869565,0.5454545454545454
1,0.13043478260869565,0.5581395348837209
1,0.13043478260869565,0.5714285714285714
1,0.125,0.5609756097560976
1,0.11956521739130435,0.55
1,0.11413043478260869,0.5384615384615384
1,0.11413043478260869,0.5526315789473685
1,0.11413043478260869,0.5675675675675675
1,0.10869565217391304,0.5555555555555556
1,0.10326086956521739,0.5428571428571428
1,0.09782608695652174,0.5294117647058824
1,0.09239130434782608,0.5151515151515151
1,0.08695652173913043,0.5
1,0.08695652173913043,0.5161290322580645
1,0.08152173913043478,0.5
1,0.08152173913043478,0.5172413793103449
1,0.08152173913043478,0.5357142857142857
1,0.08152173913043478,0.5555555555555556
1,0.07608695652173914,0.5384615384615384
1,0.07608695652173914,0.56
1,0.07608695652173914,0.5833333333333334
1,0.07065217391304347,0.5652173913043478
1,0.06521739130434782,0.5454545454545454
1,0.06521739130434782,0.5714285714285714
1,0.06521739130434782,0.6
1,0.059782608695652176,0.5789473684210527
1,0.059782608695652176,0.6111111111111112
1,0.05434782608695652,0.5882352941176471
1,0.04891304347826087,0.5625
1,0.04891304347826087,0.6
1,0.043478260869565216,0.5714285714285714
1,0.03804347826086957,0.5384615384615384
1,0.03260869565217391,0.5
1,0.03260869565217391,0.5454545454545454
1,0.02717391304347826,0.5
1,0.021739130434782608,0.4444444444444444
1,0.021739130434782608,0.5
1,0.016304347826086956,0.42857142857142855
1,0.016304347826086956,0.5
1,0.010869565217391304,0.4
1,0.010869565217391304,0.5
1,0.010869565217391304,0.6666666666666666
1,0.005434782608695652,0.5
1,0.005434782608695652,1.0
1,0.0,1.0
2,1.0,0.4642857142857143
2,1.0,0.4649243466299862
2,1.0,0.465564738292011
2,1.0,0.46620689655172415
2,1.0,0.46685082872928174
2,0.9970414201183432,0.4661134163208852
2,0.9970414201183432,0.4667590027700831
2,0.9970414201183432,0.46740638002773927
2,0.9970414201183432,0.46805555555555556
2,0.9970414201183432,0.46870653685674546
2,0.9970414201183432,0.46935933147632314
2,0.9970414201183432,0.4700139470013947
2,0.9970414201183432,0.47067039106145253
2,0.9970414201183432,0.47132867132867134
2,0.9970414201183432,0.47198879551820727
2,0.9970414201183432,0.4726507713884993
2,0.9970414201183432,0.47331460674157305
2,0.9970414201183432,0.4739803094233474
2,0.9970414201183432,0.47464788732394364
2,0.9970414201183432,0.47531734837799716
2,0.9970414201183432,0.4759887005649718
2,0.9970414201183432,0.4766619519094767
2,0.9940828402366864,0.47592067988668557
2,0.9940828402366864,0.4765957446808511
2,0.9940828402366864,0.4772727272727273
2,0.9940828402366864,0.4779516358463727
2,0.9940828402366864,0.47863247863247865
2,0.9940828402366864,0.4793152639087018
2,0.9940828402366864,0.48
2,0.9940828402366864,0.48068669527896996
2,0.9940828402366864,0.4813753581661891
2,0.9940828402366864,0.48206599713055953
2,0.9940828402366864,0.4827586206896552
2,0.9940828402366864,0.48345323741007196
2,0.9940828402366864,0.484149855907781
2,0.9911242603550295,0.4834054834054834
2,0.9911242603550295,0.4841040462427746
2,0.9911242603550295,0.48480463096960924
2,0.9911242603550295,0.4855072463768116
2,0.9911242603550295,0.4862119013062409
2,0.9911242603550295,0.48691860465116277
2,0.9911242603550295,0.487627365356623
2,0.9911242603550295,0.48833819241982507
2,0.9911242603550295,0.48905109489051096
2,0.9911242603550295,0.489766081871345
2,0.9911242603550295,0.4904831625183016
2,0.9911242603550295,0.4912023460410557
2,0.9911242603550295,0.4919236417033774
2,0.9911242603550295,0.49264705882352944
2,0.9881656804733728,0.49189985272459497
2,0.9881656804733728,0.49262536873156343
2,0.985207100591716,0.4918759231905465
2,0.9822485207100592,0.4911242603550296
2,0.9822485207100592,0.4918518518518519
2,0.9822485207100592,0.49258160237388726
2,0.9822485207100592,0.4933135215453195
2,0.9822485207100592,0.49404761904761907
2,0.9822485207100592,0.4947839046199702
2,0.9822485207100592,0.4955223880597015
2,0.9792899408284024,0.4947683109118087
2,0.9792899408284024,0.49550898203592814
2,0.9792899408284024,0.4962518740629685
2,0.9763313609467456,0.4954954954954955
2,0.9763313609467456,0.49624060150375937
2,0.9763313609467456,0.49698795180722893
2,0.9763313609467456,0.497737556561086
2,0.9763313609467456,0.4984894259818731
2,0.9763313609467456,0.49924357034795763
2,0.9733727810650887,0.4984848484848485
2,0.9733727810650887,0.4992412746585736
2,0.9733727810650887,0.5
2,0.9733727810650887,0.5007610350076104
2,0.9733727810650887,0.5015243902439024
2,0.9733727810650887,0.5022900763358779
2,0.9733727810650887,0.5030581039755352
2,0.9733727810650887,0.5038284839203675
2,0.9733727810650887,0.504601226993865
2,0.9733727810650887,0.5053763440860215
2,0.9704142011834319,0.5046153846153846
2,0.9704142011834319,0.5053929121725732
2,0.9704142011834319,0.5061728395061729
2,0.9704142011834319,0.5069551777434312
2,0.9704142011834319,0.5077399380804953
2,0.9704142011834319,0.5085271317829457
2,0.9704142011834319,0.5093167701863354
2,0.9704142011834319,0.5101088646967341
2,0.9704142011834319,0.5109034267912772
2,0.9704142011834319,0.5117004680187207
2,0.9704142011834319,0.5125
2,0.9704142011834319,0.513302034428795
2,0.9674556213017751,0.512539184952978
2,0.9674556213017751,0.5133437990580848
2,0.9674556213017751,0.5141509433962265
2,0.9674556213017751,0.5149606299212598
2,0.9674556213017751,0.5157728706624606
2,0.9674556213017751,0.5165876777251185
2,0.9674556213017751,0.5174050632911392
2,0.9674556213017751,0.5182250396196514
2,0.9674556213017751,0.5190476190476191
2,0.9644970414201184,0.5182829888712241
2,0.9644970414201184,0.5191082802547771
2,0.9644970414201184,0.5199362041467305
2,0.9644970414201184,0.5207667731629393
2,0.9644970414201184,0.5216
2,0.9615384615384616,0.5208333333333334
2,0.9615384615384616,0.521669341894061
2,0.9615384615384616,0.522508038585209
2,0.9615384615384616,0.5233494363929146
2,0.9615384615384616,0.5241935483870968
2,0.9615384615384616,0.5250403877221325
2,0.9615384615384616,0.5258899676375405
2,0.9585798816568047,0.5251215559157212
2,0.9585798816568047,0.525974025974026
2,0.9556213017751479,0.5252032520325203
2,0.9556213017751479,0.5260586319218241
2,0.9556213017751479,0.5269168026101142
2,0.9556213017751479,0.5277777777777778
2,0.9556213017751479,0.5286415711947627
2,0.9526627218934911,0.5278688524590164
2,0.9526627218934911,0.5287356321839081
2,0.9497041420118343,0.5279605263157895
2,0.9497041420118343,0.528830313014827
2,0.9497041420118343,0.5297029702970297
2,0.9497041420118343,0.5305785123966942
2,0.9497041420118343,0.5314569536423841
2,0.9497041420118343,0.5323383084577115
2,0.9467455621301775,0.53156146179402
2,0.9467455621301775,0.5324459234608985
2,0.9467455621301775,0.5333333333333333
2,0.9467455621301775,0.5342237061769616
2,0.9467455621301775,0.5351170568561873
2,0.9467455621301775,0.5360134003350083
2,0.9467455621301775,0.5369127516778524
2,0.9437869822485208,0.5361344537815126
2,0.9437869822485208,0.5370370370370371
2,0.9437869822485208,0.5379426644182125
2,0.9437869822485208,0.5388513513513513
2,0.9437869822485208,0.5397631133671743
2,0.9437869822485208,0.5406779661016949
2,0.9437869822485208,0.5415959252971138
2,0.9437869822485208,0.5425170068027211
2,0.9437869822485208,0.5434412265758092
2,0.9437869822485208,0.5443686006825939
2,0.9437869822485208,0.5452991452991452
2,0.9408284023668639,0.5445205479452054
2,0.9408284023668639,0.5454545454545454
2,0.9378698224852071,0.5446735395189003
2,0.9349112426035503,0.5438898450946644
2,0.9349112426035503,0.5448275862068965
2,0.9349112426035503,0.5457685664939551
2,0.9349112426035503,0.5467128027681661
2,0.9349112426035503,0.5476603119584056
2,0.9349112426035503,0.5486111111111112
2,0.9349112426035503,0.5495652173913044
2,0.9319526627218935,0.5487804878048781
2,0.9289940828402367,0.5479930191972077
2,0.9260355029585798,0.5472027972027972
2,0.9230769230769231,0.5464098073555166
2,0.9230769230769231,0.5473684210526316
2,0.9230769230769231,0.5483304042179262
2,0.9201183431952663,0.5475352112676056
2,0.9201183431952663,0.5485008818342152
2,0.9201183431952663,0.549469964664311
2,0.9201183431952663,0.5504424778761062
2,0.9171597633136095,0.549645390070922
2,0.9142011834319527,0.5488454706927176
2,0.9142011834319527,0.5498220640569395
2,0.9142011834319527,0.5508021390374331
2,0.9142011834319527,0.5517857142857143
2,0.9112426035502958,0.5509838998211091
2,0.908284023668639,0.5501792114695341
2,0.908284023668639,0.5511669658886894
2,0.908284023668639,0.552158273381295
2,0.9053254437869822,0.5513513513513514
2,0.9053254437869822,0.5523465703971119
2,0.9053254437869822,0.5533453887884268
2,0.9023668639053254,0.552536231884058
2,0.8994082840236687,0.5517241379310345
2,0.8994082840236687,0.5527272727272727
2,0.8994082840236687,0.5537340619307832
2,0.8994082840236687,0.5547445255474452
2,0.8964497041420119,0.5539305301645339
2,0.8964497041420119,0.554945054945055
2,0.8964497041420119,0.5559633027522936
2,0.893491124260355,0.5551470588235294
2,0.8905325443786982,0.5543278084714549
2,0.8875739644970414,0.5535055350553506
2,0.8846153846153846,0.5526802218114603
2,0.8816568047337278,0.5518518518518518
2,0.8816568047337278,0.5528756957328386
2,0.878698224852071,0.5520446096654275
2,0.878698224852071,0.553072625698324
2,0.878698224852071,0.5541044776119403
2,0.878698224852071,0.5551401869158878
2,0.8757396449704142,0.5543071161048689
2,0.8757396449704142,0.5553470919324578
2,0.8757396449704142,0.556390977443609
2,0.8727810650887574,0.5555555555555556
2,0.8727810650887574,0.5566037735849056
2,0.8727810650887574,0.55765595463138
2,0.8698224852071006,0.5568181818181818
2,0.8668639053254438,0.5559772296015181
2,0.8668639053254438,0.5570342205323194
2,0.8668639053254438,0.5580952380952381
2,0.863905325443787,0.5572519083969466
2,0.863905325443787,0.5583173996175909
2,0.863905325443787,0.5593869731800766
2,0.8609467455621301,0.5585412667946257
2,0.8609467455621301,0.5596153846153846
2,0.8609467455621301,0.5606936416184971
2,0.8609467455621301,0.5617760617760618
2,0.8609467455621301,0.562862669245648
2,0.8609467455621301,0.563953488372093
2,0.8609467455621301,0.5650485436893203
2,0.8609467455621301,0.566147859922179
2,0.8579881656804734,0.5653021442495126
2,0.8579881656804734,0.56640625
2,0.8579881656804734,0.5675146771037182
2,0.8579881656804734,0.5686274509803921
2,0.8579881656804734,0.5697445972495089
2,0.8579881656804734,0.5708661417322834
2,0.8579881656804734,0.571992110453649
2,0.8550295857988166,0.5711462450592886
2,0.8550295857988166,0.5722772277227722
2,0.8520710059171598,0.5714285714285714
2,0.8520710059171598,0.5725646123260437
2,0.8520710059171598,0.5737051792828686
2,0.8520710059171598,0.5748502994011976
2,0.849112426035503,0.574
2,0.849112426035503,0.5751503006012024
2,0.849112426035503,0.5763052208835341
2,0.849112426035503,0.5774647887323944
2,0.8461538461538461,0.5766129032258065
2,0.8461538461538461,0.5777777777777777
2,0.8461538461538461,0.5789473684210527
2,0.8461538461538461,0.5801217038539553
2,0.8461538461538461,0.5813008130081301
2,0.8431952662721893,0.5804480651731161
2,0.8431952662721893,0.5816326530612245
2,0.8431952662721893,0.5828220858895705
2,0.8431952662721893,0.5840163934426229
2,0.8431952662721893,0.5852156057494866
2,0.8431952662721893,0.5864197530864198
2,0.8431952662721893,0.5876288659793815
2,0.8402366863905325,0.5867768595041323
2,0.8402366863905325,0.587991718426501
2,0.8402366863905325,0.5892116182572614
2,0.8372781065088757,0.5883575883575883
2,0.8372781065088757,0.5895833333333333
2,0.8372781065088757,0.5908141962421712
2,0.8372781065088757,0.5920502092050209
2,0.834319526627219,0.5911949685534591
2,0.834319526627219,0.592436974789916
2,0.8313609467455622,0.5915789473684211
2,0.8313609467455622,0.5928270042194093
2,0.8313609467455622,0.5940803382663847
2,0.8284023668639053,0.5932203389830508
2,0.8254437869822485,0.5923566878980892
2,0.8254437869822485,0.5936170212765958
2,0.8254437869822485,0.5948827292110874
2,0.8254437869822485,0.5961538461538461
2,0.8254437869822485,0.5974304068522484
2,0.8254437869822485,0.5987124463519313
2,0.8224852071005917,0.5978494623655914
2,0.8224852071005917,0.5991379310344828
2,0.8224852071005917,0.6004319654427646
2,0.8224852071005917,0.6017316017316018
2,0.8224852071005917,0.6030368763557483
2,0.8224852071005917,0.6043478260869565
2,0.8195266272189349,0.6034858387799564
2,0.8195266272189349,0.6048034934497817
2,0.8165680473372781,0.6039387308533917
2,0.8165680473372781,0.6052631578947368
2,0.8136094674556213,0.6043956043956044
2,0.8136094674556213,0.6057268722466961
2,0.8136094674556213,0.6070640176600441
2,0.8136094674556213,0.6084070796460177
2,0.8136094674556213,0.6097560975609756
2,0.8136094674556213,0.6111111111111112
2,0.8106508875739645,0.6102449888641426
2,0.8106508875739645,0.6116071428571429
2,0.8076923076923077,0.610738255033557
2,0.8076923076923077,0.6121076233183856
2,0.8076923076923077,0.6134831460674157
2,0.8047337278106509,0.6126126126126126
2,0.8017751479289941,0.6117381489841986
2,0.8017751479289941,0.6131221719457014
2,0.8017751479289941,0.6145124716553289
2,0.8017751479289941,0.615909090909091
2,0.8017751479289941,0.6173120728929385
2,0.8017751479289941,0.6187214611872146
2,0.8017751479289941,0.620137299771167
2,0.7988165680473372,0.6192660550458715
2,0.7958579881656804,0.6183908045977011
2,0.7928994082840237,0.6175115207373272
2,0.7928994082840237,0.6189376443418014
2,0.7928994082840237,0.6203703703703703
2,0.7899408284023669,0.6194895591647331
2,0.7899408284023669,0.6209302325581395
2,0.7869822485207101,0.62004662004662
2,0.7869822485207101,0.6214953271028038
2,0.7869822485207101,0.6229508196721312
2,0.7869822485207101,0.6244131455399061
2,0.7840236686390533,0.6235294117647059
2,0.7840236686390533,0.625
2,0.7810650887573964,0.624113475177305
2,0.7810650887573964,0.6255924170616114
2,0.7781065088757396,0.6247030878859857
2,0.7781065088757396,0.6261904761904762
2,0.7781065088757396,0.6276849642004774
2,0.7751479289940828,0.6267942583732058
2,0.772189349112426,0.6258992805755396
2,0.772189349112426,0.6274038461538461
2,0.772189349112426,0.6289156626506024
2,0.772189349112426,0.6304347826086957
2,0.772189349112426,0.6319612590799032
2,0.772189349112426,0.633495145631068
2,0.7692307692307693,0.6326034063260341
2,0.7662721893491125,0.6317073170731707
2,0.7662721893491125,0.6332518337408313
2,0.7662721893491125,0.6348039215686274
2,0.7662721893491125,0.6363636363636364
2,0.7662721893491125,0.6379310344827587
2,0.7633136094674556,0.6370370370370371
2,0.7633136094674556,0.6386138613861386
2,0.7603550295857988,0.6377171215880894
2,0.7603550295857988,0.6393034825870647
2,0.7603550295857988,0.6408977556109726
2,0.757396449704142,0.64
2,0.7544378698224852,0.6390977443609023
2,0.7544378698224852,0.6407035175879398
2,0.7544378698224852,0.6423173803526449
2,0.7544378698224852,0.6439393939393939
2,0.7544378698224852,0.6455696202531646
2,0.7514792899408284,0.6446700507614214
2,0.7514792899408284,0.6463104325699746
2,0.7485207100591716,0.6454081632653061
2,0.7485207100591716,0.6470588235294118
2,0.7485207100591716,0.6487179487179487
2,0.7485207100591716,0.6503856041131105
2,0.7485207100591716,0.6520618556701031
2,0.7485207100591716,0.6537467700258398
2,0.7485207100591716,0.655440414507772
2,0.7485207100591716,0.6571428571428571
2,0.7485207100591716,0.6588541666666666
2,0.7485207100591716,0.660574412532637
2,0.7485207100591716,0.662303664921466
2,0.7455621301775148,0.6614173228346457
2,0.742603550295858,0.6605263157894737
2,0.742603550295858,0.662269129287599
2,0.7396449704142012,0.6613756613756614
2,0.7396449704142012,0.6631299734748011
2,0.7366863905325444,0.6622340425531915
2,0.7337278106508875,0.6613333333333333
2,0.7307692307692307,0.660427807486631
2,0.727810650887574,0.6595174262734584
2,0.727810650887574,0.6612903225806451
2,0.727810650887574,0.6630727762803235
2,0.7248520710059172,0.6621621621621622
2,0.7218934911242604,0.6612466124661247
2,0.7189349112426036,0.6603260869565217
2,0.7159763313609467,0.659400544959128
2,0.7159763313609467,0.6612021857923497
2,0.7130177514792899,0.6602739726027397
2,0.7100591715976331,0.6593406593406593
2,0.7071005917159763,0.6584022038567493
2,0.7041420118343196,0.6574585635359116
2,0.7011834319526628,0.6565096952908587
2,0.6982248520710059,0.6555555555555556
2,0.6952662721893491,0.6545961002785515
2,0.6923076923076923,0.6536312849162011
2,0.6923076923076923,0.6554621848739496
2,0.6923076923076923,0.6573033707865169
2,0.6923076923076923,0.6591549295774648
2,0.6923076923076923,0.6610169491525424
2,0.6893491124260355,0.660056657223796
2,0.6893491124260355,0.6619318181818182
2,0.6863905325443787,0.6609686609686609
2,0.6834319526627219,0.66
2,0.6834319526627219,0.66189111747851
2,0.6804733727810651,0.6609195402298851
2,0.6804733727810651,0.6628242074927954
2,0.6775147928994083,0.661849710982659
2,0.6745562130177515,0.6608695652173913
2,0.6745562130177515,0.6627906976744186
2,0.6745562130177515,0.6647230320699709
2,0.6745562130177515,0.6666666666666666
2,0.6745562130177515,0.6686217008797654
2,0.6745562130177515,0.6705882352941176
2,0.6745562130177515,0.672566371681416
2,0.6715976331360947,0.6715976331360947
2,0.6715976331360947,0.6735905044510386
2,0.6686390532544378,0.6726190476190477
2,0.665680473372781,0.6716417910447762
2,0.6627218934911243,0.6706586826347305
2,0.6627218934911243,0.6726726726726727
2,0.6627218934911243,0.6746987951807228
2,0.6597633136094675,0.6737160120845922
2,0.6597633136094675,0.6757575757575758
2,0.6568047337278107,0.6747720364741642
2,0.6568047337278107,0.676829268292683
2,0.6538461538461539,0.6758409785932722
2,0.6538461538461539,0.6779141104294478
2,0.6538461538461539,0.68
2,0.6538461538461539,0.6820987654320988
2,0.650887573964497,0.6811145510835913
2,0.650887573964497,0.6832298136645962
2,0.650887573964497,0.6853582554517134
2,0.650887573964497,0.6875
2,0.6479289940828402,0.6865203761755486
2,0.6479289940828402,0.6886792452830188
2,0.6479289940828402,0.6908517350157729
2,0.6449704142011834,0.689873417721519
2,0.6420118343195266,0.6888888888888889
2,0.6420118343195266,0.6910828025477707
2,0.6420118343195266,0.6932907348242812
2,0.6420118343195266,0.6955128205128205
2,0.6390532544378699,0.6945337620578779
2,0.6390532544378699,0.6967741935483871
2,0.636094674556213,0.6957928802588996
2,0.636094674556213,0.698051948051948
2,0.636094674556213,0.7003257328990228
2,0.636094674556213,0.7026143790849673
2,0.636094674556213,0.7049180327868853
2,0.636094674556213,0.7072368421052632
2,0.636094674556213,0.7095709570957096
2,0.636094674556213,0.7119205298013245
2,0.636094674556213,0.7142857142857143
2,0.6331360946745562,0.7133333333333334
2,0.6331360946745562,0.7157190635451505
2,0.6301775147928994,0.714765100671141
2,0.6301775147928994,0.7171717171717171
2,0.6272189349112426,0.7162162162162162
2,0.6242603550295858,0.7152542372881356
2,0.621301775147929,0.7142857142857143
2,0.621301775147929,0.7167235494880546
2,0.6183431952662722,0.7157534246575342
2,0.6183431952662722,0.718213058419244
2,0.6153846153846154,0.7172413793103448
2,0.6153846153846154,0.7197231833910035
2,0.6124260355029586,0.71875
2,0.6094674556213018,0.7177700348432056
2,0.6094674556213018,0.7202797202797203
2,0.6094674556213018,0.7228070175438597
2,0.606508875739645,0.721830985915493
2,0.6035502958579881,0.7208480565371025
2,0.6005917159763313,0.7198581560283688
2,0.5976331360946746,0.7188612099644128
2,0.5976331360946746,0.7214285714285714
2,0.5946745562130178,0.7204301075268817
2,0.5946745562130178,0.7230215827338129
2,0.591715976331361,0.7220216606498195
2,0.591715976331361,0.7246376811594203
2,0.591715976331361,0.7272727272727273
2,0.591715976331361,0.7299270072992701
2,0.5887573964497042,0.7289377289377289
2,0.5857988165680473,0.7279411764705882
2,0.5857988165680473,0.7306273062730627
2,0.5857988165680473,0.7333333333333333
2,0.5828402366863905,0.7323420074349443
2,0.5798816568047337,0.7313432835820896
2,0.5798816568047337,0.7340823970037453
2,0.5769230769230769,0.7330827067669173
2,0.5739644970414202,0.7320754716981132
2,0.5710059171597633,0.7310606060606061
2,0.5710059171597633,0.7338403041825095
2,0.5710059171597633,0.7366412213740458
2,0.5710059171597633,0.7394636015325671
2,0.5710059171597633,0.7423076923076923
2,0.5710059171597633,0.7451737451737451
2,0.5710059171597633,0.748062015503876
2,0.5680473372781065,0.7470817120622568
2,0.5650887573964497,0.74609375
2,0.5621301775147929,0.7450980392156863
2,0.5591715976331361,0.7440944881889764
2,0.5591715976331361,0.7470355731225297
2,0.5591715976331361,0.75
2,0.5591715976331361,0.7529880478087649
2,0.5562130177514792,0.752
2,0.5532544378698225,0.751004016064257
2,0.5502958579881657,0.75
2,0.5473372781065089,0.7489878542510121
2,0.5473372781065089,0.7520325203252033
2,0.5443786982248521,0.7510204081632653
2,0.5443786982248521,0.7540983606557377
2,0.5443786982248521,0.757201646090535
2,0.5414201183431953,0.756198347107438
2,0.5414201183431953,0.7593360995850622
2,0.5414201183431953,0.7625
2,0.5414201183431953,0.7656903765690377
2,0.5384615384615384,0.7647058823529411
2,0.5355029585798816,0.7637130801687764
2,0.5355029585798816,0.7669491525423728
2,0.5355029585798816,0.7702127659574468
2,0.5325443786982249,0.7692307692307693
2,0.5295857988165681,0.7682403433476395
2,0.5266272189349113,0.7672413793103449
2,0.5236686390532544,0.7662337662337663
2,0.5207100591715976,0.7652173913043478
2,0.5177514792899408,0.7641921397379913
2,0.5177514792899408,0.7675438596491229
2,0.5177514792899408,0.7709251101321586
2,0.5177514792899408,0.7743362831858407
2,0.514792899408284,0.7733333333333333
2,0.5118343195266272,0.7723214285714286
2,0.5118343195266272,0.7757847533632287
2,0.5088757396449705,0.7747747747747747
2,0.5088757396449705,0.7782805429864253
2,0.5088757396449705,0.7818181818181819
2,0.5059171597633136,0.7808219178082192
2,0.5059171597633136,0.7844036697247706
2,0.5029585798816568,0.783410138248848
2,0.5,0.7824074074074074
2,0.5,0.786046511627907
2,0.4970414201183432,0.7850467289719626
2,0.4970414201183432,0.7887323943661971
2,0.4970414201183432,0.7924528301886793
2,0.4940828402366864,0.7914691943127962
2,0.4911242603550296,0.7904761904761904
2,0.4881656804733728,0.7894736842105263
2,0.48520710059171596,0.7884615384615384
2,0.4822485207100592,0.7874396135265701
2,0.47928994082840237,0.7864077669902912
2,0.47928994082840237,0.7902439024390244
2,0.47633136094674555,0.7892156862745098
2,0.47337278106508873,0.7881773399014779
2,0.47337278106508873,0.7920792079207921
2,0.47041420118343197,0.7910447761194029
2,0.46745562130177515,0.79
2,0.46745562130177515,0.7939698492462312
2,0.46449704142011833,0.7929292929292929
2,0.46449704142011833,0.7969543147208121
2,0.46449704142011833,0.8010204081632653
2,0.46153846153846156,0.8
2,0.45857988165680474,0.7989690721649485
2,0.4556213017751479,0.7979274611398963
2,0.4526627218934911,0.796875
2,0.4526627218934911,0.8010471204188482
2,0.4526627218934911,0.8052631578947368
2,0.4526627218934911,0.8095238095238095
2,0.4526627218934911,0.8138297872340425
2,0.44970414201183434,0.8128342245989305
2,0.44970414201183434,0.8172043010752689
2,0.4467455621301775,0.8162162162162162
2,0.4437869822485207,0.8152173913043478
2,0.4437869822485207,0.819672131147541
2,0.4408284023668639,0.8186813186813187
2,0.4378698224852071,0.8176795580110497
2,0.4378698224852071,0.8222222222222222
2,0.4349112426035503,0.8212290502793296
2,0.4319526627218935,0.8202247191011236
2,0.4319526627218935,0.8248587570621468
2,0.4319526627218935,0.8295454545454546
2,0.4289940828402367,0.8285714285714286
2,0.4260355029585799,0.8275862068965517
2,0.4230769230769231,0.8265895953757225
2,0.4230769230769231,0.8313953488372093
2,0.42011834319526625,0.8304093567251462
2,0.4171597633136095,0.8294117647058824
2,0.41420118343195267,0.8284023668639053
2,0.41420118343195267,0.8333333333333334
2,0.41124260355029585,0.8323353293413174
2,0.40828402366863903,0.8313253012048193
2,0.40532544378698226,0.8303030303030303
2,0.40532544378698226,0.8353658536585366
2,0.40236686390532544,0.8343558282208589
2,0.40236686390532544,0.8395061728395061
2,0.3994082840236686,0.8385093167701864
2,0.39644970414201186,0.8375
2,0.39349112426035504,0.8364779874213837
2,0.39349112426035504,0.8417721518987342
2,0.3905325443786982,0.8407643312101911
2,0.3875739644970414,0.8397435897435898
2,0.3875739644970414,0.8451612903225807
2,0.38461538461538464,0.8441558441558441
2,0.38461538461538464,0.8496732026143791
2,0.3816568047337278,0.8486842105263158
2,0.3816568047337278,0.8543046357615894
2,0.378698224852071,0.8533333333333334
2,0.3757396449704142,0.8523489932885906
2,0.3727810650887574,0.8513513513513513
2,0.3727810650887574,0.8571428571428571
2,0.3727810650887574,0.863013698630137
2,0.3698224852071006,0.8620689655172413
2,0.3668639053254438,0.8611111111111112
2,0.3668639053254438,0.8671328671328671
2,0.363905325443787,0.8661971830985915
2,0.3609467455621302,0.8652482269503546
2,0.35798816568047337,0.8642857142857143
2,0.35798816568047337,0.8705035971223022
2,0.35502958579881655,0.8695652173913043
2,0.3520710059171598,0.8686131386861314
2,0.34911242603550297,0.8676470588235294
2,0.34615384615384615,0.8666666666666667
2,0.3431952662721893,0.8656716417910447
2,0.34023668639053256,0.8646616541353384
2,0.33727810650887574,0.8636363636363636
2,0.3343195266272189,0.8625954198473282
2,0.3343195266272189,0.8692307692307693
2,0.33136094674556216,0.8682170542635659
2,0.32840236686390534,0.8671875
2,0.32840236686390534,0.8740157480314961
2,0.3254437869822485,0.873015873015873
2,0.3254437869822485,0.88
2,0.3224852071005917,0.8790322580645161
2,0.31952662721893493,0.8780487804878049
2,0.3165680473372781,0.8770491803278688
2,0.3136094674556213,0.8760330578512396
2,0.3106508875739645,0.875
2,0.3076923076923077,0.8739495798319328
2,0.3047337278106509,0.8728813559322034
2,0.30177514792899407,0.8717948717948718
2,0.30177514792899407,0.8793103448275862
2,0.2988165680473373,0.8782608695652174
2,0.2958579881656805,0.8771929824561403
2,0.29289940828402367,0.8761061946902655
2,0.29289940828402367,0.8839285714285714
2,0.28994082840236685,0.8828828828828829
2,0.28994082840236685,0.8909090909090909
2,0.2869822485207101,0.8899082568807339
2,0.28402366863905326,0.8888888888888888
2,0.28106508875739644,0.8878504672897196
2,0.2781065088757396,0.8867924528301887
2,0.27514792899408286,0.8857142857142857
2,0.27218934911242604,0.8846153846153846
2,0.2692307692307692,0.883495145631068
2,0.26627218934911245,0.8823529411764706
2,0.26331360946745563,0.8811881188118812
2,0.2603550295857988,0.88
2,0.2603550295857988,0.8888888888888888
2,0.2603550295857988,0.8979591836734694
2,0.257396449704142,0.8969072164948454
2,0.25443786982248523,0.8958333333333334
2,0.25443786982248523,0.9052631578947369
2,0.2514792899408284,0.9042553191489362
2,0.2514792899408284,0.9139784946236559
2,0.2485207100591716,0.9130434782608695
2,0.2455621301775148,0.9120879120879121
2,0.24260355029585798,0.9111111111111111
2,0.23964497041420119,0.9101123595505618
2,0.23668639053254437,0.9090909090909091
2,0.23372781065088757,0.9080459770114943
2,0.23372781065088757,0.9186046511627907
2,0.23076923076923078,0.9176470588235294
2,0.22781065088757396,0.9166666666666666
2,0.22485207100591717,0.9156626506024096
2,0.22189349112426035,0.9146341463414634
2,0.21893491124260356,0.9135802469135802
2,0.21597633136094674,0.9125
2,0.21301775147928995,0.9113924050632911
2,0.21005917159763313,0.9102564102564102
2,0.20710059171597633,0.9090909090909091
2,0.20414201183431951,0.9078947368421053
2,0.20118343195266272,0.9066666666666666
2,0.19822485207100593,0.9054054054054054
2,0.1952662721893491,0.9041095890410958
2,0.19230769230769232,0.9027777777777778
2,0.1893491124260355,0.9014084507042254
2,0.1863905325443787,0.9
2,0.1834319526627219,0.8985507246376812
2,0.1804733727810651,0.8970588235294118
2,0.17751479289940827,0.8955223880597015
2,0.17751479289940827,0.9090909090909091
2,0.17455621301775148,0.9076923076923077
2,0.17159763313609466,0.90625
2,0.17159763313609466,0.9206349206349206
2,0.16863905325443787,0.9193548387096774
2,0.16568047337278108,0.9180327868852459
2,0.16272189349112426,0.9166666666666666
2,0.15976331360946747,0.9152542372881356
2,0.15680473372781065,0.9137931034482759
2,0.15384615384615385,0.9122807017543859
2,0.15088757396449703,0.9107142857142857
2,0.15088757396449703,0.9272727272727272
2,0.14792899408284024,0.9259259259259259
2,0.14497041420118342,0.9245283018867925
2,0.14201183431952663,0.9230769230769231
2,0.1390532544378698,0.9215686274509803
2,0.13609467455621302,0.92
2,0.13313609467455623,0.9183673469387755
2,0.1301775147928994,0.9166666666666666
2,0.12721893491124261,0.9148936170212766
2,0.12721893491124261,0.9347826086956522
2,0.1242603550295858,0.9333333333333333
2,0.12130177514792899,0.9318181818181818
2,0.11834319526627218,0.9302325581395349
2,0.11538461538461539,0.9285714285714286
2,0.11242603550295859,0.926829268292683
2,0.11242603550295859,0.95
2,0.10946745562130178,0.9487179487179487
2,0.10650887573964497,0.9473684210526315
2,0.10355029585798817,0.9459459459459459
2,0.10059171597633136,0.9444444444444444
2,0.09763313609467456,0.9428571428571428
2,0.09467455621301775,0.9411764705882353
2,0.09171597633136094,0.9393939393939394
2,0.08875739644970414,0.9375
2,0.08579881656804733,0.9354838709677419
2,0.08284023668639054,0.9333333333333333
2,0.07988165680473373,0.9310344827586207
2,0.07692307692307693,0.9285714285714286
2,0.07396449704142012,0.9259259259259259
2,0.07100591715976332,0.9230769230769231
2,0.06804733727810651,0.92
2,0.0650887573964497,0.9166666666666666
2,0.0621301775147929,0.9130434782608695
2,0.05917159763313609,0.9090909090909091
2,0.05621301775147929,0.9047619047619048
2,0.05325443786982249,0.9
2,0.05029585798816568,0.8947368421052632
2,0.047337278106508875,0.8888888888888888
2,0.04437869822485207,0.8823529411764706
2,0.04437869822485207,0.9375
2,0.04437869822485207,1.0
2,0.04142011834319527,1.0
2,0.038461538461538464,1.0
2,0.03550295857988166,1.0
2,0.03254437869822485,1.0
2,0.029585798816568046,1.0
2,0.026627218934911243,1.0
2,0.023668639053254437,1.0
2,0.020710059171597635,1.0
2,0.01775147928994083,1.0
2,0.014792899408284023,1.0
2,0.011834319526627219,1.0
2,0.008875739644970414,1.0
2,0.005917159763313609,1.0
2,0.0029585798816568047,1.0
2,0.0,1.0
