sample_id,true_intensity,predicted_intensity,residual,absolute_error,true_class
-UacrmKiTn4$_$7,0.33333334,0.80196863,0.4686353,0.4686353,2
-qDkUB0GgYY$_$5,2.0,0.34540716,-1.6545929,1.6545929,2
0utROiKxejc$_$1,0.0,0.7274186,0.7274186,0.7274186,1
0utROiKxejc$_$4,0.0,-0.5582038,-0.5582038,0.5582038,1
0y022OlZ3W0$_$3,1.3333334,0.45779333,-0.87554,0.87554,2
0y022OlZ3W0$_$5,-1.3333334,-0.9803777,0.3529557,0.3529557,0
0y022OlZ3W0$_$8,-0.33333334,0.10542357,0.4387569,0.4387569,0
101787$_$11,0.0,-0.06992797,-0.06992797,0.06992797,1
101787$_$13,-1.6666666,-0.715123,0.9515436,0.9515436,0
101787$_$1,-0.6666667,-0.46105683,0.20560986,0.20560986,0
101787$_$5,-1.6666666,-1.1929911,0.4736755,0.4736755,0
101787$_$7,1.0,-0.310473,-1.310473,1.310473,2
101787$_$9,-0.33333334,-0.6867959,-0.35346255,0.35346255,0
102408$_$2,-0.33333334,-0.34229425,-0.008960903,0.008960903,0
102408$_$5,-2.0,-0.3423219,1.6576781,1.6576781,0
102408$_$9,-1.6666666,-0.55280036,1.1138663,1.1138663,0
102858$_$20,2.0,-0.6102803,-2.6102803,2.6102803,2
102858$_$21,1.0,-0.85031086,-1.8503108,1.8503108,2
102858$_$1,0.33333334,-0.28490555,-0.6182389,0.6182389,2
102858$_$0,0.33333334,0.6143685,0.28103516,0.28103516,2
102858$_$4,3.0,-0.57924634,-3.5792463,3.5792463,2
102858$_$6,2.6666667,-0.4930606,-3.1597273,3.1597273,2
102858$_$10,2.0,0.041266203,-1.9587338,1.9587338,2
102858$_$17,1.0,-0.07892132,-1.0789213,1.0789213,2
102858$_$19,0.0,-0.41994953,-0.41994953,0.41994953,1
112433$_$10,0.0,-0.74853325,-0.74853325,0.74853325,1
112433$_$3,-0.33333334,-0.71602947,-0.38269612,0.38269612,0
112433$_$7,-0.6666667,-1.2587525,-0.5920858,0.5920858,0
112433$_$6,-1.3333334,-1.2288178,0.10451555,0.10451555,0
117tQqLjza4$_$6,0.6666667,0.764277,0.097610295,0.097610295,2
11j7EfglCAs$_$2,0.6666667,-0.21322756,-0.87989426,0.87989426,2
121128$_$10,2.0,-0.44378707,-2.443787,2.443787,2
121128$_$1,0.0,-0.18468477,-0.18468477,0.18468477,1
121128$_$0,0.0,-0.3179588,-0.3179588,0.3179588,1
121128$_$5,3.0,-0.4861628,-3.486163,3.486163,2
125344$_$0,0.6666667,-0.07342274,-0.7400894,0.7400894,2
125676$_$0,-0.33333334,0.117580354,0.4509137,0.4509137,0
125676$_$4,2.0,0.7226932,-1.2773068,1.2773068,2
128059$_$11,-1.0,-1.0149122,-0.014912248,0.014912248,0
128059$_$12,0.6666667,-0.5782747,-1.2449415,1.2449415,2
128059$_$2,-1.6666666,-0.9919448,0.67472184,0.67472184,0
128059$_$7,0.0,-0.37626782,-0.37626782,0.37626782,1
128059$_$6,1.0,-0.3495717,-1.3495717,1.3495717,2
128059$_$9,0.33333334,-1.197672,-1.5310054,1.5310054,2
128763$_$12,-0.6666667,-0.33867565,0.32799104,0.32799104,0
128763$_$3,-1.6666666,-1.1622297,0.50443697,0.50443697,0
128763$_$2,0.0,-0.89082223,-0.89082223,0.89082223,1
128763$_$5,0.0,-0.35957274,-0.35957274,0.35957274,1
128763$_$7,-0.33333334,-1.2660165,-0.9326831,0.9326831,0
128763$_$8,0.0,-1.0304413,-1.0304413,1.0304413,1
130456$_$11,1.6666666,-0.6064303,-2.273097,2.273097,2
130456$_$3,2.3333333,-0.13082747,-2.4641607,2.4641607,2
130456$_$5,-0.33333334,0.0680657,0.40139905,0.40139905,0
130456$_$4,0.0,-0.173304,-0.173304,0.173304,1
130456$_$7,-0.33333334,-0.70709544,-0.3737621,0.3737621,0
130456$_$6,0.33333334,-0.87094516,-1.2042785,1.2042785,2
188343$_$13,1.0,-1.27457,-2.27457,2.27457,2
188343$_$12,-2.0,-1.1489078,0.8510922,0.8510922,0
188343$_$5,0.0,-1.0402218,-1.0402218,1.0402218,1
188343$_$9,1.0,-0.7575864,-1.7575865,1.7575865,2
188343$_$8,-1.3333334,-1.1067843,0.22654903,0.22654903,0
1HK7Nea0PFo$_$1,0.0,-0.19929762,-0.19929762,0.19929762,1
216097$_$1,-1.0,-0.94401044,0.055989563,0.055989563,0
216097$_$2,0.0,-0.6866534,-0.6866534,0.6866534,1
216097$_$5,-0.33333334,-0.07505331,0.25828004,0.25828004,0
216097$_$4,0.0,-0.0688424,-0.0688424,0.0688424,1
216097$_$7,-0.33333334,0.58942294,0.9227563,0.9227563,0
216097$_$8,-1.6666666,-0.6260095,1.040657,1.040657,0
223431$_$11,-1.3333334,-0.98084027,0.3524931,0.3524931,0
223431$_$10,-1.0,-0.38421786,0.61578214,0.61578214,0
223431$_$13,-2.3333333,-0.6478699,1.6854634,1.6854634,0
223431$_$0,0.33333334,0.67742985,0.3440965,0.3440965,2
223431$_$5,0.0,-0.63865405,-0.63865405,0.63865405,1
225770$_$3,-1.3333334,0.015800944,1.3491343,1.3491343,0
225770$_$5,-0.33333334,-0.10875837,0.22457498,0.22457498,0
225770$_$4,0.0,-0.3352065,-0.3352065,0.3352065,1
225770$_$6,0.0,-0.07123121,-0.07123121,0.07123121,1
236021$_$12,1.3333334,0.0674715,-1.2658619,1.2658619,2
236021$_$1,0.33333334,0.009138328,-0.32419503,0.32419503,2
236021$_$3,0.0,-0.57747227,-0.57747227,0.57747227,1
236021$_$2,0.0,0.10474944,0.10474944,0.10474944,1
236021$_$5,-0.6666667,-0.9445402,-0.27787352,0.27787352,0
236021$_$4,0.6666667,0.16811538,-0.4985513,0.4985513,2
237009$_$11,-3.0,-0.7101133,2.2898867,2.2898867,0
237009$_$12,-2.6666667,-1.2425226,1.4241441,1.4241441,0
237009$_$4,0.33333334,0.16687153,-0.16646181,0.16646181,2
237009$_$7,-3.0,-0.93928766,2.0607123,2.0607123,0
237009$_$9,0.0,-1.0725144,-1.0725144,1.0725144,1
241629$_$10,-1.6666666,-0.6759235,0.9907431,0.9907431,0
241629$_$0,1.0,0.50271016,-0.49728984,0.49728984,2
241629$_$3,2.3333333,-0.7624499,-3.0957832,3.0957832,2
241629$_$5,-0.33333334,-0.15747628,0.17585707,0.17585707,0
241629$_$8,-0.33333334,-1.2085676,-0.87523425,0.87523425,0
243646$_$11,-0.6666667,-1.0438915,-0.37722486,0.37722486,0
243646$_$12,-1.3333334,-0.8574853,0.47584808,0.47584808,0
243646$_$9,0.0,-0.25101233,-0.25101233,0.25101233,1
243646$_$8,0.0,-0.728599,-0.728599,0.728599,1
247318$_$12,-2.0,-1.4960631,0.5039369,0.5039369,0
247318$_$1,0.0,0.0037466038,0.0037466038,0.0037466038,1
247318$_$3,-2.3333333,-0.798794,1.5345392,1.5345392,0
247318$_$2,-1.6666666,-0.52284366,1.1438229,1.1438229,0
247318$_$5,-0.33333334,-0.9759596,-0.6426263,0.6426263,0
247318$_$7,-2.0,-1.3905686,0.6094314,0.6094314,0
247318$_$6,-0.33333334,-0.2812989,0.052034438,0.052034438,0
252998$_$1,0.0,-0.22188497,-0.22188497,0.22188497,1
252998$_$0,0.0,-0.17070661,-0.17070661,0.17070661,1
252998$_$5,-1.3333334,-0.949259,0.3840744,0.3840744,0
252998$_$4,-0.33333334,-1.0405916,-0.7072582,0.7072582,0
252998$_$7,1.3333334,-0.7281789,-2.0615122,2.0615122,2
252998$_$8,-1.6666666,0.013326901,1.6799935,1.6799935,0
257247$_$10,-0.33333334,-1.0278207,-0.69448733,0.69448733,0
257247$_$12,-1.6666666,-1.0717094,0.59495723,0.59495723,0
257247$_$2,0.0,0.22967452,0.22967452,0.22967452,1
258654$_$1,-1.3333334,-0.72496694,0.60836643,0.60836643,0
258654$_$3,-2.3333333,-0.7047966,1.6285367,1.6285367,0
258654$_$4,0.0,0.7346379,0.7346379,0.7346379,1
266791$_$24,-1.6666666,-0.8792346,0.787432,0.787432,0
266791$_$20,0.6666667,-0.44575548,-1.1124222,1.1124222,2
266791$_$21,-1.6666666,-1.2867614,0.37990522,0.37990522,0
266791$_$23,-2.6666667,-0.16963851,2.4970284,2.4970284,0
266791$_$29,-1.6666666,-0.13209008,1.5345765,1.5345765,0
266791$_$3,1.0,-0.458184,-1.458184,1.458184,2
266791$_$5,-2.3333333,-0.7038593,1.6294739,1.6294739,0
266791$_$4,-1.6666666,-0.23005795,1.4366087,1.4366087,0
266791$_$6,0.0,-0.23043406,-0.23043406,0.23043406,1
266791$_$8,-1.3333334,-0.6873863,0.6459471,0.6459471,0
266791$_$11,1.0,-0.37638375,-1.3763838,1.3763838,2
266791$_$14,-1.3333334,-0.67806363,0.65526974,0.65526974,0
270254$_$23,-1.6666666,-0.914857,0.75180966,0.75180966,0
270254$_$0,0.0,0.111677445,0.111677445,0.111677445,1
270254$_$6,0.6666667,-0.05906258,-0.7257293,0.7257293,2
270254$_$8,-1.3333334,-0.55247796,0.7808554,0.7808554,0
270254$_$11,0.0,0.35672522,0.35672522,0.35672522,1
270254$_$14,-1.6666666,-0.16294493,1.5037217,1.5037217,0
270254$_$16,-0.6666667,-0.4633161,0.20335057,0.20335057,0
272624$_$10,-1.6666666,-0.74511814,0.9215485,0.9215485,0
272624$_$13,0.6666667,-0.41152954,-1.0781963,1.0781963,2
272624$_$12,-1.0,-0.6755566,0.3244434,0.3244434,0
272624$_$16,0.0,-0.6949275,-0.6949275,0.6949275,1
272624$_$18,0.33333334,-0.30819583,-0.6415292,0.6415292,2
272624$_$2,0.0,-0.24686778,-0.24686778,0.24686778,1
272624$_$6,-0.6666667,-0.9514015,-0.2847348,0.2847348,0
272624$_$9,-1.0,-0.27039334,0.7296066,0.7296066,0
272624$_$8,-1.6666666,-1.0291696,0.63749707,0.63749707,0
273539$_$3,-2.6666667,-0.36672416,2.2999425,2.2999425,0
273539$_$2,0.0,-0.11275166,-0.11275166,0.11275166,1
273539$_$9,-2.3333333,-1.0560083,1.2773249,1.2773249,0
290546$_$3,0.0,-0.25860777,-0.25860777,0.25860777,1
290546$_$5,-1.0,-0.8570468,0.14295322,0.14295322,0
290546$_$7,-0.33333334,-0.68800163,-0.3546683,0.3546683,0
290546$_$6,0.0,0.27296007,0.27296007,0.27296007,1
2S00zYaVrtc$_$10,-2.6666667,-0.20548296,2.4611838,2.4611838,0
2S00zYaVrtc$_$12,2.0,0.68394774,-1.3160522,1.3160522,2
2S00zYaVrtc$_$20,1.3333334,0.9055063,-0.42782706,0.42782706,2
2S00zYaVrtc$_$17,-0.33333334,0.29668996,0.6300233,0.6300233,0
2S00zYaVrtc$_$5,1.6666666,0.51689,-1.1497767,1.1497767,2
2S00zYaVrtc$_$4,1.3333334,0.6167529,-0.71658045,0.71658045,2
2Xt31_d0XEE$_$2,2.0,1.2032543,-0.79674566,0.79674566,2
31474$_$11,-1.3333334,-0.20244576,1.1308876,1.1308876,0
31474$_$14,0.0,-0.9972705,-0.9972705,0.9972705,1
31474$_$0,0.33333334,0.2518656,-0.08146775,0.08146775,2
31474$_$3,0.0,-0.045659315,-0.045659315,0.045659315,1
31474$_$6,-2.6666667,-0.88641447,1.7802522,1.7802522,0
31474$_$9,-1.0,-0.77754164,0.22245836,0.22245836,0
31474$_$8,0.0,-1.1953131,-1.1953131,1.1953131,1
32681$_$1,0.0,-0.9349222,-0.9349222,0.9349222,1
32681$_$3,-2.6666667,-0.46336412,2.2033026,2.2033026,0
32681$_$5,0.33333334,-1.0149144,-1.3482478,1.3482478,2
32681$_$6,-1.0,-0.7206392,0.27936077,0.27936077,0
33170$_$1,0.33333334,-0.8136843,-1.1470176,1.1470176,2
33170$_$3,-2.0,-0.7067797,1.2932203,1.2932203,0
33170$_$4,-2.0,-0.47619042,1.5238096,1.5238096,0
3MFNIag0wNE$_$12,-1.0,-0.33155766,0.66844237,0.66844237,0
3MFNIag0wNE$_$14,-2.0,-1.2317924,0.76820755,0.76820755,0
3MFNIag0wNE$_$16,-0.33333334,-0.04962641,0.28370693,0.28370693,0
3MFNIag0wNE$_$7,-1.0,-0.5395139,0.4604861,0.4604861,0
3V2qm0rw920$_$11,1.0,0.5112128,-0.48878717,0.48878717,2
3V2qm0rw920$_$13,3.0,1.2609793,-1.7390207,1.7390207,2
3V2qm0rw920$_$3,0.33333334,0.672729,0.33939567,0.33939567,2
3j94B0pzSVs$_$12,1.6666666,0.5892519,-1.0774148,1.0774148,2
3j94B0pzSVs$_$17,-1.3333334,-0.42458382,0.9087496,0.9087496,0
3j94B0pzSVs$_$1,0.0,-0.13453558,-0.13453558,0.13453558,1
3j94B0pzSVs$_$0,0.0,0.4050018,0.4050018,0.4050018,1
4cFeG2ydm9A$_$8,1.0,1.2413357,0.24133575,0.24133575,2
4dV3slGSc60$_$10,1.0,0.82195777,-0.17804223,0.17804223,2
4dV3slGSc60$_$12,0.6666667,1.1004384,0.43377167,0.43377167,2
4dV3slGSc60$_$22,1.6666666,0.562169,-1.1044977,1.1044977,2
4dV3slGSc60$_$9,1.6666666,0.0072648153,-1.6594018,1.6594018,2
4dV3slGSc60$_$8,1.0,0.0076231584,-0.99237686,0.99237686,2
50103$_$3,-2.0,-1.3320633,0.6679367,0.6679367,0
5B0PQx3Ep3k$_$5,1.3333334,0.9137773,-0.41955608,0.41955608,2
5O1W39o56gg$_$1,0.0,0.6976091,0.6976091,0.6976091,1
5O1W39o56gg$_$2,0.6666667,-0.028288104,-0.6949548,0.6949548,2
5O1W39o56gg$_$9,0.33333334,0.24717923,-0.08615412,0.08615412,2
5i6AgQSjXO4$_$3,0.6666667,0.8475146,0.18084794,0.18084794,2
5i6AgQSjXO4$_$2,0.0,0.5094088,0.5094088,0.5094088,1
5i6AgQSjXO4$_$6,0.0,0.2988529,0.2988529,0.2988529,1
5kaCGzjYukM$_$0,-0.33333334,-0.6105484,-0.27721503,0.27721503,0
5kaCGzjYukM$_$3,-1.6666666,-1.0031246,0.66354203,0.66354203,0
5kaCGzjYukM$_$2,-0.33333334,-0.7016062,-0.36827287,0.36827287,0
5kaCGzjYukM$_$5,-2.3333333,-0.53041834,1.8029149,1.8029149,0
5kaCGzjYukM$_$7,-0.6666667,-0.6746866,-0.008019924,0.008019924,0
6KvG5VbLalY$_$9,0.0,0.2058254,0.2058254,0.2058254,1
6ZA8I83x-oY$_$0,0.0,0.6316852,0.6316852,0.6316852,1
6ZA8I83x-oY$_$2,2.0,0.6812822,-1.3187177,1.3187177,2
6hFiTU77Sm0$_$1,0.0,0.19644903,0.19644903,0.19644903,1
6hFiTU77Sm0$_$2,0.0,0.13179593,0.13179593,0.13179593,1
6uPGcKTpC4I$_$1,0.0,0.21631455,0.21631455,0.21631455,1
6uPGcKTpC4I$_$2,0.0,0.08669326,0.08669326,0.08669326,1
6uPGcKTpC4I$_$6,1.3333334,0.32733142,-1.006002,1.006002,2
70280$_$11,-1.6666666,-0.51612014,1.1505466,1.1505466,0
70280$_$3,-0.6666667,-1.0624503,-0.3957836,0.3957836,0
70280$_$4,0.0,-0.36085594,-0.36085594,0.36085594,1
70280$_$6,-1.3333334,-0.76187533,0.57145804,0.57145804,0
75RGHaxmUK8$_$3,0.33333334,0.939209,0.6058756,0.6058756,2
75RGHaxmUK8$_$5,0.33333334,0.27567533,-0.057658017,0.057658017,2
7_K3F-lAv1k$_$2,0.0,0.275319,0.275319,0.275319,1
7r4vRxKLFCA$_$6,-0.6666667,0.6792755,1.3459423,1.3459423,0
80566$_$1,0.0,0.35071552,0.35071552,0.35071552,1
80566$_$0,0.0,-0.2918466,-0.2918466,0.2918466,1
80566$_$3,0.33333334,-0.16555254,-0.49888587,0.49888587,2
80566$_$2,0.6666667,0.57217735,-0.094489336,0.094489336,2
80566$_$4,1.3333334,0.28961894,-1.0437144,1.0437144,2
80566$_$6,0.0,-0.77528524,-0.77528524,0.77528524,1
80855$_$11,0.0,0.08664847,0.08664847,0.08664847,1
80855$_$10,0.33333334,-0.29581288,-0.6291462,0.6291462,2
80855$_$12,0.0,0.10143373,0.10143373,0.10143373,1
80855$_$15,2.0,0.47156405,-1.528436,1.528436,2
80855$_$17,0.0,-1.1676964,-1.1676964,1.1676964,1
80855$_$0,0.0,-0.023085067,-0.023085067,0.023085067,1
80855$_$3,0.0,0.052379567,0.052379567,0.052379567,1
80855$_$2,1.0,0.060964316,-0.93903565,0.93903565,2
80855$_$7,0.0,-0.58075863,-0.58075863,0.58075863,1
80855$_$20,1.0,-0.11708739,-1.1170874,1.1170874,2
830KzUc6CbU$_$0,0.0,-0.37871027,-0.37871027,0.37871027,1
830KzUc6CbU$_$13,0.33333334,-0.9411721,-1.2745055,1.2745055,2
84140$_$0,1.3333334,-0.16353764,-1.496871,1.496871,2
84140$_$5,-1.3333334,-0.4920009,0.84133244,0.84133244,0
89835$_$1,1.0,0.630455,-0.36954498,0.36954498,2
89835$_$0,0.0,0.19854975,0.19854975,0.19854975,1
89835$_$4,-2.6666667,-0.78181714,1.8848495,1.8848495,0
89835$_$7,-2.3333333,-0.9311802,1.402153,1.402153,0
8eaYvALnJ0o$_$1,2.0,0.7296038,-1.2703962,1.2703962,2
8eaYvALnJ0o$_$0,1.6666666,0.9900453,-0.6766213,0.6766213,2
8x_nCOh6Wmc$_$6,1.0,0.3695164,-0.6304836,0.6304836,2
96642$_$1,0.0,-0.48172674,-0.48172674,0.48172674,1
96642$_$3,0.6666667,0.1386944,-0.5279723,0.5279723,2
96642$_$2,0.0,0.35416695,0.35416695,0.35416695,1
96642$_$4,-2.0,-0.9159729,1.084027,1.084027,0
99501$_$10,-1.6666666,-0.5140405,1.152626,1.152626,0
99501$_$13,-1.6666666,-1.0378014,0.62886524,0.62886524,0
99501$_$1,0.0,0.26363102,0.26363102,0.26363102,1
99501$_$0,0.33333334,0.12273675,-0.21059659,0.21059659,2
99501$_$5,-0.33333334,-0.44113746,-0.10780412,0.10780412,0
99501$_$7,-1.0,-0.5878522,0.41214782,0.41214782,0
9QI-9w_VdB4$_$0,0.33333334,0.6132192,0.27988586,0.27988586,2
AG5EY8ZaFj4$_$3,0.33333334,0.5036754,0.17034206,0.17034206,2
AG5EY8ZaFj4$_$15,0.33333334,0.26258656,-0.07074678,0.07074678,2
Arh2TKRi_mg$_$15,1.0,0.95989484,-0.040105164,0.040105164,2
Arh2TKRi_mg$_$14,1.3333334,0.75627404,-0.5770593,0.5770593,2
Arh2TKRi_mg$_$16,0.6666667,0.66227716,-0.0043895245,0.0043895245,2
Arh2TKRi_mg$_$19,0.33333334,0.5172685,0.18393514,0.18393514,2
Arh2TKRi_mg$_$32,2.0,1.1714307,-0.8285693,0.8285693,2
Arh2TKRi_mg$_$28,-0.6666667,-0.31011713,0.35654956,0.35654956,0
Arh2TKRi_mg$_$3,0.6666667,0.4212217,-0.24544498,0.24544498,2
AxNy9TeTLq8$_$0,1.3333334,0.74825734,-0.58507603,0.58507603,2
BSKAHXFYF_I$_$1,0.33333334,0.12057343,-0.21275991,0.21275991,2
BSKAHXFYF_I$_$3,0.6666667,0.25937966,-0.40728703,0.40728703,2
BSKAHXFYF_I$_$7,0.33333334,0.35544586,0.022112519,0.022112519,2
BSKAHXFYF_I$_$8,0.33333334,0.42611536,0.09278202,0.09278202,2
Baz0VVQ-E9E$_$10,-0.33333334,-0.04570052,0.28763282,0.28763282,0
Baz0VVQ-E9E$_$1,0.0,0.25019667,0.25019667,0.25019667,1
Baz0VVQ-E9E$_$5,-0.6666667,-0.9794097,-0.312743,0.312743,0
Baz0VVQ-E9E$_$7,0.6666667,0.5062916,-0.16037506,0.16037506,2
CJGuudyvA0Y$_$4,-0.6666667,0.13624951,0.80291617,0.80291617,0
CPjbogfLHR4$_$2,0.0,-0.39446232,-0.39446232,0.39446232,1
CPjbogfLHR4$_$5,2.0,0.77088803,-1.2291119,1.2291119,2
DdUJojoFU_c$_$11,0.6666667,0.7285731,0.061906397,0.061906397,2
DdUJojoFU_c$_$15,0.33333334,0.88706136,0.553728,0.553728,2
DdUJojoFU_c$_$14,0.0,0.8962846,0.8962846,0.8962846,1
DdUJojoFU_c$_$17,0.33333334,0.46133494,0.1280016,0.1280016,2
DdUJojoFU_c$_$16,1.0,1.1678604,0.16786039,0.16786039,2
DdUJojoFU_c$_$2,0.33333334,1.0493536,0.7160202,0.7160202,2
DdUJojoFU_c$_$6,0.6666667,0.21488358,-0.45178312,0.45178312,2
DdUJojoFU_c$_$8,1.0,0.48052725,-0.5194727,0.5194727,2
DlbYiwOnTyk$_$1,-0.33333334,0.6519626,0.9852959,0.9852959,0
E8MuzHUhUHk$_$15,1.6666666,1.2056513,-0.46101534,0.46101534,2
E8MuzHUhUHk$_$14,0.6666667,1.1215814,0.45491475,0.45491475,2
E8MuzHUhUHk$_$16,2.0,1.1344656,-0.8655344,0.8655344,2
E8MuzHUhUHk$_$2,0.0,0.3855709,0.3855709,0.3855709,1
E8MuzHUhUHk$_$9,0.33333334,0.6623319,0.32899854,0.32899854,2
EEjCkc82oyk$_$7,-1.0,-0.6699824,0.33001763,0.33001763,0
EEjCkc82oyk$_$9,0.0,0.13271269,0.13271269,0.13271269,1
EQxkXiWAm08$_$8,0.33333334,0.11678752,-0.21654582,0.21654582,2
ET1cU5_A2YM$_$1,-2.3333333,-0.68803674,1.6452966,1.6452966,0
ET1cU5_A2YM$_$3,0.0,-0.31101444,-0.31101444,0.31101444,1
ET1cU5_A2YM$_$6,-2.0,-0.9893243,1.0106757,1.0106757,0
EmmuWoCUgXs$_$22,-0.6666667,0.5375568,1.2042235,1.2042235,0
EmmuWoCUgXs$_$7,-0.6666667,-0.26586315,0.40080354,0.40080354,0
Es9MkKsMsjU$_$10,-1.3333334,-0.4532118,0.8801216,0.8801216,0
Es9MkKsMsjU$_$12,-1.6666666,-0.67919,0.98747665,0.98747665,0
Es9MkKsMsjU$_$2,-1.6666666,-0.4267842,1.2398825,1.2398825,0
Es9MkKsMsjU$_$7,-1.6666666,-0.85482794,0.8118387,0.8118387,0
Ezn3p5FWF_U$_$4,1.0,0.92177445,-0.07822555,0.07822555,2
F1U26PLiXjM$_$1,0.6666667,0.19197142,-0.47469527,0.47469527,2
F6JV-K840EY$_$2,0.0,-0.17118943,-0.17118943,0.17118943,1
FB_b1dm0SRY$_$10,0.0,-0.47247863,-0.47247863,0.47247863,1
FB_b1dm0SRY$_$0,0.33333334,-0.1640156,-0.49734896,0.49734896,2
FB_b1dm0SRY$_$6,0.6666667,0.43913233,-0.22753435,0.22753435,2
FB_b1dm0SRY$_$9,0.0,-0.08470877,-0.08470877,0.08470877,1
FB_b1dm0SRY$_$8,1.6666666,0.74090606,-0.92576057,0.92576057,2
FxxJB8hBpyQ$_$1,-0.33333334,0.18413115,0.5174645,0.5174645,0
Fy0Uid9afM8$_$0,-1.0,-0.088943005,0.911057,0.911057,0
Fy0Uid9afM8$_$3,-0.6666667,0.091481484,0.7581482,0.7581482,0
Fy0Uid9afM8$_$5,-1.3333334,-0.119746886,1.2135864,1.2135864,0
Fy0Uid9afM8$_$4,-1.0,-0.107615285,0.8923847,0.8923847,0
H1DpVwktfDQ$_$0,1.6666666,0.3784767,-1.2881899,1.2881899,2
HGicRLwgtkM$_$1,1.0,0.26817402,-0.73182595,0.73182595,2
HGicRLwgtkM$_$3,1.0,0.27000964,-0.72999036,0.72999036,2
HGicRLwgtkM$_$2,2.0,0.8112548,-1.1887453,1.1887453,2
HGicRLwgtkM$_$6,2.3333333,0.8445611,-1.4887722,1.4887722,2
HmXXW45eZL4$_$1,-0.33333334,-0.27902368,0.054309666,0.054309666,0
HmXXW45eZL4$_$4,0.0,-1.4206923,-1.4206923,1.4206923,1
IM6HW1HwHhM$_$11,1.0,-0.59448165,-1.5944817,1.5944817,2
IM6HW1HwHhM$_$15,1.0,0.8418991,-0.1581009,0.1581009,2
IM6HW1HwHhM$_$17,0.0,0.63342506,0.63342506,0.63342506,1
IUmxJNs2zaY$_$3,0.33333334,0.714158,0.38082466,0.38082466,2
IUmxJNs2zaY$_$2,0.6666667,0.13990946,-0.52675724,0.52675724,2
JAnRCQ9A0vI$_$1,0.0,0.81307584,0.81307584,0.81307584,1
JAnRCQ9A0vI$_$0,0.0,0.3261653,0.3261653,0.3261653,1
JAnRCQ9A0vI$_$3,1.0,1.0591534,0.059153438,0.059153438,2
JAnRCQ9A0vI$_$2,1.0,1.0882068,0.08820677,0.08820677,2
JAnRCQ9A0vI$_$5,0.0,0.6388634,0.6388634,0.6388634,1
JAnRCQ9A0vI$_$4,0.0,0.345165,0.345165,0.345165,1
JAnRCQ9A0vI$_$8,1.3333334,0.82961535,-0.503718,0.503718,2
JOK1SSmPtFw$_$10,0.0,0.3598958,0.3598958,0.3598958,1
JOK1SSmPtFw$_$13,-0.6666667,0.49086216,1.1575289,1.1575289,0
JOK1SSmPtFw$_$14,0.0,0.10678995,0.10678995,0.10678995,1
JOK1SSmPtFw$_$16,0.0,0.41442004,0.41442004,0.41442004,1
JOK1SSmPtFw$_$0,1.3333334,1.0309607,-0.3023727,0.3023727,2
JOK1SSmPtFw$_$5,0.0,0.0655923,0.0655923,0.0655923,1
JOK1SSmPtFw$_$4,0.0,0.19794142,0.19794142,0.19794142,1
JOK1SSmPtFw$_$8,0.0,0.25858665,0.25858665,0.25858665,1
JPT38CA3sGI$_$1,1.0,-0.07010954,-1.0701095,1.0701095,2
JPT38CA3sGI$_$0,0.6666667,-0.031746928,-0.6984136,0.6984136,2
JPT38CA3sGI$_$5,1.3333334,-0.46119508,-1.7945285,1.7945285,2
JVpF99zuQhA$_$0,0.33333334,0.7412402,0.40790686,0.40790686,2
JVpF99zuQhA$_$2,0.0,-0.13158129,-0.13158129,0.13158129,1
JVpF99zuQhA$_$4,0.0,-0.05800132,-0.05800132,0.05800132,1
K0m1tO3Ybyc$_$15,0.0,0.65723944,0.65723944,0.65723944,1
K0m1tO3Ybyc$_$8,-1.3333334,0.48419252,1.8175259,1.8175259,0
K8gp7ncdUl8$_$5,1.0,0.03778448,-0.96221554,0.96221554,2
KDjl2exStlI$_$10,0.0,-0.7694114,-0.7694114,0.7694114,1
KDjl2exStlI$_$13,0.0,-0.42613506,-0.42613506,0.42613506,1
KDjl2exStlI$_$5,0.33333334,0.016930113,-0.31640324,0.31640324,2
KDjl2exStlI$_$4,0.0,-0.33943817,-0.33943817,0.33943817,1
KkKWFZZmmCM$_$1,0.0,0.49524236,0.49524236,0.49524236,1
KpMCvUyQCXg$_$1,0.0,0.44808194,0.44808194,0.44808194,1
KpMCvUyQCXg$_$3,-0.33333334,0.18256228,0.5158956,0.5158956,0
KpMCvUyQCXg$_$5,0.33333334,0.7160659,0.38273254,0.38273254,2
L1eFHRQGFeg$_$2,0.33333334,-0.25128445,-0.5846178,0.5846178,2
MCsvw5-7lVE$_$1,1.3333334,0.7711957,-0.56213766,0.56213766,2
MCsvw5-7lVE$_$2,0.6666667,1.0107433,0.34407657,0.34407657,2
MCsvw5-7lVE$_$4,0.0,0.48675272,0.48675272,0.48675272,1
MMpo2bDk-DU$_$10,-0.33333334,0.22037816,0.55371153,0.55371153,0
MMpo2bDk-DU$_$17,-0.6666667,-0.26080206,0.40586463,0.40586463,0
MMpo2bDk-DU$_$16,-1.0,-0.35100758,0.6489924,0.6489924,0
MMpo2bDk-DU$_$19,1.6666666,0.8404401,-0.82622653,0.82622653,2
MjaaudUc5-4$_$1,0.0,-0.222398,-0.222398,0.222398,1
MjaaudUc5-4$_$0,-0.33333334,0.46206418,0.7953975,0.7953975,0
MjaaudUc5-4$_$3,0.6666667,0.88254637,0.21587968,0.21587968,2
MjaaudUc5-4$_$6,0.6666667,-0.44517758,-1.1118443,1.1118443,2
MoQmPA7Q07Q$_$1,1.3333334,0.41691804,-0.91641533,0.91641533,2
MoQmPA7Q07Q$_$2,1.6666666,0.87346107,-0.79320556,0.79320556,2
N1X63d_jgmw$_$5,0.33333334,0.13091448,-0.20241886,0.20241886,2
N5xfBtD6rLY$_$7,0.6666667,0.6329823,-0.033684373,0.033684373,2
NoZsdSGnNpI$_$7,0.0,0.09447619,0.09447619,0.09447619,1
Nrurc5sMUOE$_$5,-0.33333334,-0.32813329,0.005200058,0.005200058,0
Nrurc5sMUOE$_$7,0.0,-0.48919845,-0.48919845,0.48919845,1
Nrurc5sMUOE$_$8,0.0,-0.44801474,-0.44801474,0.44801474,1
NzvNW7vP-Co$_$5,1.3333334,0.5264415,-0.80689186,0.80689186,2
NzvNW7vP-Co$_$4,0.0,-0.63911647,-0.63911647,0.63911647,1
NzvNW7vP-Co$_$7,0.0,-0.2734045,-0.2734045,0.2734045,1
OLP0nCKwU6k$_$6,-0.6666667,-0.4071846,0.2594821,0.2594821,0
OrYBtyO0aPI$_$1,0.6666667,0.19792564,-0.46874106,0.46874106,2
OrYBtyO0aPI$_$4,1.0,0.30901623,-0.6909838,0.6909838,2
PboaYD5hlG8$_$10,1.0,0.6246956,-0.3753044,0.3753044,2
PboaYD5hlG8$_$3,1.3333334,-0.063495964,-1.3968294,1.3968294,2
PboaYD5hlG8$_$2,-0.6666667,0.71674985,1.3834165,1.3834165,0
PboaYD5hlG8$_$7,0.0,0.29544535,0.29544535,0.29544535,1
PboaYD5hlG8$_$9,0.0,0.022041738,0.022041738,0.022041738,1
PboaYD5hlG8$_$8,-1.3333334,0.107149385,1.4404827,1.4404827,0
Pt-D0LUHDSc$_$2,0.33333334,1.0537161,0.7203827,0.7203827,2
PwapK9d8IGk$_$4,0.0,0.0049310517,0.0049310517,0.0049310517,1
PyQrAYl1bFs$_$0,1.0,1.1355653,0.13556528,0.13556528,2
PyQrAYl1bFs$_$3,2.0,0.5871288,-1.4128711,1.4128711,2
PyQrAYl1bFs$_$4,0.16666667,0.09230718,-0.07435949,0.07435949,2
Q4WzApjaCNI$_$0,0.6666667,0.3918523,-0.2748144,0.2748144,2
Q7S0tX4FUNA$_$4,0.6666667,0.54865146,-0.11801523,0.11801523,2
Q7S0tX4FUNA$_$7,0.6666667,0.744075,0.077408314,0.077408314,2
Q7S0tX4FUNA$_$8,-0.6666667,0.43607315,1.1027398,1.1027398,0
Qa6Yz62V-Yc$_$0,0.6666667,0.5431726,-0.12349409,0.12349409,2
QjcQx8_PQfw$_$10,1.0,0.7136077,-0.28639227,0.28639227,2
QjcQx8_PQfw$_$7,-0.33333334,0.050104916,0.38343826,0.38343826,0
QpchvHpGFc8$_$3,0.6666667,-0.43769026,-1.104357,1.104357,2
RArhIHk4Qs4$_$13,0.33333334,-0.29668024,-0.6300136,0.6300136,2
RArhIHk4Qs4$_$17,0.0,-0.5883491,-0.5883491,0.5883491,1
RArhIHk4Qs4$_$16,0.33333334,-0.015628198,-0.34896153,0.34896153,2
RArhIHk4Qs4$_$19,0.33333334,-0.011113475,-0.3444468,0.3444468,2
RArhIHk4Qs4$_$1,0.0,0.25377104,0.25377104,0.25377104,1
RArhIHk4Qs4$_$2,0.33333334,0.28775483,-0.04557851,0.04557851,2
RArhIHk4Qs4$_$7,0.33333334,0.31873903,-0.0145943165,0.0145943165,2
RArhIHk4Qs4$_$6,0.33333334,-0.14875348,-0.48208684,0.48208684,2
RArhIHk4Qs4$_$8,0.0,-0.39017868,-0.39017868,0.39017868,1
RArhIHk4Qs4$_$21,0.0,0.62258273,0.62258273,0.62258273,1
ROcTx5VEn7o$_$11,0.0,0.34104815,0.34104815,0.34104815,1
ROcTx5VEn7o$_$1,0.33333334,0.43174744,0.09841409,0.09841409,2
ROcTx5VEn7o$_$5,-0.33333334,-0.29410014,0.039233208,0.039233208,0
ROcTx5VEn7o$_$9,0.0,0.3483112,0.3483112,0.3483112,1
RrGpzInAwCg$_$0,0.6666667,0.9673414,0.30067474,0.30067474,2
RzOFxDk26p0$_$1,1.3333334,1.0103251,-0.3230083,0.3230083,2
RzOFxDk26p0$_$0,1.3333334,0.7861641,-0.54716927,0.54716927,2
SHa756SwGJQ$_$0,0.33333334,0.44650778,0.11317444,0.11317444,2
SHa756SwGJQ$_$2,0.0,0.314488,0.314488,0.314488,1
SHa756SwGJQ$_$4,-1.0,0.31843236,1.3184323,1.3184323,0
SHa756SwGJQ$_$7,0.33333334,-0.52578807,-0.85912144,0.85912144,2
SHa756SwGJQ$_$6,0.0,0.110256545,0.110256545,0.110256545,1
TH32jop4FiI$_$15,0.33333334,-0.2103299,-0.54366326,0.54366326,2
TH32jop4FiI$_$17,1.0,0.43140897,-0.568591,0.568591,2
TWszOxkOV0w$_$1,-2.3333333,0.37645915,2.7097924,2.7097924,0
TXCXFYIc3Yo$_$16,2.0,0.09460693,-1.9053931,1.9053931,2
TXCXFYIc3Yo$_$2,0.6666667,0.3413233,-0.3253434,0.3253434,2
TXCXFYIc3Yo$_$7,1.3333334,-0.3299124,-1.6632458,1.6632458,2
TXCXFYIc3Yo$_$6,1.3333334,-0.9302912,-2.2636247,2.2636247,2
TYJzg5IJN8o$_$11,-0.33333334,0.15576622,0.48909956,0.48909956,0
TYJzg5IJN8o$_$10,-0.33333334,0.33517912,0.66851246,0.66851246,0
TYJzg5IJN8o$_$14,1.0,0.8538308,-0.14616919,0.14616919,2
TYJzg5IJN8o$_$0,1.3333334,1.0537695,-0.2795639,0.2795639,2
TYJzg5IJN8o$_$4,0.33333334,0.8170435,0.48371014,0.48371014,2
TYJzg5IJN8o$_$7,0.0,0.20498963,0.20498963,0.20498963,1
Uc_6d-fkZEc$_$3,0.0,1.0402576,1.0402576,1.0402576,1
UlTJmndbGHM$_$1,1.6666666,0.977211,-0.6894556,0.6894556,2
UlTJmndbGHM$_$4,-1.0,-0.24931848,0.7506815,0.7506815,0
VbV9S4svrTg$_$13,0.0,0.8450063,0.8450063,0.8450063,1
VbV9S4svrTg$_$3,1.3333334,0.23784848,-1.0954849,1.0954849,2
VbV9S4svrTg$_$7,1.0,0.89330584,-0.10669416,0.10669416,2
VbV9S4svrTg$_$8,0.6666667,0.57980114,-0.086865544,0.086865544,2
VinxKpWioTo$_$1,1.0,1.2199675,0.21996748,0.21996748,2
VinxKpWioTo$_$0,0.0,0.9674284,0.9674284,0.9674284,1
VinxKpWioTo$_$3,0.33333334,0.6607501,0.32741675,0.32741675,2
VinxKpWioTo$_$5,0.6666667,1.1293306,0.46266395,0.46266395,2
ViyQVpGW05w$_$1,1.6666666,0.99910545,-0.6675612,0.6675612,2
ViyQVpGW05w$_$4,0.0,0.27898157,0.27898157,0.27898157,1
ViyQVpGW05w$_$6,-0.33333334,0.2778013,0.61113465,0.61113465,0
Vuay0mVKkik$_$3,-2.0,0.43933988,2.4393399,2.4393399,0
WmQF5RmbsVQ$_$6,0.0,0.5316605,0.5316605,0.5316605,1
Wrcf2xtqbkQ$_$9,0.0,-0.085173,-0.085173,0.085173,1
Wrcf2xtqbkQ$_$8,-0.33333334,0.050024997,0.38335833,0.38335833,0
WxajvjGKz7Y$_$0,0.6666667,0.54549366,-0.121173024,0.121173024,2
WxajvjGKz7Y$_$3,0.0,0.06311621,0.06311621,0.06311621,1
WxajvjGKz7Y$_$6,0.0,0.32588372,0.32588372,0.32588372,1
XIGpuL-Kkyk$_$12,2.0,0.27367282,-1.7263272,1.7263272,2
XIGpuL-Kkyk$_$0,0.0,0.6441055,0.6441055,0.6441055,1
XIGpuL-Kkyk$_$4,1.0,1.2035108,0.20351076,0.20351076,2
XIGpuL-Kkyk$_$7,0.0,0.6289694,0.6289694,0.6289694,1
XaVYxIW0FDg$_$2,0.33333334,0.24861349,-0.08471985,0.08471985,2
XyP8bVmGX6M$_$4,0.6666667,1.1593951,0.4927284,0.4927284,2
XzVapdEr_GY$_$3,1.3333334,0.58254224,-0.75079113,0.75079113,2
XzVapdEr_GY$_$4,2.3333333,1.0365547,-1.2967786,1.2967786,2
Y7h-S3cJ52o$_$0,0.0,0.58593524,0.58593524,0.58593524,1
Y7qkyMyanjU$_$2,0.0,0.23619938,0.23619938,0.23619938,1
Y7qkyMyanjU$_$4,0.6666667,0.69322413,0.026557446,0.026557446,2
YbuG8xyUO-o$_$3,0.0,0.34524974,0.34524974,0.34524974,1
YbuG8xyUO-o$_$2,0.6666667,0.62336475,-0.04330194,0.04330194,2
Z7L3V5bwzI0$_$2,2.3333333,0.6930477,-1.6402855,1.6402855,2
ZaoFHcbRM9g$_$3,1.6666666,-0.07590049,-1.7425671,1.7425671,2
ZaoFHcbRM9g$_$2,0.0,-0.6047924,-0.6047924,0.6047924,1
ZaoFHcbRM9g$_$5,0.33333334,0.33745894,0.004125595,0.004125595,2
ZaoFHcbRM9g$_$9,-1.3333334,0.11299527,1.4463286,1.4463286,0
ZaoFHcbRM9g$_$8,-1.0,-0.53905773,0.46094227,0.46094227,0
Zvisaa77Cng$_$1,-0.6666667,0.21838398,0.88505065,0.88505065,0
Zvisaa77Cng$_$5,0.6666667,-0.2997321,-0.9663988,0.9663988,2
_7HVhnSYX1Y$_$26,0.0,0.9223282,0.9223282,0.9223282,1
_7HVhnSYX1Y$_$12,0.0,0.8391512,0.8391512,0.8391512,1
_7HVhnSYX1Y$_$14,0.33333334,0.4434987,0.11016536,0.11016536,2
_7HVhnSYX1Y$_$19,0.6666667,0.112903714,-0.553763,0.553763,2
_7HVhnSYX1Y$_$31,0.6666667,0.8517658,0.18509912,0.18509912,2
_7HVhnSYX1Y$_$3,0.6666667,0.4177064,-0.24896029,0.24896029,2
_BvNNdEkhZA$_$14,-0.6666667,0.19782835,0.86449504,0.86449504,0
_BvNNdEkhZA$_$19,0.6666667,0.28460315,-0.38206354,0.38206354,2
_BvNNdEkhZA$_$7,1.0,0.32696053,-0.67303944,0.67303944,2
_BvNNdEkhZA$_$6,0.0,0.12769048,0.12769048,0.12769048,1
_BvNNdEkhZA$_$9,0.33333334,0.20073666,-0.13259669,0.13259669,2
_aZDaIfGfPo$_$1,0.6666667,0.7297594,0.06309271,0.06309271,2
_aZDaIfGfPo$_$0,1.3333334,1.1855885,-0.1477449,0.1477449,2
_gr7o5ynhnw$_$13,0.33333334,0.6053921,0.27205876,0.27205876,2
_gr7o5ynhnw$_$12,0.6666667,0.7808264,0.1141597,0.1141597,2
_gr7o5ynhnw$_$15,1.6666666,0.78767735,-0.8789893,0.8789893,2
_gzYkdjNvPc$_$12,1.3333334,0.40916106,-0.9241723,0.9241723,2
_gzYkdjNvPc$_$17,-1.3333334,-0.74350196,0.5898314,0.5898314,0
_gzYkdjNvPc$_$1,-0.33333334,0.25243562,0.58576894,0.58576894,0
_gzYkdjNvPc$_$3,0.0,0.21869683,0.21869683,0.21869683,1
_gzYkdjNvPc$_$2,-0.6666667,-0.0005437334,0.666123,0.666123,0
_gzYkdjNvPc$_$5,0.6666667,0.14263073,-0.52403593,0.52403593,2
_gzYkdjNvPc$_$4,0.0,0.26531088,0.26531088,0.26531088,1
_gzYkdjNvPc$_$6,-0.33333334,-0.45834708,-0.12501374,0.12501374,0
_gzYkdjNvPc$_$9,0.33333334,-0.20523293,-0.5385663,0.5385663,2
a-WihYDk6vc$_$8,0.6666667,0.83638495,0.16971827,0.16971827,2
a-WihYDk6vc$_$0,0.33333334,0.6413311,0.30799773,0.30799773,2
aFhc2ddipoM$_$14,1.0,0.678135,-0.32186502,0.32186502,2
aK5tRCXjUvU$_$0,2.0,0.9273801,-1.0726199,1.0726199,2
b-FX9NOVQOM$_$1,-1.0,0.028568938,1.028569,1.028569,0
b-FX9NOVQOM$_$4,-1.3333334,-0.21903174,1.1143017,1.1143017,0
b1LEcg6z66g$_$0,-0.6666667,0.6013958,1.2680625,1.2680625,0
b1LEcg6z66g$_$4,0.6666667,0.41647992,-0.25018677,0.25018677,2
b1LEcg6z66g$_$8,-1.0,0.015272632,1.0152726,1.0152726,0
bAkUEnPoucg$_$3,1.6666666,0.42221245,-1.2444541,1.2444541,2
bNQkb4K5DX0$_$3,0.33333334,-0.15278459,-0.48611793,0.48611793,2
bNQkb4K5DX0$_$7,2.3333333,0.9657264,-1.3676069,1.3676069,2
bWunvAd96zI$_$1,-0.33333334,0.18768112,0.52101445,0.52101445,0
bWunvAd96zI$_$2,0.33333334,-0.20515426,-0.5384876,0.5384876,2
bWunvAd96zI$_$5,0.0,0.043391626,0.043391626,0.043391626,1
bWunvAd96zI$_$4,0.0,0.62402564,0.62402564,0.62402564,1
bj9e8w4vNxo$_$12,0.0,-0.031160431,-0.031160431,0.031160431,1
bpvYdXVlgvc$_$1,0.0,0.24567378,0.24567378,0.24567378,1
bpvYdXVlgvc$_$3,-1.3333334,-0.14079785,1.1925355,1.1925355,0
bpvYdXVlgvc$_$4,-1.6666666,-0.84467506,0.82199156,0.82199156,0
bpvYdXVlgvc$_$6,-2.0,-0.583172,1.4168279,1.4168279,0
c1a1y9ytHH0$_$0,0.33333334,0.3071191,-0.026214242,0.026214242,2
c1a1y9ytHH0$_$3,0.0,0.25374374,0.25374374,0.25374374,1
c1a1y9ytHH0$_$7,0.0,0.7281607,0.7281607,0.7281607,1
c5cB7AfVgcE$_$12,1.3333334,0.2899348,-1.0433986,1.0433986,2
c5cB7AfVgcE$_$5,-0.6666667,-0.120304346,0.54636234,0.54636234,0
d8BR6hsvzoY$_$1,0.6666667,0.11474315,-0.5519235,0.5519235,2
d8BR6hsvzoY$_$0,0.0,0.5149015,0.5149015,0.5149015,1
d8BR6hsvzoY$_$2,0.0,0.2868577,0.2868577,0.2868577,1
d8BR6hsvzoY$_$5,0.0,0.23263216,0.23263216,0.23263216,1
d8BR6hsvzoY$_$6,0.33333334,0.18911366,-0.14421968,0.14421968,2
d8BR6hsvzoY$_$9,0.0,0.30306855,0.30306855,0.30306855,1
d8BR6hsvzoY$_$8,0.33333334,-0.21531798,-0.54865134,0.54865134,2
dBWvtPeHpWM$_$4,0.6666667,0.53099626,-0.13567042,0.13567042,2
dEDbm2ubVRQ$_$0,-0.33333334,0.2059772,0.5393106,0.5393106,0
dEDbm2ubVRQ$_$3,0.33333334,0.31785154,-0.0154818,0.0154818,2
dEDbm2ubVRQ$_$8,0.33333334,0.7069773,0.37364396,0.37364396,2
dt641WxonBI$_$1,0.33333334,0.7856553,0.45232198,0.45232198,2
dt641WxonBI$_$3,0.6666667,0.37533355,-0.29133314,0.29133314,2
eOiC1kb17P4$_$0,1.3333334,-0.025891244,-1.3592246,1.3592246,2
erNDEjQeox8$_$12,2.0,0.014162131,-1.9858378,1.9858378,2
ewBrNsyY82Q$_$4,0.0,0.37055853,0.37055853,0.37055853,1
fWOIAxzBQFY$_$12,0.0,0.8538205,0.8538205,0.8538205,1
fWOIAxzBQFY$_$5,1.3333334,0.7859163,-0.54741704,0.54741704,2
fWOIAxzBQFY$_$7,0.0,0.6819449,0.6819449,0.6819449,1
f_ZJ7L14oYQ$_$11,1.3333334,0.30706236,-1.026271,1.026271,2
f_ZJ7L14oYQ$_$27,1.6666666,-0.91304284,-2.5797095,2.5797095,2
f_ZJ7L14oYQ$_$21,2.0,-0.624528,-2.624528,2.624528,2
f_ZJ7L14oYQ$_$17,-0.6666667,-0.06370569,0.602961,0.602961,0
f_ZJ7L14oYQ$_$9,0.0,-0.13222302,-0.13222302,0.13222302,1
f_ZJ7L14oYQ$_$8,0.6666667,0.029688248,-0.63697845,0.63697845,2
ffrJ91swyq0$_$1,0.6666667,0.5100041,-0.15666258,0.15666258,2
g8Cl74tS3oY$_$2,-0.6666667,-0.7263734,-0.059706688,0.059706688,0
g8Cl74tS3oY$_$6,0.6666667,0.44780818,-0.21885851,0.21885851,2
gR4gM_WXesQ$_$10,0.33333334,0.23665707,-0.096676275,0.096676275,2
gR4gM_WXesQ$_$26,0.0,0.022602104,0.022602104,0.022602104,1
gR4gM_WXesQ$_$20,-1.3333334,-0.06979983,1.2635336,1.2635336,0
gR4gM_WXesQ$_$24,-0.33333334,-0.056646332,0.27668703,0.27668703,0
gR4gM_WXesQ$_$18,0.6666667,-0.36892128,-1.035588,1.035588,2
gR4gM_WXesQ$_$3,0.33333334,0.012430295,-0.32090306,0.32090306,2
gR4gM_WXesQ$_$4,1.6666666,0.85122365,-0.815443,0.815443,2
gR4gM_WXesQ$_$8,0.6666667,0.23552428,-0.4311424,0.4311424,2
gVqs4TzqySw$_$1,0.33333334,0.25948685,-0.07384649,0.07384649,2
gVqs4TzqySw$_$3,0.0,0.43230155,0.43230155,0.43230155,1
gVqs4TzqySw$_$2,0.0,0.3543172,0.3543172,0.3543172,1
gVqs4TzqySw$_$4,0.0,0.014556304,0.014556304,0.014556304,1
goMtnNHQ_z4$_$1,0.0,0.3363224,0.3363224,0.3363224,1
goMtnNHQ_z4$_$2,1.6666666,1.2018232,-0.4648434,0.4648434,2
goMtnNHQ_z4$_$13,1.0,0.9548249,-0.045175076,0.045175076,2
goMtnNHQ_z4$_$12,-0.33333334,0.89852,1.2318534,1.2318534,0
hqzF4IDaIYE$_$0,-1.3333334,0.0028261046,1.3361595,1.3361595,0
hqzF4IDaIYE$_$3,1.0,0.29970464,-0.7002953,0.7002953,2
hqzF4IDaIYE$_$2,0.6666667,0.41703168,-0.24963501,0.24963501,2
hqzF4IDaIYE$_$4,0.33333334,-0.02700057,-0.36033392,0.36033392,2
hqzF4IDaIYE$_$6,-0.6666667,0.14689554,0.8135622,0.8135622,0
hvfaYsv7p8E$_$0,-0.6666667,-0.36495247,0.3017142,0.3017142,0
iUXqlrui25c$_$10,-0.6666667,0.40125346,1.0679202,1.0679202,0
iUXqlrui25c$_$21,-0.6666667,0.16225229,0.828919,0.828919,0
iUXqlrui25c$_$23,0.0,-0.06150436,-0.06150436,0.06150436,1
icbUzboLcDQ$_$0,-0.6666667,0.74484116,1.4115078,1.4115078,0
ioupaiAuRr0$_$5,0.0,0.27009,0.27009,0.27009,1
ioupaiAuRr0$_$4,0.0,-0.22913347,-0.22913347,0.22913347,1
jICmfLeFymA$_$16,1.6666666,1.1551241,-0.51154256,0.51154256,2
jPrEKz1rAno$_$11,0.6666667,0.48616943,-0.18049726,0.18049726,2
jPrEKz1rAno$_$7,0.0,0.06933915,0.06933915,0.06933915,1
jPrEKz1rAno$_$6,0.33333334,-0.05367135,-0.3870047,0.3870047,2
k5ZOshC2LP4$_$1,-1.3333334,0.2953042,1.6286376,1.6286376,0
kbGhEJ4W44o$_$0,1.3333334,0.5168786,-0.81645477,0.81645477,2
kfsO4c0Ekes$_$7,0.6666667,0.6988571,0.032190442,0.032190442,2
kvUb78Rdzdc$_$3,1.0,0.38001695,-0.6199831,0.6199831,2
lO87-4Kf0cQ$_$2,0.0,0.1650257,0.1650257,0.1650257,1
lO87-4Kf0cQ$_$5,0.33333334,0.05435759,-0.27897575,0.27897575,2
lWf5hHRHIDs$_$11,1.0,0.9151899,-0.08481008,0.08481008,2
lawHYX5eB20$_$1,-1.0,-0.21541367,0.7845863,0.7845863,0
lawHYX5eB20$_$2,0.6666667,0.5107166,-0.15595007,0.15595007,2
mHGaQ_nv9UY$_$13,1.3333334,-0.33875212,-1.6720855,1.6720855,2
mHGaQ_nv9UY$_$14,-0.33333334,-0.014294848,0.3190385,0.3190385,0
mHGaQ_nv9UY$_$17,0.0,0.31584588,0.31584588,0.31584588,1
mHGaQ_nv9UY$_$22,-0.33333334,-1.1246463,-0.79131293,0.79131293,0
mHGaQ_nv9UY$_$5,0.0,0.25401497,0.25401497,0.25401497,1
mHGaQ_nv9UY$_$4,-1.6666666,0.17655902,1.8432256,1.8432256,0
mLW-jn67gRE$_$20,1.3333334,0.7867932,-0.5465402,0.5465402,2
mLW-jn67gRE$_$17,0.6666667,0.7570035,0.0903368,0.0903368,2
mLW-jn67gRE$_$1,-0.6666667,-0.18954806,0.4771186,0.4771186,0
mLW-jn67gRE$_$3,0.0,0.16353908,0.16353908,0.16353908,1
mLW-jn67gRE$_$5,0.0,0.53973365,0.53973365,0.53973365,1
mLW-jn67gRE$_$6,-0.33333334,-0.24071789,0.092615455,0.092615455,0
mLW-jn67gRE$_$9,0.0,0.12512426,0.12512426,0.12512426,1
mjpCK2Edsv8$_$0,2.0,0.68723696,-1.312763,1.312763,2
nUZYqTRSGDw$_$4,-0.6666667,0.42442584,1.0910926,1.0910926,0
nyzIL6YAonY$_$5,1.0,0.85834044,-0.14165956,0.14165956,2
nyzIL6YAonY$_$6,1.0,0.8540762,-0.1459238,0.1459238,2
ooAF6I-fmTg$_$3,0.0,-0.8719068,-0.8719068,0.8719068,1
ooAF6I-fmTg$_$5,-0.33333334,-0.11200002,0.22133332,0.22133332,0
ooAF6I-fmTg$_$7,-2.0,-0.36123934,1.6387607,1.6387607,0
pOrk7fl1AYo$_$1,0.0,-0.052184153,-0.052184153,0.052184153,1
pOrk7fl1AYo$_$3,0.33333334,0.21752842,-0.115804926,0.115804926,2
pOrk7fl1AYo$_$2,0.0,-0.583929,-0.583929,0.583929,1
pOrk7fl1AYo$_$4,-0.6666667,0.068382815,0.7350495,0.7350495,0
q9yDL81QppI$_$1,1.0,0.63432133,-0.36567867,0.36567867,2
q9yDL81QppI$_$0,-0.33333334,0.5465258,0.8798591,0.8798591,0
q9yDL81QppI$_$2,0.0,0.58801585,0.58801585,0.58801585,1
qK77ZmbqmOM$_$9,-0.33333334,-0.08855211,0.24478123,0.24478123,0
qK77ZmbqmOM$_$0,-0.33333334,0.23600562,0.569339,0.569339,0
qY1sXq-YCHs$_$8,-0.33333334,-0.059798617,0.27353472,0.27353472,0
qmMSumMloAs$_$1,2.3333333,0.021763667,-2.3115697,2.3115697,2
qmMSumMloAs$_$3,1.0,0.7400057,-0.25999433,0.25999433,2
qmMSumMloAs$_$2,2.6666667,-0.05286212,-2.719529,2.719529,2
r13W4H8ZhqI$_$12,1.0,0.3690394,-0.6309606,0.6309606,2
r13W4H8ZhqI$_$1,0.0,-0.030151935,-0.030151935,0.030151935,1
r13W4H8ZhqI$_$5,1.0,-0.018722447,-1.0187224,1.0187224,2
r13W4H8ZhqI$_$8,0.6666667,0.098681174,-0.56798553,0.56798553,2
r5ijC2W9ddk$_$8,0.33333334,0.76401454,0.4306812,0.4306812,2
r5ijC2W9ddk$_$0,0.0,0.07039875,0.07039875,0.07039875,1
r9tgDqXEcuc$_$4,0.33333334,0.12629174,-0.2070416,0.2070416,2
rf0yDSeVEUA$_$1,1.6666666,1.0452789,-0.6213877,0.6213877,2
rf0yDSeVEUA$_$0,2.3333333,1.3456188,-0.9877144,0.9877144,2
rf0yDSeVEUA$_$3,0.33333334,0.83903915,0.50570583,0.50570583,2
rojyUp4FPSg$_$26,1.0,0.77514166,-0.22485834,0.22485834,2
rojyUp4FPSg$_$20,1.3333334,0.118160725,-1.2151726,1.2151726,2
rojyUp4FPSg$_$21,1.3333334,0.80857605,-0.5247573,0.5247573,2
rojyUp4FPSg$_$23,2.3333333,0.3815854,-1.9517479,1.9517479,2
rojyUp4FPSg$_$5,0.6666667,0.58970934,-0.076957345,0.076957345,2
rojyUp4FPSg$_$7,0.33333334,0.4925566,0.15922326,0.15922326,2
rojyUp4FPSg$_$9,2.0,0.30420822,-1.6957917,1.6957917,2
rojyUp4FPSg$_$10,1.3333334,0.824279,-0.50905436,0.50905436,2
rojyUp4FPSg$_$12,0.6666667,0.31391585,-0.35275084,0.35275084,2
rojyUp4FPSg$_$16,0.6666667,-0.29787102,-0.96453774,0.96453774,2
rojyUp4FPSg$_$18,2.5,0.64053714,-1.8594629,1.8594629,2
rojyUp4FPSg$_$37,1.5,0.85176843,-0.64823157,0.64823157,2
rojyUp4FPSg$_$36,0.6666667,0.6692113,0.0025446415,0.0025446415,2
rojyUp4FPSg$_$34,2.0,0.8086934,-1.1913066,1.1913066,2
rojyUp4FPSg$_$32,0.33333334,0.6686608,0.33532748,0.33532748,2
rwNlqh0k1j4$_$15,-0.6666667,0.4849204,1.1515871,1.1515871,0
rwNlqh0k1j4$_$3,-0.6666667,-0.42417613,0.24249056,0.24249056,0
rwNlqh0k1j4$_$2,0.0,-0.092598,-0.092598,0.092598,1
rwNlqh0k1j4$_$7,-0.33333334,-0.16184841,0.17148493,0.17148493,0
sC16n1k66io$_$2,1.6666666,-0.005406181,-1.6720728,1.6720728,2
sC16n1k66io$_$16,0.33333334,0.0039267913,-0.32940656,0.32940656,2
sPremsknoLM$_$1,-0.33333334,-0.18705137,0.14628197,0.14628197,0
ssqiwP19JhM$_$10,0.0,0.104455315,0.104455315,0.104455315,1
ssqiwP19JhM$_$2,0.33333334,0.82689553,0.4935622,0.4935622,2
szic2IB9HB4$_$5,0.33333334,-0.10718298,-0.44051632,0.44051632,2
tQ-CIfgj-Js$_$3,0.0,0.005290722,0.005290722,0.005290722,1
tXQpm-nKxNA$_$5,1.6666666,1.2280806,-0.438586,0.438586,2
tXQpm-nKxNA$_$7,1.6666666,1.065405,-0.6012616,0.6012616,2
uacdDoBtT1k$_$0,-1.3333334,-0.84706575,0.48626763,0.48626763,0
uacdDoBtT1k$_$6,-0.6666667,-0.75642866,-0.08976197,0.08976197,0
unNY4zIk8MM$_$1,1.6666666,1.0713845,-0.5952821,0.5952821,2
unNY4zIk8MM$_$3,0.6666667,0.27161428,-0.3950524,0.3950524,2
unNY4zIk8MM$_$5,1.0,1.0640788,0.06407881,0.06407881,2
unNY4zIk8MM$_$8,0.0,0.17705433,0.17705433,0.17705433,1
uooIiW6dEyg$_$1,-0.33333334,0.30817786,0.6415112,0.6415112,0
uooIiW6dEyg$_$5,0.0,0.5702161,0.5702161,0.5702161,1
v2Rr-EsJda8$_$0,-0.33333334,0.071035005,0.40436834,0.40436834,0
v2Rr-EsJda8$_$6,0.6666667,0.3275138,-0.33915287,0.33915287,2
v9gjg7TDlTA$_$0,0.33333334,-0.31216875,-0.6455021,0.6455021,2
v9gjg7TDlTA$_$4,-0.6666667,-0.70725197,-0.04058528,0.04058528,0
vHzbn_YW76s$_$3,-1.0,-0.20302796,0.79697204,0.79697204,0
vU0a4F36Ksw$_$13,0.6666667,1.0673417,0.400675,0.400675,2
vU0a4F36Ksw$_$12,0.33333334,1.1403836,0.8070502,0.8070502,2
vU0a4F36Ksw$_$17,1.0,0.45121875,-0.5487813,0.5487813,2
vU0a4F36Ksw$_$0,1.3333334,0.92328095,-0.41005242,0.41005242,2
vU0a4F36Ksw$_$3,1.0,0.58134574,-0.41865426,0.41865426,2
vU0a4F36Ksw$_$5,1.0,0.44540963,-0.55459034,0.55459034,2
vU0a4F36Ksw$_$7,0.6666667,0.28412506,-0.38254163,0.38254163,2
vU0a4F36Ksw$_$20,1.6666666,0.39472857,-1.2719381,1.2719381,2
vbr3EA8cJTI$_$0,1.3333334,1.1190678,-0.21426558,0.21426558,2
vbr3EA8cJTI$_$2,1.6666666,0.7326977,-0.9339689,0.9339689,2
vbr3EA8cJTI$_$7,0.0,0.38707456,0.38707456,0.38707456,1
vbr3EA8cJTI$_$6,1.0,1.1540781,0.15407813,0.15407813,2
wF8980oGklk$_$24,0.6666667,0.12557457,-0.5410921,0.5410921,2
wF8980oGklk$_$25,1.6666666,0.102603436,-1.5640632,1.5640632,2
wF8980oGklk$_$1,0.0,0.76736665,0.76736665,0.76736665,1
wF8980oGklk$_$0,0.0,0.7039067,0.7039067,0.7039067,1
wF8980oGklk$_$3,-0.33333334,0.16470166,0.498035,0.498035,0
wF8980oGklk$_$2,-0.33333334,-0.67596,-0.34262666,0.34262666,0
wF8980oGklk$_$6,0.0,0.08881789,0.08881789,0.08881789,1
wF8980oGklk$_$17,0.6666667,0.54132587,-0.12534082,0.12534082,2
wosolsrH3sM$_$6,0.33333334,-0.11652273,-0.44985607,0.44985607,2
x-zGBp7axao$_$3,1.6666666,0.28208497,-1.3845817,1.3845817,2
x2lOwQaAn4g$_$4,0.0,1.1818873,1.1818873,1.1818873,1
xUgAP84vsg4$_$15,2.0,0.8852029,-1.1147971,1.1147971,2
xUgAP84vsg4$_$4,2.3333333,1.1701728,-1.1631604,1.1631604,2
xUgAP84vsg4$_$8,1.3333334,0.6329784,-0.700355,0.700355,2
xivYoEUQ5sk$_$5,2.6666667,0.27130845,-2.3953583,2.3953583,2
xivYoEUQ5sk$_$4,2.3333333,0.52235264,-1.8109806,1.8109806,2
xjsaS-LeZ14$_$20,0.33333334,0.26833194,-0.0650014,0.0650014,2
xjsaS-LeZ14$_$14,1.0,0.5658301,-0.4341699,0.4341699,2
xjsaS-LeZ14$_$6,2.0,0.19788297,-1.802117,1.802117,2
y8HXGm1-Ecw$_$7,-0.6666667,0.28631216,0.95297885,0.95297885,0
y9FyTEyGy5Y$_$1,0.6666667,0.7936811,0.1270144,0.1270144,2
zhE_68GMJIk$_$8,0.0,0.2320642,0.2320642,0.2320642,1
zhE_68GMJIk$_$5,1.3333334,-0.25386357,-1.587197,1.587197,2
zjYEBwXGD8I$_$13,-0.33333334,-0.09511709,0.23821625,0.23821625,0
zjYEBwXGD8I$_$15,0.33333334,-0.25350353,-0.5868369,0.5868369,2
zjYEBwXGD8I$_$0,0.0,0.84052247,0.84052247,0.84052247,1
zjYEBwXGD8I$_$2,1.0,0.38822374,-0.61177623,0.61177623,2
zjYEBwXGD8I$_$4,0.0,0.010179584,0.010179584,0.010179584,1
zjYEBwXGD8I$_$9,0.33333334,0.56987303,0.23653969,0.23653969,2
zk2jTlAtvSU$_$3,0.0,0.13264407,0.13264407,0.13264407,1
